{"strategy":{"GKD_FisherTransformV4_ML":{"trades":[{"pair":"ETH/USDT:USDT","stake_amount":13.19635417,"max_stake_amount":13.19635417,"amount":0.013,"open_date":"2025-07-01 13:00:00+00:00","close_date":"2025-07-01 23:00:00+00:00","open_rate":2436.25,"close_rate":2383.429305416667,"fee_open":0.0005,"fee_close":0.0005,"trade_duration":600,"profit_ratio":0.04965149397132162,"profit_abs":0.65489109,"exit_reason":"trailing_stop_loss","initial_stop_loss_abs":3451.3541666666665,"initial_stop_loss_ratio":-1.0,"stop_loss_abs":2383.429305416667,"stop_loss_ratio":-0.0001,"min_rate":2383.33,"max_rate":2455.3,"is_open":false,"enter_tag":"fisher_short_ml","leverage":2.4000000000000004,"is_short":true,"open_timestamp":1751374800000,"close_timestamp":1751410800000,"orders":[{"amount":0.013,"safe_price":2436.25,"ft_order_side":"sell","order_filled_timestamp":1751374800000,"ft_is_entry":true,"ft_order_tag":"fisher_short_ml","cost":31.687085624999995},{"amount":0.013,"safe_price":2383.429305416667,"ft_order_side":"buy","order_filled_timestamp":1751410800000,"ft_is_entry":false,"ft_order_tag":"trailing_stop_loss","cost":31.000073260901875}],"funding_fees":-0.0004500241096,"weekday":1},{"pair":"SOL/USDT:USDT","stake_amount":37.529625,"max_stake_amount":37.529625,"amount":0.61,"open_date":"2025-07-01 11:00:00+00:00","close_date":"2025-07-02 15:00:00+00:00","open_rate":147.65754098360657,"close_rate":151.553685,"fee_open":0.0005,"fee_close":0.0005,"trade_duration":1680,"profit_ratio":0.06128066746643799,"profit_abs":2.30099039,"exit_reason":"trailing_stop_loss","initial_stop_loss_abs":86.84083333333334,"initial_stop_loss_ratio":-1.0,"stop_loss_abs":151.553685,"stop_loss_ratio":-0.0001,"min_rate":144.67,"max_rate":151.56,"is_open":false,"enter_tag":"fisher_long_ml","leverage":2.4000000000000004,"is_short":false,"open_timestamp":1751367600000,"close_timestamp":1751468400000,"orders":[{"amount":0.18,"safe_price":148.87,"ft_order_side":"buy","order_filled_timestamp":1751367600000,"ft_is_entry":true,"ft_order_tag":"fisher_long_ml","cost":26.8099983},{"amount":0.43,"safe_price":147.15,"ft_order_side":"buy","order_filled_timestamp":1751382000000,"ft_is_entry":true,"ft_order_tag":"fisher_long_ml","cost":63.30613725},{"amount":0.61,"safe_price":151.553685,"ft_order_side":"sell","order_filled_timestamp":1751468400000,"ft_is_entry":false,"ft_order_tag":"trailing_stop_loss","cost":92.493971723925}],"funding_fees":0.015601960926368463,"weekday":2},{"pair":"SOL/USDT:USDT","stake_amount":13.3164,"max_stake_amount":13.3164,"amount":0.27,"open_date":"2025-07-06 07:00:00+00:00","close_date":"2025-07-06 13:00:00+00:00","open_rate":147.96,"close_rate":152.02493233333334,"fee_open":0.0005,"fee_close":0.0005,"trade_duration":360,"profit_ratio":0.07956454622407938,"profit_abs":1.06004308,"exit_reason":"trailing_stop_loss","initial_stop_loss_abs":98.64000000000001,"initial_stop_loss_ratio":-1.0,"stop_loss_abs":152.02493233333334,"stop_loss_ratio":-0.0001,"min_rate":146.66,"max_rate":152.03,"is_open":false,"enter_tag":"fisher_long_ml","leverage":3.0,"is_short":false,"open_timestamp":1751785200000,"close_timestamp":1751806800000,"orders":[{"amount":0.27,"safe_price":147.96,"ft_order_side":"buy","order_filled_timestamp":1751785200000,"ft_is_entry":true,"ft_order_tag":"fisher_long_ml","cost":39.9691746},{"amount":0.27,"safe_price":152.02493233333334,"ft_order_side":"sell","order_filled_timestamp":1751806800000,"ft_is_entry":false,"ft_order_tag":"trailing_stop_loss","cost":41.067255095865}],"funding_fees":0.0030093195600000002,"weekday":6},{"pair":"BTC/USDT:USDT","stake_amount":136.70695833,"max_stake_amount":136.70695833,"amount":0.003,"open_date":"2025-07-03 14:00:00+00:00","close_date":"2025-07-09 19:00:00+00:00","open_rate":109365.56666666667,"close_rate":112032.1318,"fee_open":0.0005,"fee_close":0.0005,"trade_duration":8940,"profit_ratio":0.054797440712652315,"profit_abs":7.49493704,"exit_reason":"trailing_stop_loss","initial_stop_loss_abs":64295.175,"initial_stop_loss_ratio":-1.0,"stop_loss_abs":112032.1318,"stop_loss_ratio":-0.0001,"min_rate":107200.0,"max_rate":112036.8,"is_open":false,"enter_tag":"fisher_long_ml","leverage":2.4000000000000004,"is_short":false,"open_timestamp":1751551200000,"close_timestamp":1752087600000,"orders":[{"amount":0.001,"safe_price":110220.3,"ft_order_side":"buy","order_filled_timestamp":1751551200000,"ft_is_entry":true,"ft_order_tag":"fisher_long_ml","cost":110.27541015},{"amount":0.002,"safe_price":108938.2,"ft_order_side":"buy","order_filled_timestamp":1751605200000,"ft_is_entry":true,"ft_order_tag":"","cost":217.98533819999997},{"amount":0.003,"safe_price":112032.1318,"ft_order_side":"sell","order_filled_timestamp":1752087600000,"ft_is_entry":false,"ft_order_tag":"trailing_stop_loss","cost":336.2644435977}],"funding_fees":-0.17266180986674948,"weekday":2},{"pair":"SOL/USDT:USDT","stake_amount":40.9075,"max_stake_amount":40.9075,"amount":0.53,"open_date":"2025-07-28 23:00:00+00:00","close_date":"2025-07-29 16:00:00+00:00","open_rate":185.24150943396228,"close_rate":178.1874241666667,"fee_open":0.0005,"fee_close":0.0005,"trade_duration":1020,"profit_ratio":0.08920536195494926,"profit_abs":3.64734376,"exit_reason":"trailing_stop_loss","initial_stop_loss_abs":260.07166666666666,"initial_stop_loss_ratio":-1.0,"stop_loss_abs":178.1874241666667,"stop_loss_ratio":-0.0001,"min_rate":178.18,"max_rate":186.5,"is_open":false,"enter_tag":"fisher_short_ml","leverage":2.4000000000000004,"is_short":true,"open_timestamp":1753743600000,"close_timestamp":1753804800000,"orders":[{"amount":0.16,"safe_price":183.58,"ft_order_side":"sell","order_filled_timestamp":1753743600000,"ft_is_entry":true,"ft_order_tag":"fisher_short_ml","cost":29.3874864},{"amount":0.37,"safe_price":185.96,"ft_order_side":"sell","order_filled_timestamp":1753776000000,"ft_is_entry":true,"ft_order_tag":"","cost":68.83960259999999},{"amount":0.53,"safe_price":178.1874241666667,"ft_order_side":"buy","order_filled_timestamp":1753804800000,"ft_is_entry":false,"ft_order_tag":"trailing_stop_loss","cost":94.4865544757375}],"funding_fees":0.004987234350677453,"weekday":1},{"pair":"BTC/USDT:USDT","stake_amount":49.02079167,"max_stake_amount":49.02079167,"amount":0.001,"open_date":"2025-07-28 18:00:00+00:00","close_date":"2025-07-30 19:00:00+00:00","open_rate":117649.9,"close_rate":115704.82083333335,"fee_open":0.0005,"fee_close":0.0005,"trade_duration":2940,"profit_ratio":0.03876254362043951,"profit_abs":1.89922049,"exit_reason":"trailing_stop_loss","initial_stop_loss_abs":166670.69166666665,"initial_stop_loss_ratio":-1.0,"stop_loss_abs":115704.82083333335,"stop_loss_ratio":-0.0001,"min_rate":115700.0,"max_rate":119258.7,"is_open":false,"enter_tag":"fisher_short_ml","leverage":2.4000000000000004,"is_short":true,"open_timestamp":1753725600000,"close_timestamp":1753902000000,"orders":[{"amount":0.001,"safe_price":117649.9,"ft_order_side":"sell","order_filled_timestamp":1753725600000,"ft_is_entry":true,"ft_order_tag":"fisher_short_ml","cost":117.70872494999999},{"amount":0.001,"safe_price":115704.82083333335,"ft_order_side":"buy","order_filled_timestamp":1753902000000,"ft_is_entry":false,"ft_order_tag":"trailing_stop_loss","cost":115.76267324375}],"funding_fees":0.07081868280466101,"weekday":2},{"pair":"ETH/USDT:USDT","stake_amount":38.07499167,"max_stake_amount":38.07499167,"amount":0.026,"open_date":"2025-08-02 00:00:00+00:00","close_date":"2025-08-02 18:00:00+00:00","open_rate":3514.6146153846153,"close_rate":3371.27046375,"fee_open":0.0005,"fee_close":0.0005,"trade_duration":1080,"profit_ratio":0.09582756232124569,"profit_abs":3.64680932,"exit_reason":"trailing_stop_loss","initial_stop_loss_abs":4939.0808333333325,"initial_stop_loss_ratio":-1.0,"stop_loss_abs":3371.27046375,"stop_loss_ratio":-0.0001,"min_rate":3371.13,"max_rate":3536.48,"is_open":false,"enter_tag":"fisher_short_ml","leverage":2.4000000000000004,"is_short":true,"open_timestamp":1754092800000,"close_timestamp":1754157600000,"orders":[{"amount":0.008,"safe_price":3486.41,"ft_order_side":"sell","order_filled_timestamp":1754092800000,"ft_is_entry":true,"ft_order_tag":"fisher_short_ml","cost":27.905225639999998},{"amount":0.018,"safe_price":3527.15,"ft_order_side":"sell","order_filled_timestamp":1754107200000,"ft_is_entry":true,"ft_order_tag":"","cost":63.52044434999999},{"amount":0.026,"safe_price":3371.27046375,"ft_order_side":"buy","order_filled_timestamp":1754157600000,"ft_is_entry":false,"ft_order_tag":"trailing_stop_loss","cost":87.69685857352874}],"funding_fees":0.0093778870968,"weekday":5},{"pair":"BTC/USDT:USDT","stake_amount":143.138625,"max_stake_amount":143.138625,"amount":0.003,"open_date":"2025-08-01 19:00:00+00:00","close_date":"2025-08-05 15:00:00+00:00","open_rate":114510.9,"close_rate":113192.0,"fee_open":0.0005,"fee_close":0.0005,"trade_duration":5520,"profit_ratio":0.026038920016199698,"profit_abs":3.72531162,"exit_reason":"roi","initial_stop_loss_abs":161206.32499999998,"initial_stop_loss_ratio":-1.0,"stop_loss_abs":158454.16666666666,"stop_loss_ratio":-1.0,"min_rate":111850.0,"max_rate":115686.0,"is_open":false,"enter_tag":"fisher_short_ml","leverage":2.4000000000000004,"is_short":true,"open_timestamp":1754074800000,"close_timestamp":1754406000000,"orders":[{"amount":0.001,"safe_price":113792.7,"ft_order_side":"sell","order_filled_timestamp":1754074800000,"ft_is_entry":true,"ft_order_tag":"fisher_short_ml","cost":113.84959634999998},{"amount":0.002,"safe_price":114870.0,"ft_order_side":"sell","order_filled_timestamp":1754316000000,"ft_is_entry":true,"ft_order_tag":"","cost":229.85487},{"amount":0.003,"safe_price":113192.0,"ft_order_side":"buy","order_filled_timestamp":1754406000000,"ft_is_entry":false,"ft_order_tag":"roi","cost":339.745788}],"funding_fees":0.11016596820126885,"weekday":1},{"pair":"SOL/USDT:USDT","stake_amount":38.612125,"max_stake_amount":38.612125,"amount":0.51,"open_date":"2025-08-09 21:00:00+00:00","close_date":"2025-08-11 02:00:00+00:00","open_rate":181.70411764705884,"close_rate":183.63,"fee_open":0.0005,"fee_close":0.0005,"trade_duration":1740,"profit_ratio":0.02213119748571572,"profit_abs":0.85495983,"exit_reason":"exit_long_ml","initial_stop_loss_abs":106.75583333333333,"initial_stop_loss_ratio":-1.0,"stop_loss_abs":108.57583333333334,"stop_loss_ratio":-1.0,"min_rate":177.42,"max_rate":186.13,"is_open":false,"enter_tag":"fisher_long_ml","leverage":2.4000000000000004,"is_short":false,"open_timestamp":1754773200000,"close_timestamp":1754877600000,"orders":[{"amount":0.15,"safe_price":183.01,"ft_order_side":"buy","order_filled_timestamp":1754773200000,"ft_is_entry":true,"ft_order_tag":"fisher_long_ml","cost":27.46522575},{"amount":0.36,"safe_price":181.16,"ft_order_side":"buy","order_filled_timestamp":1754776800000,"ft_is_entry":true,"ft_order_tag":"","cost":65.25020879999998},{"amount":0.51,"safe_price":183.63,"ft_order_side":"sell","order_filled_timestamp":1754877600000,"ft_is_entry":false,"ft_order_tag":"exit_long_ml","cost":93.69812565}],"funding_fees":-0.03407996945752193,"weekday":0},{"pair":"BTC/USDT:USDT","stake_amount":756.45375,"max_stake_amount":756.45375,"amount":0.015,"open_date":"2025-08-09 22:00:00+00:00","close_date":"2025-08-11 12:00:00+00:00","open_rate":121032.6,"close_rate":120545.0,"fee_open":0.0005,"fee_close":0.0005,"trade_duration":2280,"profit_ratio":0.007674728294359373,"profit_abs":5.80267421,"exit_reason":"trailing_stop_loss","initial_stop_loss_abs":165011.91666666666,"initial_stop_loss_ratio":-1.0,"stop_loss_abs":117206.18338750002,"stop_loss_ratio":-0.0001,"min_rate":116382.5,"max_rate":122450.0,"is_open":false,"enter_tag":"fisher_short_ml","leverage":2.4000000000000004,"is_short":true,"open_timestamp":1754776800000,"close_timestamp":1754913600000,"orders":[{"amount":0.001,"safe_price":116479.0,"ft_order_side":"sell","order_filled_timestamp":1754776800000,"ft_is_entry":true,"ft_order_tag":"fisher_short_ml","cost":116.5372395},{"amount":0.002,"safe_price":118480.0,"ft_order_side":"sell","order_filled_timestamp":1754798400000,"ft_is_entry":true,"ft_order_tag":"","cost":237.07847999999998},{"amount":0.012,"safe_price":121837.5,"ft_order_side":"sell","order_filled_timestamp":1754881200000,"ft_is_entry":true,"ft_order_tag":"","cost":1462.7810249999998},{"amount":0.015,"safe_price":120545.0,"ft_order_side":"buy","order_filled_timestamp":1754913600000,"ft_is_entry":false,"ft_order_tag":"trailing_stop_loss","cost":1809.0790874999998}],"funding_fees":0.300506205755865,"weekday":0},{"pair":"BTC/USDT:USDT","stake_amount":144.97716667,"max_stake_amount":144.97716667,"amount":0.003,"open_date":"2025-08-18 09:00:00+00:00","close_date":"2025-08-19 04:00:00+00:00","open_rate":115981.73333333334,"close_rate":114308.56265833334,"fee_open":0.0005,"fee_close":0.0005,"trade_duration":1140,"profit_ratio":0.03247032022868262,"profit_abs":4.7051013,"exit_reason":"trailing_stop_loss","initial_stop_loss_abs":163040.76666666666,"initial_stop_loss_ratio":-1.0,"stop_loss_abs":114308.56265833334,"stop_loss_ratio":-0.0001,"min_rate":114303.8,"max_rate":116938.7,"is_open":false,"enter_tag":"fisher_short_ml","leverage":2.4000000000000004,"is_short":true,"open_timestamp":1755507600000,"close_timestamp":1755576000000,"orders":[{"amount":0.001,"safe_price":115087.6,"ft_order_side":"sell","order_filled_timestamp":1755507600000,"ft_is_entry":true,"ft_order_tag":"fisher_short_ml","cost":115.1451438},{"amount":0.002,"safe_price":116428.8,"ft_order_side":"sell","order_filled_timestamp":1755543600000,"ft_is_entry":true,"ft_order_tag":"","cost":232.9740288},{"amount":0.003,"safe_price":114308.56265833334,"ft_order_side":"buy","order_filled_timestamp":1755576000000,"ft_is_entry":false,"ft_order_tag":"trailing_stop_loss","cost":343.0971508189875}],"funding_fees":0.0310247213,"weekday":1},{"pair":"SOL/USDT:USDT","stake_amount":50.5254,"max_stake_amount":50.5254,"amount":0.83,"open_date":"2025-08-18 12:00:00+00:00","close_date":"2025-08-19 04:00:00+00:00","open_rate":182.62192771084338,"close_rate":177.25590833333334,"fee_open":0.0005,"fee_close":0.0005,"trade_duration":960,"profit_ratio":0.08499129486525177,"profit_abs":4.29207206,"exit_reason":"trailing_stop_loss","initial_stop_loss_abs":241.65333333333334,"initial_stop_loss_ratio":-1.0,"stop_loss_abs":177.25590833333334,"stop_loss_ratio":-0.0001,"min_rate":177.25,"max_rate":185.79,"is_open":false,"enter_tag":"fisher_short_ml","leverage":3.0,"is_short":true,"open_timestamp":1755518400000,"close_timestamp":1755576000000,"orders":[{"amount":0.21,"safe_price":181.24,"ft_order_side":"sell","order_filled_timestamp":1755518400000,"ft_is_entry":true,"ft_order_tag":"fisher_short_ml","cost":38.0794302},{"amount":0.62,"safe_price":183.09,"ft_order_side":"sell","order_filled_timestamp":1755522000000,"ft_is_entry":true,"ft_order_tag":"","cost":113.57255789999999},{"amount":0.83,"safe_price":177.25590833333334,"ft_order_side":"buy","order_filled_timestamp":1755576000000,"ft_is_entry":false,"ft_order_tag":"trailing_stop_loss","cost":147.19596511862497}],"funding_fees":-0.01237472029755668,"weekday":1},{"pair":"ETH/USDT:USDT","stake_amount":209.9525,"max_stake_amount":209.9525,"amount":0.118,"open_date":"2025-08-20 01:00:00+00:00","close_date":"2025-08-21 13:00:00+00:00","open_rate":4270.220338983051,"close_rate":4247.83,"fee_open":0.0005,"fee_close":0.0005,"trade_duration":2160,"profit_ratio":0.01053247134158761,"profit_abs":2.21021303,"exit_reason":"trailing_stop_loss","initial_stop_loss_abs":5812.1866666666665,"initial_stop_loss_ratio":-1.0,"stop_loss_abs":4215.92565625,"stop_loss_ratio":-0.0001,"min_rate":4060.0,"max_rate":4376.13,"is_open":false,"enter_tag":"fisher_short_ml","leverage":2.4000000000000004,"is_short":true,"open_timestamp":1755651600000,"close_timestamp":1755781200000,"orders":[{"amount":0.007,"safe_price":4102.72,"ft_order_side":"sell","order_filled_timestamp":1755651600000,"ft_is_entry":true,"ft_order_tag":"fisher_short_ml","cost":28.733399520000003},{"amount":0.016,"safe_price":4168.11,"ft_order_side":"sell","order_filled_timestamp":1755666000000,"ft_is_entry":true,"ft_order_tag":"","cost":66.72310488},{"amount":0.095,"safe_price":4299.76,"ft_order_side":"sell","order_filled_timestamp":1755709200000,"ft_is_entry":true,"ft_order_tag":"","cost":408.68143860000004},{"amount":0.118,"safe_price":4247.83,"ft_order_side":"buy","order_filled_timestamp":1755781200000,"ft_is_entry":false,"ft_order_tag":"trailing_stop_loss","cost":501.49456196999995}],"funding_fees":0.07071800304377582,"weekday":3},{"pair":"BTC/USDT:USDT","stake_amount":143.234125,"max_stake_amount":143.234125,"amount":0.003,"open_date":"2025-08-22 12:00:00+00:00","close_date":"2025-08-24 19:00:00+00:00","open_rate":114587.3,"close_rate":110845.98552390473,"fee_open":0.0005,"fee_close":0.0005,"trade_duration":3300,"profit_ratio":0.0776242856464314,"profit_abs":11.11288741,"exit_reason":"roi","initial_stop_loss_abs":159053.27499999997,"initial_stop_loss_ratio":-1.0,"stop_loss_abs":110488.60350000001,"stop_loss_ratio":-0.0001,"min_rate":110484.0,"max_rate":117397.4,"is_open":false,"enter_tag":"fisher_short_ml","leverage":2.4000000000000004,"is_short":true,"open_timestamp":1755864000000,"close_timestamp":1756062000000,"orders":[{"amount":0.001,"safe_price":112272.9,"ft_order_side":"sell","order_filled_timestamp":1755864000000,"ft_is_entry":true,"ft_order_tag":"fisher_short_ml","cost":112.32903644999999},{"amount":0.002,"safe_price":115744.5,"ft_order_side":"sell","order_filled_timestamp":1755874800000,"ft_is_entry":true,"ft_order_tag":"","cost":231.60474449999998},{"amount":0.003,"safe_price":110845.98552390473,"ft_order_side":"buy","order_filled_timestamp":1756062000000,"ft_is_entry":false,"ft_order_tag":"roi","cost":332.70422555}],"funding_fees":0.22709391161044912,"weekday":6},{"pair":"BTC/USDT:USDT","stake_amount":46.625375,"max_stake_amount":46.625375,"amount":0.001,"open_date":"2025-08-25 07:00:00+00:00","close_date":"2025-08-25 20:00:00+00:00","open_rate":111900.9,"close_rate":109325.55504166667,"fee_open":0.0005,"fee_close":0.0005,"trade_duration":780,"profit_ratio":0.05332888217123793,"profit_abs":2.48523589,"exit_reason":"trailing_stop_loss","initial_stop_loss_abs":158526.27499999997,"initial_stop_loss_ratio":-1.0,"stop_loss_abs":109325.55504166667,"stop_loss_ratio":-0.0001,"min_rate":109321.0,"max_rate":112897.7,"is_open":false,"enter_tag":"fisher_short_ml","leverage":2.4000000000000004,"is_short":true,"open_timestamp":1756105200000,"close_timestamp":1756152000000,"orders":[{"amount":0.001,"safe_price":111900.9,"ft_order_side":"sell","order_filled_timestamp":1756105200000,"ft_is_entry":true,"ft_order_tag":"fisher_short_ml","cost":111.95685044999999},{"amount":0.001,"safe_price":109325.55504166667,"ft_order_side":"buy","order_filled_timestamp":1756152000000,"ft_is_entry":false,"ft_order_tag":"trailing_stop_loss","cost":109.38021781918751}],"funding_fees":0.020504161131174002,"weekday":0},{"pair":"SOL/USDT:USDT","stake_amount":39.99175,"max_stake_amount":39.99175,"amount":0.47,"open_date":"2025-09-06 06:00:00+00:00","close_date":"2025-09-07 17:00:00+00:00","open_rate":204.2131914893617,"close_rate":203.39,"fee_open":0.0005,"fee_close":0.0005,"trade_duration":2100,"profit_ratio":0.007509255387225267,"profit_abs":0.30015811,"exit_reason":"exit_short_ml","initial_stop_loss_abs":286.40749999999997,"initial_stop_loss_ratio":-1.0,"stop_loss_abs":282.1008333333333,"stop_loss_ratio":-1.0,"min_rate":199.13,"max_rate":205.45,"is_open":false,"enter_tag":"fisher_short_ml","leverage":2.4000000000000004,"is_short":true,"open_timestamp":1757138400000,"close_timestamp":1757264400000,"orders":[{"amount":0.14,"safe_price":202.17,"ft_order_side":"sell","order_filled_timestamp":1757138400000,"ft_is_entry":true,"ft_order_tag":"fisher_short_ml","cost":28.3179519},{"amount":0.33,"safe_price":205.08,"ft_order_side":"sell","order_filled_timestamp":1757260800000,"ft_is_entry":true,"ft_order_tag":"","cost":67.71023819999999},{"amount":0.47,"safe_price":203.39,"ft_order_side":"buy","order_filled_timestamp":1757264400000,"ft_is_entry":false,"ft_order_tag":"exit_short_ml","cost":95.64109664999998}],"funding_fees":0.009044860496891648,"weekday":6},{"pair":"BTC/USDT:USDT","stake_amount":139.00175,"max_stake_amount":139.00175,"amount":0.003,"open_date":"2025-09-06 16:00:00+00:00","close_date":"2025-09-09 15:00:00+00:00","open_rate":111201.4,"close_rate":110828.41765833335,"fee_open":0.0005,"fee_close":0.0005,"trade_duration":4260,"profit_ratio":0.006439714793611638,"profit_abs":0.89468406,"exit_reason":"trailing_stop_loss","initial_stop_loss_abs":156292.61666666664,"initial_stop_loss_ratio":-1.0,"stop_loss_abs":110828.41765833335,"stop_loss_ratio":-0.0001,"min_rate":109850.0,"max_rate":113238.0,"is_open":false,"enter_tag":"fisher_short_ml","leverage":2.4000000000000004,"is_short":true,"open_timestamp":1757174400000,"close_timestamp":1757430000000,"orders":[{"amount":0.001,"safe_price":110324.2,"ft_order_side":"sell","order_filled_timestamp":1757174400000,"ft_is_entry":true,"ft_order_tag":"fisher_short_ml","cost":110.3793621},{"amount":0.002,"safe_price":111640.0,"ft_order_side":"sell","order_filled_timestamp":1757322000000,"ft_is_entry":true,"ft_order_tag":"","cost":223.39164},{"amount":0.003,"safe_price":110828.41765833335,"ft_order_side":"buy","order_filled_timestamp":1757430000000,"ft_is_entry":false,"ft_order_tag":"trailing_stop_loss","cost":332.6514956014875}],"funding_fees":0.10878175941312251,"weekday":1},{"pair":"ETH/USDT:USDT","stake_amount":11.290725,"max_stake_amount":11.290725,"amount":0.006,"open_date":"2025-09-19 13:00:00+00:00","close_date":"2025-09-19 15:00:00+00:00","open_rate":4516.29,"close_rate":4442.485095833334,"fee_open":0.0005,"fee_close":0.0005,"trade_duration":120,"profit_ratio":0.036858676532312604,"profit_abs":0.4159531,"exit_reason":"trailing_stop_loss","initial_stop_loss_abs":6398.077499999999,"initial_stop_loss_ratio":-1.0,"stop_loss_abs":4442.485095833334,"stop_loss_ratio":-0.0001,"min_rate":4442.3,"max_rate":4542.0,"is_open":false,"enter_tag":"fisher_short_ml","leverage":2.4000000000000004,"is_short":true,"open_timestamp":1758286800000,"close_timestamp":1758294000000,"orders":[{"amount":0.006,"safe_price":4516.29,"ft_order_side":"sell","order_filled_timestamp":1758286800000,"ft_is_entry":true,"ft_order_tag":"fisher_short_ml","cost":27.11128887},{"amount":0.006,"safe_price":4442.485095833334,"ft_order_side":"buy","order_filled_timestamp":1758294000000,"ft_is_entry":false,"ft_order_tag":"trailing_stop_loss","cost":26.6682380302875}],"funding_fees":0.0,"weekday":4},{"pair":"SOL/USDT:USDT","stake_amount":39.90233333,"max_stake_amount":39.90233333,"amount":0.4,"open_date":"2025-09-19 16:00:00+00:00","close_date":"2025-09-22 00:00:00+00:00","open_rate":239.414,"close_rate":231.59705114109613,"fee_open":0.0005,"fee_close":0.0005,"trade_duration":3360,"profit_ratio":0.0760761981899836,"profit_abs":3.03410001,"exit_reason":"roi","initial_stop_loss_abs":336.27416666666664,"initial_stop_loss_ratio":-1.0,"stop_loss_abs":231.15963125000002,"stop_loss_ratio":-0.0001,"min_rate":231.15,"max_rate":241.73,"is_open":false,"enter_tag":"fisher_short_ml","leverage":2.4000000000000004,"is_short":true,"open_timestamp":1758297600000,"close_timestamp":1758499200000,"orders":[{"amount":0.12,"safe_price":237.37,"ft_order_side":"sell","order_filled_timestamp":1758297600000,"ft_is_entry":true,"ft_order_tag":"fisher_short_ml","cost":28.4986422},{"amount":0.28,"safe_price":240.29,"ft_order_side":"sell","order_filled_timestamp":1758387600000,"ft_is_entry":true,"ft_order_tag":"","cost":67.3148406},{"amount":0.4,"safe_price":231.59705114109613,"ft_order_side":"buy","order_filled_timestamp":1758499200000,"ft_is_entry":false,"ft_order_tag":"roi","cost":92.68513986666666}],"funding_fees":0.0015226811995358003,"weekday":0},{"pair":"BTC/USDT:USDT","stake_amount":48.06904167,"max_stake_amount":48.06904167,"amount":0.001,"open_date":"2025-09-19 19:00:00+00:00","close_date":"2025-09-22 00:00:00+00:00","open_rate":115365.7,"close_rate":114126.75508333334,"fee_open":0.0005,"fee_close":0.0005,"trade_duration":3180,"profit_ratio":0.023647719242737848,"profit_abs":1.13615484,"exit_reason":"trailing_stop_loss","initial_stop_loss_abs":163434.74166666664,"initial_stop_loss_ratio":-1.0,"stop_loss_abs":114126.75508333334,"stop_loss_ratio":-0.0001,"min_rate":114122.0,"max_rate":116059.2,"is_open":false,"enter_tag":"fisher_short_ml","leverage":2.4000000000000004,"is_short":true,"open_timestamp":1758308400000,"close_timestamp":1758499200000,"orders":[{"amount":0.001,"safe_price":115365.7,"ft_order_side":"sell","order_filled_timestamp":1758308400000,"ft_is_entry":true,"ft_order_tag":"fisher_short_ml","cost":115.42338285},{"amount":0.001,"safe_price":114126.75508333334,"ft_order_side":"buy","order_filled_timestamp":1758499200000,"ft_is_entry":false,"ft_order_tag":"trailing_stop_loss","cost":114.183818460875}],"funding_fees":0.011956154487496398,"weekday":0},{"pair":"SOL/USDT:USDT","stake_amount":11.048,"max_stake_amount":11.048,"amount":0.12,"open_date":"2025-09-22 18:00:00+00:00","close_date":"2025-09-23 03:00:00+00:00","open_rate":220.96,"close_rate":212.288845,"fee_open":0.0005,"fee_close":0.0005,"trade_duration":540,"profit_ratio":0.09198710959389907,"profit_abs":1.01576545,"exit_reason":"trailing_stop_loss","initial_stop_loss_abs":313.02666666666664,"initial_stop_loss_ratio":-1.0,"stop_loss_abs":212.288845,"stop_loss_ratio":-0.0001,"min_rate":212.28,"max_rate":221.28,"is_open":false,"enter_tag":"fisher_short_ml","leverage":2.4000000000000004,"is_short":true,"open_timestamp":1758564000000,"close_timestamp":1758596400000,"orders":[{"amount":0.12,"safe_price":220.96,"ft_order_side":"sell","order_filled_timestamp":1758564000000,"ft_is_entry":true,"ft_order_tag":"fisher_short_ml","cost":26.5284576},{"amount":0.12,"safe_price":212.288845,"ft_order_side":"buy","order_filled_timestamp":1758596400000,"ft_is_entry":false,"ft_order_tag":"trailing_stop_loss","cost":25.487398730699997}],"funding_fees":0.0012217793340557278,"weekday":1},{"pair":"ETH/USDT:USDT","stake_amount":10.4066,"max_stake_amount":10.4066,"amount":0.006,"open_date":"2025-09-22 18:00:00+00:00","close_date":"2025-09-25 03:00:00+00:00","open_rate":4162.64,"close_rate":4020.1675,"fee_open":0.0005,"fee_close":0.0005,"trade_duration":3420,"profit_ratio":0.07965058769463144,"profit_abs":0.82847736,"exit_reason":"trailing_stop_loss","initial_stop_loss_abs":5897.073333333333,"initial_stop_loss_ratio":-1.0,"stop_loss_abs":4020.1675,"stop_loss_ratio":-0.0001,"min_rate":4020.0,"max_rate":4230.06,"is_open":false,"enter_tag":"fisher_short_ml","leverage":2.4000000000000004,"is_short":true,"open_timestamp":1758564000000,"close_timestamp":1758769200000,"orders":[{"amount":0.006,"safe_price":4162.64,"ft_order_side":"sell","order_filled_timestamp":1758564000000,"ft_is_entry":true,"ft_order_tag":"fisher_short_ml","cost":24.98832792},{"amount":0.006,"safe_price":4020.1675,"ft_order_side":"buy","order_filled_timestamp":1758769200000,"ft_is_entry":false,"ft_order_tag":"trailing_stop_loss","cost":24.1330655025}],"funding_fees":-0.00180922080075036,"weekday":3},{"pair":"BTC/USDT:USDT","stake_amount":141.41583333,"max_stake_amount":141.41583333,"amount":0.003,"open_date":"2025-09-22 20:00:00+00:00","close_date":"2025-09-25 04:00:00+00:00","open_rate":113132.66666666667,"close_rate":111544.6475,"fee_open":0.0005,"fee_close":0.0005,"trade_duration":3360,"profit_ratio":0.03170139505547918,"profit_abs":4.48083766,"exit_reason":"trailing_stop_loss","initial_stop_loss_abs":158769.8,"initial_stop_loss_ratio":-1.0,"stop_loss_abs":111544.6475,"stop_loss_ratio":-0.0001,"min_rate":110935.0,"max_rate":113895.8,"is_open":false,"enter_tag":"fisher_short_ml","leverage":2.4000000000000004,"is_short":true,"open_timestamp":1758571200000,"close_timestamp":1758772800000,"orders":[{"amount":0.001,"safe_price":112072.8,"ft_order_side":"sell","order_filled_timestamp":1758571200000,"ft_is_entry":true,"ft_order_tag":"fisher_short_ml","cost":112.1288364},{"amount":0.002,"safe_price":113662.6,"ft_order_side":"sell","order_filled_timestamp":1758726000000,"ft_is_entry":true,"ft_order_tag":"","cost":227.43886260000002},{"amount":0.003,"safe_price":111544.6475,"ft_order_side":"buy","order_filled_timestamp":1758772800000,"ft_is_entry":false,"ft_order_tag":"trailing_stop_loss","cost":334.80125947125003}],"funding_fees":0.053796127930504194,"weekday":3},{"pair":"SOL/USDT:USDT","stake_amount":12.7225,"max_stake_amount":12.7225,"amount":0.15,"open_date":"2025-09-25 07:00:00+00:00","close_date":"2025-09-25 17:00:00+00:00","open_rate":203.56,"close_rate":193.43805958333334,"fee_open":0.0005,"fee_close":0.0005,"trade_duration":600,"profit_ratio":0.1170595413643155,"profit_abs":1.48854537,"exit_reason":"trailing_stop_loss","initial_stop_loss_abs":288.37666666666667,"initial_stop_loss_ratio":-1.0,"stop_loss_abs":193.43805958333334,"stop_loss_ratio":-0.0001,"min_rate":193.43,"max_rate":205.8,"is_open":false,"enter_tag":"fisher_short_ml","leverage":2.4000000000000004,"is_short":true,"open_timestamp":1758783600000,"close_timestamp":1758819600000,"orders":[{"amount":0.15,"safe_price":203.56,"ft_order_side":"sell","order_filled_timestamp":1758783600000,"ft_is_entry":true,"ft_order_tag":"fisher_short_ml","cost":30.549266999999997},{"amount":0.15,"safe_price":193.43805958333334,"ft_order_side":"buy","order_filled_timestamp":1758819600000,"ft_is_entry":false,"ft_order_tag":"trailing_stop_loss","cost":29.03021679196875}],"funding_fees":2.9157481393830105e-05,"weekday":3},{"pair":"BTC/USDT:USDT","stake_amount":707.59791667,"max_stake_amount":707.59791667,"amount":0.015,"open_date":"2025-09-26 08:00:00+00:00","close_date":"2025-09-30 00:00:00+00:00","open_rate":113215.66666666667,"close_rate":114257.1,"fee_open":0.0005,"fee_close":0.0005,"trade_duration":5280,"profit_ratio":-0.024425122864187607,"profit_abs":-17.27452447,"exit_reason":"force_exit","initial_stop_loss_abs":154781.31666666665,"initial_stop_loss_ratio":-1.0,"stop_loss_abs":110078.98643333334,"stop_loss_ratio":-0.0001,"min_rate":108566.0,"max_rate":114800.0,"is_open":false,"enter_tag":"fisher_short_ml","leverage":2.4000000000000004,"is_short":true,"open_timestamp":1758873600000,"close_timestamp":1759190400000,"orders":[{"amount":0.001,"safe_price":109257.4,"ft_order_side":"sell","order_filled_timestamp":1758873600000,"ft_is_entry":true,"ft_order_tag":"fisher_short_ml","cost":109.31202869999998},{"amount":0.002,"safe_price":110748.0,"ft_order_side":"sell","order_filled_timestamp":1759093200000,"ft_is_entry":true,"ft_order_tag":"","cost":221.606748},{"amount":0.012,"safe_price":113956.8,"ft_order_side":"sell","order_filled_timestamp":1759158000000,"ft_is_entry":true,"ft_order_tag":"","cost":1368.1653408},{"amount":0.015,"safe_price":114257.1,"ft_order_side":"buy","order_filled_timestamp":1759190400000,"ft_is_entry":false,"ft_order_tag":"force_exit","cost":1714.71342825}],"funding_fees":0.05302128317913277,"weekday":1}],"locks":[],"best_pair":{"key":"BTC/USDT:USDT","trades":11,"profit_mean":0.029823711537967625,"profit_mean_pct":2.98,"profit_total_abs":26.462520050000006,"profit_total":0.026462520050000004,"profit_total_pct":2.65,"duration_avg":"2 days, 14:05:00","wins":10,"draws":0,"losses":1,"winrate":0.9090909090909091,"cagr":0.11044495307212587,"expectancy":2.405683640909091,"expectancy_ratio":0.13926193135370823,"sortino":-100,"sharpe":0.8111161207429316,"calmar":33.567673070842595,"sqn":1.1107,"profit_factor":2.5318812448907897,"max_drawdown_account":0.01655064803984635,"max_drawdown_abs":17.27452447},"worst_pair":{"key":"ETH/USDT:USDT","trades":5,"profit_mean":0.054504158372219794,"profit_mean_pct":5.45,"profit_total_abs":7.756343900000001,"profit_total":0.007756343900000001,"profit_total_pct":0.78,"duration_avg":"1 day, 0:36:00","wins":5,"draws":0,"losses":0,"winrate":1.0,"cagr":0.031475785406158696,"expectancy":1.5512687800000002,"expectancy_ratio":100.0,"sortino":-100,"sharpe":1.3349042956765567,"calmar":-100,"sqn":2.5433,"profit_factor":0.0,"max_drawdown_account":0.0,"max_drawdown_abs":0.0},"results_per_pair":[{"key":"BTC/USDT:USDT","trades":11,"profit_mean":0.029823711537967625,"profit_mean_pct":2.98,"profit_total_abs":26.462520050000006,"profit_total":0.026462520050000004,"profit_total_pct":2.65,"duration_avg":"2 days, 14:05:00","wins":10,"draws":0,"losses":1,"winrate":0.9090909090909091,"cagr":0.11044495307212587,"expectancy":2.405683640909091,"expectancy_ratio":0.13926193135370823,"sortino":-100,"sharpe":0.8111161207429316,"calmar":33.567673070842595,"sqn":1.1107,"profit_factor":2.5318812448907897,"max_drawdown_account":0.01655064803984635,"max_drawdown_abs":17.27452447},{"key":"SOL/USDT:USDT","trades":9,"profit_mean":0.06997835250353973,"profit_mean_pct":7.0,"profit_total_abs":17.99397806,"profit_total":0.01799397806,"profit_total_pct":1.8,"duration_avg":"22:53:00","wins":9,"draws":0,"losses":0,"winrate":1.0,"cagr":0.07415251083795638,"expectancy":1.9993308955555555,"expectancy_ratio":100.0,"sortino":-100,"sharpe":2.8840716258656673,"calmar":-100,"sqn":4.3172,"profit_factor":0.0,"max_drawdown_account":0.0,"max_drawdown_abs":0.0},{"key":"ETH/USDT:USDT","trades":5,"profit_mean":0.054504158372219794,"profit_mean_pct":5.45,"profit_total_abs":7.756343900000001,"profit_total":0.007756343900000001,"profit_total_pct":0.78,"duration_avg":"1 day, 0:36:00","wins":5,"draws":0,"losses":0,"winrate":1.0,"cagr":0.031475785406158696,"expectancy":1.5512687800000002,"expectancy_ratio":100.0,"sortino":-100,"sharpe":1.3349042956765567,"calmar":-100,"sqn":2.5433,"profit_factor":0.0,"max_drawdown_account":0.0,"max_drawdown_abs":0.0},{"key":"TOTAL","trades":25,"profit_mean":0.049215471652424014,"profit_mean_pct":4.92,"profit_total_abs":52.21284201,"profit_total":0.05221284201,"profit_total_pct":5.22,"duration_avg":"1 day, 16:29:00","wins":24,"draws":0,"losses":1,"winrate":0.96,"cagr":0.22647101345546705,"expectancy":2.0885136804,"expectancy_ratio":0.12090137034029746,"sortino":-100,"sharpe":2.3552025580639615,"calmar":67.86594966680454,"sqn":2.1983,"profit_factor":4.022534258507436,"max_drawdown_account":0.016152153836894344,"max_drawdown_abs":17.274524470000003}],"results_per_enter_tag":[{"key":"fisher_short_ml","trades":21,"profit_mean":0.04821966378198642,"profit_mean_pct":4.82,"profit_total_abs":40.50191167,"profit_total":0.04050191167,"profit_total_pct":4.05,"duration_avg":"1 day, 14:06:00","wins":20,"draws":0,"losses":1,"winrate":0.9523809523809523,"cagr":0.1726300304846573,"expectancy":1.9286624604761906,"expectancy_ratio":0.1116477888480012,"sortino":-100,"sharpe":1.7268641448184485,"calmar":52.067694636851144,"sqn":1.7517,"profit_factor":3.344603565808026,"max_drawdown_account":0.016330978720832105,"max_drawdown_abs":17.274524470000003},{"key":"fisher_long_ml","trades":4,"profit_mean":0.05444346297222135,"profit_mean_pct":5.44,"profit_total_abs":11.710930339999999,"profit_total":0.011710930339999998,"profit_total_pct":1.17,"duration_avg":"2 days, 5:00:00","wins":4,"draws":0,"losses":0,"winrate":1.0,"cagr":0.04780709180119391,"expectancy":2.9277325849999998,"expectancy_ratio":100.0,"sortino":-100,"sharpe":0.9125400986066757,"calmar":-100,"sqn":1.8821,"profit_factor":0.0,"max_drawdown_account":0.0,"max_drawdown_abs":0.0},{"key":"TOTAL","trades":25,"profit_mean":0.049215471652424014,"profit_mean_pct":4.92,"profit_total_abs":52.21284201,"profit_total":0.05221284201,"profit_total_pct":5.22,"duration_avg":"1 day, 16:29:00","wins":24,"draws":0,"losses":1,"winrate":0.96,"cagr":0.22647101345546705,"expectancy":2.0885136804,"expectancy_ratio":0.12090137034029746,"sortino":-100,"sharpe":2.3552025580639615,"calmar":67.86594966680454,"sqn":2.1983,"profit_factor":4.022534258507436,"max_drawdown_account":0.016152153836894344,"max_drawdown_abs":17.274524470000003}],"exit_reason_summary":[{"key":"trailing_stop_loss","trades":19,"profit_mean":0.05502273986574907,"profit_mean_pct":5.5,"profit_total_abs":50.4599495,"profit_total":0.050459949500000004,"profit_total_pct":5.05,"duration_avg":"1 day, 10:35:00","wins":19,"draws":0,"losses":0,"winrate":1.0,"cagr":0.21829632745656236,"expectancy":2.6557868157894737,"expectancy_ratio":100.0,"sortino":-100,"sharpe":5.488431258908148,"calmar":-100,"sqn":5.8375,"profit_factor":0.0,"max_drawdown_account":0.0,"max_drawdown_abs":0.0},{"key":"roi","trades":3,"profit_mean":0.05991313461753823,"profit_mean_pct":5.99,"profit_total_abs":17.87229904,"profit_total":0.01787229904,"profit_total_pct":1.79,"duration_avg":"2 days, 19:40:00","wins":3,"draws":0,"losses":0,"winrate":1.0,"cagr":0.0736376264035854,"expectancy":5.9574330133333335,"expectancy_ratio":100.0,"sortino":-100,"sharpe":1.0262100456835102,"calmar":-100,"sqn":2.3042,"profit_factor":0.0,"max_drawdown_account":0.0,"max_drawdown_abs":0.0},{"key":"exit_long_ml","trades":1,"profit_mean":0.02213119748571572,"profit_mean_pct":2.21,"profit_total_abs":0.85495983,"profit_total":0.00085495983,"profit_total_pct":0.09,"duration_avg":"1 day, 5:00:00","wins":1,"draws":0,"losses":0,"winrate":1.0,"cagr":0.0034336509088435108,"expectancy":0.85495983,"expectancy_ratio":100.0,"sortino":-100,"sharpe":-100,"calmar":-100,"sqn":-100.0,"profit_factor":0.0,"max_drawdown_account":0.0,"max_drawdown_abs":0.0},{"key":"exit_short_ml","trades":1,"profit_mean":0.007509255387225267,"profit_mean_pct":0.75,"profit_total_abs":0.30015811,"profit_total":0.00030015810999999996,"profit_total_pct":0.03,"duration_avg":"1 day, 11:00:00","wins":1,"draws":0,"losses":0,"winrate":1.0,"cagr":0.0012044750302147023,"expectancy":0.30015811,"expectancy_ratio":100.0,"sortino":-100,"sharpe":-100,"calmar":-100,"sqn":-100.0,"profit_factor":0.0,"max_drawdown_account":0.0,"max_drawdown_abs":0.0},{"key":"force_exit","trades":1,"profit_mean":-0.024425122864187607,"profit_mean_pct":-2.44,"profit_total_abs":-17.27452447,"profit_total":-0.01727452447,"profit_total_pct":-1.73,"duration_avg":"3 days, 16:00:00","wins":0,"draws":0,"losses":1,"winrate":0.0,"cagr":-0.06750675216485069,"expectancy":-17.27452447,"expectancy_ratio":-1.0,"sortino":-100,"sharpe":-100,"calmar":-100,"sqn":-100.0,"profit_factor":0.0,"max_drawdown_account":0.0,"max_drawdown_abs":0.0},{"key":"TOTAL","trades":25,"profit_mean":0.049215471652424014,"profit_mean_pct":4.92,"profit_total_abs":52.21284201,"profit_total":0.05221284201,"profit_total_pct":5.22,"duration_avg":"1 day, 16:29:00","wins":24,"draws":0,"losses":1,"winrate":0.96,"cagr":0.22647101345546705,"expectancy":2.0885136804,"expectancy_ratio":0.12090137034029746,"sortino":-100,"sharpe":2.3552025580639615,"calmar":67.86594966680454,"sqn":2.1983,"profit_factor":4.022534258507436,"max_drawdown_account":0.016152153836894344,"max_drawdown_abs":17.274524470000003}],"mix_tag_stats":[{"key":["fisher_short_ml","trailing_stop_loss"],"trades":16,"profit_mean":0.053111837690378916,"profit_mean_pct":5.31,"profit_total_abs":39.60397899,"profit_total":0.039603978990000004,"profit_total_pct":3.96,"duration_avg":"1 day, 5:38:00","wins":16,"draws":0,"losses":0,"winrate":1.0,"cagr":0.16857635387649927,"expectancy":2.475248686875,"expectancy_ratio":100.0,"sortino":-100,"sharpe":5.003864648385359,"calmar":-100,"sqn":5.7693,"profit_factor":0.0,"max_drawdown_account":0.0,"max_drawdown_abs":0.0},{"key":["fisher_short_ml","roi"],"trades":3,"profit_mean":0.05991313461753823,"profit_mean_pct":5.99,"profit_total_abs":17.87229904,"profit_total":0.01787229904,"profit_total_pct":1.79,"duration_avg":"2 days, 19:40:00","wins":3,"draws":0,"losses":0,"winrate":1.0,"cagr":0.0736376264035854,"expectancy":5.9574330133333335,"expectancy_ratio":100.0,"sortino":-100,"sharpe":1.0262100456835102,"calmar":-100,"sqn":2.3042,"profit_factor":0.0,"max_drawdown_account":0.0,"max_drawdown_abs":0.0},{"key":["fisher_long_ml","trailing_stop_loss"],"trades":3,"profit_mean":0.06521421813438989,"profit_mean_pct":6.52,"profit_total_abs":10.855970509999999,"profit_total":0.010855970509999998,"profit_total_pct":1.09,"duration_avg":"2 days, 13:00:00","wins":3,"draws":0,"losses":0,"winrate":1.0,"cagr":0.04426002384341121,"expectancy":3.6186568366666663,"expectancy_ratio":100.0,"sortino":-100,"sharpe":0.8176718498064653,"calmar":-100,"sqn":1.836,"profit_factor":0.0,"max_drawdown_account":0.0,"max_drawdown_abs":0.0},{"key":["fisher_long_ml","exit_long_ml"],"trades":1,"profit_mean":0.02213119748571572,"profit_mean_pct":2.21,"profit_total_abs":0.85495983,"profit_total":0.00085495983,"profit_total_pct":0.09,"duration_avg":"1 day, 5:00:00","wins":1,"draws":0,"losses":0,"winrate":1.0,"cagr":0.0034336509088435108,"expectancy":0.85495983,"expectancy_ratio":100.0,"sortino":-100,"sharpe":-100,"calmar":-100,"sqn":-100.0,"profit_factor":0.0,"max_drawdown_account":0.0,"max_drawdown_abs":0.0},{"key":["fisher_short_ml","exit_short_ml"],"trades":1,"profit_mean":0.007509255387225267,"profit_mean_pct":0.75,"profit_total_abs":0.30015811,"profit_total":0.00030015810999999996,"profit_total_pct":0.03,"duration_avg":"1 day, 11:00:00","wins":1,"draws":0,"losses":0,"winrate":1.0,"cagr":0.0012044750302147023,"expectancy":0.30015811,"expectancy_ratio":100.0,"sortino":-100,"sharpe":-100,"calmar":-100,"sqn":-100.0,"profit_factor":0.0,"max_drawdown_account":0.0,"max_drawdown_abs":0.0},{"key":["fisher_short_ml","force_exit"],"trades":1,"profit_mean":-0.024425122864187607,"profit_mean_pct":-2.44,"profit_total_abs":-17.27452447,"profit_total":-0.01727452447,"profit_total_pct":-1.73,"duration_avg":"3 days, 16:00:00","wins":0,"draws":0,"losses":1,"winrate":0.0,"cagr":-0.06750675216485069,"expectancy":-17.27452447,"expectancy_ratio":-1.0,"sortino":-100,"sharpe":-100,"calmar":-100,"sqn":-100.0,"profit_factor":0.0,"max_drawdown_account":0.0,"max_drawdown_abs":0.0},{"key":"TOTAL","trades":25,"profit_mean":0.049215471652424014,"profit_mean_pct":4.92,"profit_total_abs":52.21284201,"profit_total":0.05221284201,"profit_total_pct":5.22,"duration_avg":"1 day, 16:29:00","wins":24,"draws":0,"losses":1,"winrate":0.96,"cagr":0.22647101345546705,"expectancy":2.0885136804,"expectancy_ratio":0.12090137034029746,"sortino":-100,"sharpe":2.3552025580639615,"calmar":67.86594966680454,"sqn":2.1983,"profit_factor":4.022534258507436,"max_drawdown_account":0.016152153836894344,"max_drawdown_abs":17.274524470000003}],"left_open_trades":[{"key":"BTC/USDT:USDT","trades":1,"profit_mean":-0.024425122864187607,"profit_mean_pct":-2.44,"profit_total_abs":-17.27452447,"profit_total":-0.01727452447,"profit_total_pct":-1.73,"duration_avg":"3 days, 16:00:00","wins":0,"draws":0,"losses":1,"winrate":0.0,"cagr":-0.06750675216485069,"expectancy":-17.27452447,"expectancy_ratio":-1.0,"sortino":-100,"sharpe":-100,"calmar":-100,"sqn":-100.0,"profit_factor":0.0,"max_drawdown_account":0.0,"max_drawdown_abs":0.0},{"key":"TOTAL","trades":1,"profit_mean":-0.024425122864187607,"profit_mean_pct":-2.44,"profit_total_abs":-17.27452447,"profit_total":-0.01727452447,"profit_total_pct":-1.73,"duration_avg":"3 days, 16:00:00","wins":0,"draws":0,"losses":1,"winrate":0.0,"cagr":-0.06750675216485069,"expectancy":-17.27452447,"expectancy_ratio":-1.0,"sortino":-100,"sharpe":-100,"calmar":-100,"sqn":-100.0,"profit_factor":0.0,"max_drawdown_account":0.0,"max_drawdown_abs":0.0}],"total_trades":25,"trade_count_long":4,"trade_count_short":21,"total_volume":14564.038334058941,"avg_stake_amount":120.9487255004,"profit_mean":0.049215471652424014,"profit_median":0.04965149397132162,"profit_total":0.05221284201,"profit_total_long":0.011710930339999998,"profit_total_short":0.04050191167,"profit_total_abs":52.21284201,"profit_total_long_abs":11.710930339999999,"profit_total_short_abs":40.50191167,"cagr":0.22647101345546705,"expectancy":2.0885136804,"expectancy_ratio":0.12090137034029746,"sortino":-100,"sharpe":2.3552025580639615,"calmar":67.86594966680454,"sqn":2.1983,"profit_factor":4.022534258507436,"backtest_start":"2025-07-01 00:00:00","backtest_start_ts":1751328000000,"backtest_end":"2025-09-30 00:00:00","backtest_end_ts":1759190400000,"backtest_days":91,"backtest_run_start_ts":1761139288,"backtest_run_end_ts":1761139300,"trades_per_day":0.27,"market_change":0.3728297108959906,"pairlist":["BTC/USDT:USDT","ETH/USDT:USDT","SOL/USDT:USDT"],"stake_amount":100,"stake_currency":"USDT","stake_currency_decimals":3,"starting_balance":1000,"dry_run_wallet":1000,"final_balance":1052.21284201,"rejected_signals":0,"timedout_entry_orders":0,"timedout_exit_orders":0,"canceled_trade_entries":0,"canceled_entry_orders":0,"replaced_entry_orders":0,"max_open_trades":3,"max_open_trades_setting":3,"timeframe":"1h","timeframe_detail":"","timerange":"20250701-20250930","enable_protections":false,"strategy_name":"GKD_FisherTransformV4_ML","freqaimodel":null,"freqai_identifier":null,"stoploss":-1,"trailing_stop":false,"trailing_stop_positive":0.127,"trailing_stop_positive_offset":0.208,"trailing_only_offset_is_reached":true,"use_custom_stoploss":true,"minimal_roi":{"0":0.373,"1019":0.22,"3124":0.076,"4482":0},"use_exit_signal":true,"exit_profit_only":false,"exit_profit_offset":0.0,"ignore_roi_if_entry_signal":false,"trading_mode":"futures","margin_mode":"isolated","periodic_breakdown":{"day":[{"date":"01/07/2025","date_ts":1751328000000,"profit_abs":0.65489109,"wins":1,"draws":0,"losses":0,"trades":1,"profit_factor":0.0},{"date":"02/07/2025","date_ts":1751414400000,"profit_abs":2.30099039,"wins":1,"draws":0,"losses":0,"trades":1,"profit_factor":0.0},{"date":"03/07/2025","date_ts":1751500800000,"profit_abs":0.0,"wins":0,"draws":0,"losses":0,"trades":0,"profit_factor":0.0},{"date":"04/07/2025","date_ts":1751587200000,"profit_abs":0.0,"wins":0,"draws":0,"losses":0,"trades":0,"profit_factor":0.0},{"date":"05/07/2025","date_ts":1751673600000,"profit_abs":0.0,"wins":0,"draws":0,"losses":0,"trades":0,"profit_factor":0.0},{"date":"06/07/2025","date_ts":1751760000000,"profit_abs":1.06004308,"wins":1,"draws":0,"losses":0,"trades":1,"profit_factor":0.0},{"date":"07/07/2025","date_ts":1751846400000,"profit_abs":0.0,"wins":0,"draws":0,"losses":0,"trades":0,"profit_factor":0.0},{"date":"08/07/2025","date_ts":1751932800000,"profit_abs":0.0,"wins":0,"draws":0,"losses":0,"trades":0,"profit_factor":0.0},{"date":"09/07/2025","date_ts":1752019200000,"profit_abs":7.49493704,"wins":1,"draws":0,"losses":0,"trades":1,"profit_factor":0.0},{"date":"10/07/2025","date_ts":1752105600000,"profit_abs":0.0,"wins":0,"draws":0,"losses":0,"trades":0,"profit_factor":0.0},{"date":"11/07/2025","date_ts":1752192000000,"profit_abs":0.0,"wins":0,"draws":0,"losses":0,"trades":0,"profit_factor":0.0},{"date":"12/07/2025","date_ts":1752278400000,"profit_abs":0.0,"wins":0,"draws":0,"losses":0,"trades":0,"profit_factor":0.0},{"date":"13/07/2025","date_ts":1752364800000,"profit_abs":0.0,"wins":0,"draws":0,"losses":0,"trades":0,"profit_factor":0.0},{"date":"14/07/2025","date_ts":1752451200000,"profit_abs":0.0,"wins":0,"draws":0,"losses":0,"trades":0,"profit_factor":0.0},{"date":"15/07/2025","date_ts":1752537600000,"profit_abs":0.0,"wins":0,"draws":0,"losses":0,"trades":0,"profit_factor":0.0},{"date":"16/07/2025","date_ts":1752624000000,"profit_abs":0.0,"wins":0,"draws":0,"losses":0,"trades":0,"profit_factor":0.0},{"date":"17/07/2025","date_ts":1752710400000,"profit_abs":0.0,"wins":0,"draws":0,"losses":0,"trades":0,"profit_factor":0.0},{"date":"18/07/2025","date_ts":1752796800000,"profit_abs":0.0,"wins":0,"draws":0,"losses":0,"trades":0,"profit_factor":0.0},{"date":"19/07/2025","date_ts":1752883200000,"profit_abs":0.0,"wins":0,"draws":0,"losses":0,"trades":0,"profit_factor":0.0},{"date":"20/07/2025","date_ts":1752969600000,"profit_abs":0.0,"wins":0,"draws":0,"losses":0,"trades":0,"profit_factor":0.0},{"date":"21/07/2025","date_ts":1753056000000,"profit_abs":0.0,"wins":0,"draws":0,"losses":0,"trades":0,"profit_factor":0.0},{"date":"22/07/2025","date_ts":1753142400000,"profit_abs":0.0,"wins":0,"draws":0,"losses":0,"trades":0,"profit_factor":0.0},{"date":"23/07/2025","date_ts":1753228800000,"profit_abs":0.0,"wins":0,"draws":0,"losses":0,"trades":0,"profit_factor":0.0},{"date":"24/07/2025","date_ts":1753315200000,"profit_abs":0.0,"wins":0,"draws":0,"losses":0,"trades":0,"profit_factor":0.0},{"date":"25/07/2025","date_ts":1753401600000,"profit_abs":0.0,"wins":0,"draws":0,"losses":0,"trades":0,"profit_factor":0.0},{"date":"26/07/2025","date_ts":1753488000000,"profit_abs":0.0,"wins":0,"draws":0,"losses":0,"trades":0,"profit_factor":0.0},{"date":"27/07/2025","date_ts":1753574400000,"profit_abs":0.0,"wins":0,"draws":0,"losses":0,"trades":0,"profit_factor":0.0},{"date":"28/07/2025","date_ts":1753660800000,"profit_abs":0.0,"wins":0,"draws":0,"losses":0,"trades":0,"profit_factor":0.0},{"date":"29/07/2025","date_ts":1753747200000,"profit_abs":3.64734376,"wins":1,"draws":0,"losses":0,"trades":1,"profit_factor":0.0},{"date":"30/07/2025","date_ts":1753833600000,"profit_abs":1.89922049,"wins":1,"draws":0,"losses":0,"trades":1,"profit_factor":0.0},{"date":"31/07/2025","date_ts":1753920000000,"profit_abs":0.0,"wins":0,"draws":0,"losses":0,"trades":0,"profit_factor":0.0},{"date":"01/08/2025","date_ts":1754006400000,"profit_abs":0.0,"wins":0,"draws":0,"losses":0,"trades":0,"profit_factor":0.0},{"date":"02/08/2025","date_ts":1754092800000,"profit_abs":3.64680932,"wins":1,"draws":0,"losses":0,"trades":1,"profit_factor":0.0},{"date":"03/08/2025","date_ts":1754179200000,"profit_abs":0.0,"wins":0,"draws":0,"losses":0,"trades":0,"profit_factor":0.0},{"date":"04/08/2025","date_ts":1754265600000,"profit_abs":0.0,"wins":0,"draws":0,"losses":0,"trades":0,"profit_factor":0.0},{"date":"05/08/2025","date_ts":1754352000000,"profit_abs":3.72531162,"wins":1,"draws":0,"losses":0,"trades":1,"profit_factor":0.0},{"date":"06/08/2025","date_ts":1754438400000,"profit_abs":0.0,"wins":0,"draws":0,"losses":0,"trades":0,"profit_factor":0.0},{"date":"07/08/2025","date_ts":1754524800000,"profit_abs":0.0,"wins":0,"draws":0,"losses":0,"trades":0,"profit_factor":0.0},{"date":"08/08/2025","date_ts":1754611200000,"profit_abs":0.0,"wins":0,"draws":0,"losses":0,"trades":0,"profit_factor":0.0},{"date":"09/08/2025","date_ts":1754697600000,"profit_abs":0.0,"wins":0,"draws":0,"losses":0,"trades":0,"profit_factor":0.0},{"date":"10/08/2025","date_ts":1754784000000,"profit_abs":0.0,"wins":0,"draws":0,"losses":0,"trades":0,"profit_factor":0.0},{"date":"11/08/2025","date_ts":1754870400000,"profit_abs":6.65763404,"wins":2,"draws":0,"losses":0,"trades":2,"profit_factor":0.0},{"date":"12/08/2025","date_ts":1754956800000,"profit_abs":0.0,"wins":0,"draws":0,"losses":0,"trades":0,"profit_factor":0.0},{"date":"13/08/2025","date_ts":1755043200000,"profit_abs":0.0,"wins":0,"draws":0,"losses":0,"trades":0,"profit_factor":0.0},{"date":"14/08/2025","date_ts":1755129600000,"profit_abs":0.0,"wins":0,"draws":0,"losses":0,"trades":0,"profit_factor":0.0},{"date":"15/08/2025","date_ts":1755216000000,"profit_abs":0.0,"wins":0,"draws":0,"losses":0,"trades":0,"profit_factor":0.0},{"date":"16/08/2025","date_ts":1755302400000,"profit_abs":0.0,"wins":0,"draws":0,"losses":0,"trades":0,"profit_factor":0.0},{"date":"17/08/2025","date_ts":1755388800000,"profit_abs":0.0,"wins":0,"draws":0,"losses":0,"trades":0,"profit_factor":0.0},{"date":"18/08/2025","date_ts":1755475200000,"profit_abs":0.0,"wins":0,"draws":0,"losses":0,"trades":0,"profit_factor":0.0},{"date":"19/08/2025","date_ts":1755561600000,"profit_abs":8.99717336,"wins":2,"draws":0,"losses":0,"trades":2,"profit_factor":0.0},{"date":"20/08/2025","date_ts":1755648000000,"profit_abs":0.0,"wins":0,"draws":0,"losses":0,"trades":0,"profit_factor":0.0},{"date":"21/08/2025","date_ts":1755734400000,"profit_abs":2.21021303,"wins":1,"draws":0,"losses":0,"trades":1,"profit_factor":0.0},{"date":"22/08/2025","date_ts":1755820800000,"profit_abs":0.0,"wins":0,"draws":0,"losses":0,"trades":0,"profit_factor":0.0},{"date":"23/08/2025","date_ts":1755907200000,"profit_abs":0.0,"wins":0,"draws":0,"losses":0,"trades":0,"profit_factor":0.0},{"date":"24/08/2025","date_ts":1755993600000,"profit_abs":11.11288741,"wins":1,"draws":0,"losses":0,"trades":1,"profit_factor":0.0},{"date":"25/08/2025","date_ts":1756080000000,"profit_abs":2.48523589,"wins":1,"draws":0,"losses":0,"trades":1,"profit_factor":0.0},{"date":"26/08/2025","date_ts":1756166400000,"profit_abs":0.0,"wins":0,"draws":0,"losses":0,"trades":0,"profit_factor":0.0},{"date":"27/08/2025","date_ts":1756252800000,"profit_abs":0.0,"wins":0,"draws":0,"losses":0,"trades":0,"profit_factor":0.0},{"date":"28/08/2025","date_ts":1756339200000,"profit_abs":0.0,"wins":0,"draws":0,"losses":0,"trades":0,"profit_factor":0.0},{"date":"29/08/2025","date_ts":1756425600000,"profit_abs":0.0,"wins":0,"draws":0,"losses":0,"trades":0,"profit_factor":0.0},{"date":"30/08/2025","date_ts":1756512000000,"profit_abs":0.0,"wins":0,"draws":0,"losses":0,"trades":0,"profit_factor":0.0},{"date":"31/08/2025","date_ts":1756598400000,"profit_abs":0.0,"wins":0,"draws":0,"losses":0,"trades":0,"profit_factor":0.0},{"date":"01/09/2025","date_ts":1756684800000,"profit_abs":0.0,"wins":0,"draws":0,"losses":0,"trades":0,"profit_factor":0.0},{"date":"02/09/2025","date_ts":1756771200000,"profit_abs":0.0,"wins":0,"draws":0,"losses":0,"trades":0,"profit_factor":0.0},{"date":"03/09/2025","date_ts":1756857600000,"profit_abs":0.0,"wins":0,"draws":0,"losses":0,"trades":0,"profit_factor":0.0},{"date":"04/09/2025","date_ts":1756944000000,"profit_abs":0.0,"wins":0,"draws":0,"losses":0,"trades":0,"profit_factor":0.0},{"date":"05/09/2025","date_ts":1757030400000,"profit_abs":0.0,"wins":0,"draws":0,"losses":0,"trades":0,"profit_factor":0.0},{"date":"06/09/2025","date_ts":1757116800000,"profit_abs":0.0,"wins":0,"draws":0,"losses":0,"trades":0,"profit_factor":0.0},{"date":"07/09/2025","date_ts":1757203200000,"profit_abs":0.30015811,"wins":1,"draws":0,"losses":0,"trades":1,"profit_factor":0.0},{"date":"08/09/2025","date_ts":1757289600000,"profit_abs":0.0,"wins":0,"draws":0,"losses":0,"trades":0,"profit_factor":0.0},{"date":"09/09/2025","date_ts":1757376000000,"profit_abs":0.89468406,"wins":1,"draws":0,"losses":0,"trades":1,"profit_factor":0.0},{"date":"10/09/2025","date_ts":1757462400000,"profit_abs":0.0,"wins":0,"draws":0,"losses":0,"trades":0,"profit_factor":0.0},{"date":"11/09/2025","date_ts":1757548800000,"profit_abs":0.0,"wins":0,"draws":0,"losses":0,"trades":0,"profit_factor":0.0},{"date":"12/09/2025","date_ts":1757635200000,"profit_abs":0.0,"wins":0,"draws":0,"losses":0,"trades":0,"profit_factor":0.0},{"date":"13/09/2025","date_ts":1757721600000,"profit_abs":0.0,"wins":0,"draws":0,"losses":0,"trades":0,"profit_factor":0.0},{"date":"14/09/2025","date_ts":1757808000000,"profit_abs":0.0,"wins":0,"draws":0,"losses":0,"trades":0,"profit_factor":0.0},{"date":"15/09/2025","date_ts":1757894400000,"profit_abs":0.0,"wins":0,"draws":0,"losses":0,"trades":0,"profit_factor":0.0},{"date":"16/09/2025","date_ts":1757980800000,"profit_abs":0.0,"wins":0,"draws":0,"losses":0,"trades":0,"profit_factor":0.0},{"date":"17/09/2025","date_ts":1758067200000,"profit_abs":0.0,"wins":0,"draws":0,"losses":0,"trades":0,"profit_factor":0.0},{"date":"18/09/2025","date_ts":1758153600000,"profit_abs":0.0,"wins":0,"draws":0,"losses":0,"trades":0,"profit_factor":0.0},{"date":"19/09/2025","date_ts":1758240000000,"profit_abs":0.4159531,"wins":1,"draws":0,"losses":0,"trades":1,"profit_factor":0.0},{"date":"20/09/2025","date_ts":1758326400000,"profit_abs":0.0,"wins":0,"draws":0,"losses":0,"trades":0,"profit_factor":0.0},{"date":"21/09/2025","date_ts":1758412800000,"profit_abs":0.0,"wins":0,"draws":0,"losses":0,"trades":0,"profit_factor":0.0},{"date":"22/09/2025","date_ts":1758499200000,"profit_abs":4.17025485,"wins":2,"draws":0,"losses":0,"trades":2,"profit_factor":0.0},{"date":"23/09/2025","date_ts":1758585600000,"profit_abs":1.01576545,"wins":1,"draws":0,"losses":0,"trades":1,"profit_factor":0.0},{"date":"24/09/2025","date_ts":1758672000000,"profit_abs":0.0,"wins":0,"draws":0,"losses":0,"trades":0,"profit_factor":0.0},{"date":"25/09/2025","date_ts":1758758400000,"profit_abs":6.79786039,"wins":3,"draws":0,"losses":0,"trades":3,"profit_factor":0.0},{"date":"26/09/2025","date_ts":1758844800000,"profit_abs":0.0,"wins":0,"draws":0,"losses":0,"trades":0,"profit_factor":0.0},{"date":"27/09/2025","date_ts":1758931200000,"profit_abs":0.0,"wins":0,"draws":0,"losses":0,"trades":0,"profit_factor":0.0},{"date":"28/09/2025","date_ts":1759017600000,"profit_abs":0.0,"wins":0,"draws":0,"losses":0,"trades":0,"profit_factor":0.0},{"date":"29/09/2025","date_ts":1759104000000,"profit_abs":0.0,"wins":0,"draws":0,"losses":0,"trades":0,"profit_factor":0.0},{"date":"30/09/2025","date_ts":1759190400000,"profit_abs":-17.27452447,"wins":0,"draws":0,"losses":1,"trades":1,"profit_factor":0.0}],"week":[{"date":"07/07/2025","date_ts":1751846400000,"profit_abs":4.01592456,"wins":3,"draws":0,"losses":0,"trades":3,"profit_factor":0.0},{"date":"14/07/2025","date_ts":1752451200000,"profit_abs":7.49493704,"wins":1,"draws":0,"losses":0,"trades":1,"profit_factor":0.0},{"date":"21/07/2025","date_ts":1753056000000,"profit_abs":0.0,"wins":0,"draws":0,"losses":0,"trades":0,"profit_factor":0.0},{"date":"28/07/2025","date_ts":1753660800000,"profit_abs":0.0,"wins":0,"draws":0,"losses":0,"trades":0,"profit_factor":0.0},{"date":"04/08/2025","date_ts":1754265600000,"profit_abs":9.19337357,"wins":3,"draws":0,"losses":0,"trades":3,"profit_factor":0.0},{"date":"11/08/2025","date_ts":1754870400000,"profit_abs":10.38294566,"wins":3,"draws":0,"losses":0,"trades":3,"profit_factor":0.0},{"date":"18/08/2025","date_ts":1755475200000,"profit_abs":0.0,"wins":0,"draws":0,"losses":0,"trades":0,"profit_factor":0.0},{"date":"25/08/2025","date_ts":1756080000000,"profit_abs":24.80550969,"wins":5,"draws":0,"losses":0,"trades":5,"profit_factor":0.0},{"date":"01/09/2025","date_ts":1756684800000,"profit_abs":0.0,"wins":0,"draws":0,"losses":0,"trades":0,"profit_factor":0.0},{"date":"08/09/2025","date_ts":1757289600000,"profit_abs":0.30015811,"wins":1,"draws":0,"losses":0,"trades":1,"profit_factor":0.0},{"date":"15/09/2025","date_ts":1757894400000,"profit_abs":0.89468406,"wins":1,"draws":0,"losses":0,"trades":1,"profit_factor":0.0},{"date":"22/09/2025","date_ts":1758499200000,"profit_abs":4.58620795,"wins":3,"draws":0,"losses":0,"trades":3,"profit_factor":0.0},{"date":"29/09/2025","date_ts":1759104000000,"profit_abs":7.81362584,"wins":4,"draws":0,"losses":0,"trades":4,"profit_factor":0.0},{"date":"06/10/2025","date_ts":1759708800000,"profit_abs":-17.27452447,"wins":0,"draws":0,"losses":1,"trades":1,"profit_factor":0.0}],"month":[{"date":"31/07/2025","date_ts":1753920000000,"profit_abs":17.05742585,"wins":6,"draws":0,"losses":0,"trades":6,"profit_factor":0.0},{"date":"31/08/2025","date_ts":1756598400000,"profit_abs":38.83526467,"wins":9,"draws":0,"losses":0,"trades":9,"profit_factor":0.0},{"date":"30/09/2025","date_ts":1759190400000,"profit_abs":-3.67984851,"wins":9,"draws":0,"losses":1,"trades":10,"profit_factor":0.7869783}],"year":[{"date":"31/12/2025","date_ts":1767139200000,"profit_abs":52.21284201,"wins":24,"draws":0,"losses":1,"trades":25,"profit_factor":4.02253426}],"weekday":[{"date":"Monday","date_ts":0,"profit_abs":13.31312478,"wins":5,"draws":0,"losses":0,"trades":5,"profit_factor":0.0},{"date":"Tuesday","date_ts":1,"profit_abs":1.66064487,"wins":7,"draws":0,"losses":1,"trades":8,"profit_factor":1.0961326},{"date":"Wednesday","date_ts":2,"profit_abs":11.69514792,"wins":3,"draws":0,"losses":0,"trades":3,"profit_factor":0.0},{"date":"Thursday","date_ts":3,"profit_abs":9.00807342,"wins":4,"draws":0,"losses":0,"trades":4,"profit_factor":0.0},{"date":"Friday","date_ts":4,"profit_abs":0.4159531,"wins":1,"draws":0,"losses":0,"trades":1,"profit_factor":0.0},{"date":"Saturday","date_ts":5,"profit_abs":3.64680932,"wins":1,"draws":0,"losses":0,"trades":1,"profit_factor":0.0},{"date":"Sunday","date_ts":6,"profit_abs":12.4730886,"wins":3,"draws":0,"losses":0,"trades":3,"profit_factor":0.0}]},"backtest_best_day":0.2284115241144261,"backtest_worst_day":-0.024425122864187607,"backtest_best_day_abs":11.11288741,"backtest_worst_day_abs":-17.27452447,"winning_days":19,"draw_days":72,"losing_days":1,"daily_profit":[["2025-07-01",0.65489109],["2025-07-02",2.30099039],["2025-07-03",0.0],["2025-07-04",0.0],["2025-07-05",0.0],["2025-07-06",1.06004308],["2025-07-07",0.0],["2025-07-08",0.0],["2025-07-09",7.49493704],["2025-07-10",0.0],["2025-07-11",0.0],["2025-07-12",0.0],["2025-07-13",0.0],["2025-07-14",0.0],["2025-07-15",0.0],["2025-07-16",0.0],["2025-07-17",0.0],["2025-07-18",0.0],["2025-07-19",0.0],["2025-07-20",0.0],["2025-07-21",0.0],["2025-07-22",0.0],["2025-07-23",0.0],["2025-07-24",0.0],["2025-07-25",0.0],["2025-07-26",0.0],["2025-07-27",0.0],["2025-07-28",0.0],["2025-07-29",3.64734376],["2025-07-30",1.89922049],["2025-07-31",0.0],["2025-08-01",0.0],["2025-08-02",3.64680932],["2025-08-03",0.0],["2025-08-04",0.0],["2025-08-05",3.72531162],["2025-08-06",0.0],["2025-08-07",0.0],["2025-08-08",0.0],["2025-08-09",0.0],["2025-08-10",0.0],["2025-08-11",6.65763404],["2025-08-12",0.0],["2025-08-13",0.0],["2025-08-14",0.0],["2025-08-15",0.0],["2025-08-16",0.0],["2025-08-17",0.0],["2025-08-18",0.0],["2025-08-19",8.99717336],["2025-08-20",0.0],["2025-08-21",2.21021303],["2025-08-22",0.0],["2025-08-23",0.0],["2025-08-24",11.11288741],["2025-08-25",2.48523589],["2025-08-26",0.0],["2025-08-27",0.0],["2025-08-28",0.0],["2025-08-29",0.0],["2025-08-30",0.0],["2025-08-31",0.0],["2025-09-01",0.0],["2025-09-02",0.0],["2025-09-03",0.0],["2025-09-04",0.0],["2025-09-05",0.0],["2025-09-06",0.0],["2025-09-07",0.30015811],["2025-09-08",0.0],["2025-09-09",0.89468406],["2025-09-10",0.0],["2025-09-11",0.0],["2025-09-12",0.0],["2025-09-13",0.0],["2025-09-14",0.0],["2025-09-15",0.0],["2025-09-16",0.0],["2025-09-17",0.0],["2025-09-18",0.0],["2025-09-19",0.4159531],["2025-09-20",0.0],["2025-09-21",0.0],["2025-09-22",4.17025485],["2025-09-23",1.01576545],["2025-09-24",0.0],["2025-09-25",6.79786039],["2025-09-26",0.0],["2025-09-27",0.0],["2025-09-28",0.0],["2025-09-29",0.0],["2025-09-30",-17.27452447]],"wins":24,"losses":1,"draws":0,"winrate":0.96,"holding_avg":"1 day, 16:29:00","holding_avg_s":145740.0,"winner_holding_min":"0d 02:00","winner_holding_min_s":7200.0,"winner_holding_max":"6d 05:00","winner_holding_max_s":536400.0,"winner_holding_avg":"1d 14:30","winner_holding_avg_s":138600.0,"loser_holding_min":"3d 16:00","loser_holding_min_s":316800.0,"loser_holding_max":"3d 16:00","loser_holding_max_s":316800.0,"loser_holding_avg":"3d 16:00","loser_holding_avg_s":316800.0,"max_consecutive_wins":24,"max_consecutive_losses":1,"max_drawdown_account":0.016152153836894344,"max_relative_drawdown":0.016152153836894344,"max_drawdown_abs":17.274524470000003,"drawdown_start":"2025-09-25 17:00:00","drawdown_start_ts":1758819600000.0,"drawdown_end":"2025-09-30 00:00:00","drawdown_end_ts":1759190400000.0,"drawdown_duration":"4 days 07:00:00","drawdown_duration_s":370800.0,"max_drawdown_low":52.21284201,"max_drawdown_high":69.48736648,"csum_min":1000.65489109,"csum_max":1069.48736648}},"strategy_comparison":[{"key":"GKD_FisherTransformV4_ML","trades":25,"profit_mean":0.049215471652424014,"profit_mean_pct":4.92,"profit_total_abs":52.21284201,"profit_total":0.05221284201,"profit_total_pct":5.22,"duration_avg":"1 day, 16:29:00","wins":24,"draws":0,"losses":1,"winrate":0.96,"cagr":0.22647101345546705,"expectancy":2.0885136804,"expectancy_ratio":0.12090137034029746,"sortino":-100,"sharpe":2.3552025580639615,"calmar":67.86594966680454,"sqn":2.1983,"profit_factor":4.022534258507436,"max_drawdown_account":0.016152153836894344,"max_drawdown_abs":"17.275"}]}