{
  "strategy_name": "GKD_FisherTransformV4_ML",
  "params": {
    "max_open_trades": {
      "max_open_trades": 3
    },
    "buy": {
      "atr_period": 16,
      "baseline_period": 15,
      "fisher_buy_threshold": -0.04,
      "fisher_period": 15,
      "fisher_smooth_long": 7,
      "fisher_smooth_short": 3,
      "goldie_locks": 2.22,
      "ml_adaptation_rate": 0.41,
      "ml_confidence_threshold": 0.5,
      "ml_signal_threshold": 0.16
    },
    "sell": {
      "fisher_sell_threshold": 2.89,
      "ATR_Multip": 4.8,
      "ATR_SL_long_Multip": 2.8,
      "ATR_SL_short_Multip": 3.2,
      "fisher_long_exit": 0.131,
      "fisher_short_exit": -0.658,
      "rr_long": 2.3,
      "rr_short": 2.3
    },
    "protection": {},
    "roi": {
      "0": 0.249,
      "80": 0.114,
      "206": 0.03,
      "430": 0
    },
    "stoploss": {
      "stoploss": -0.032
    },
    "trailing": {
      "trailing_stop": true,
      "trailing_stop_positive": 0.234,
      "trailing_stop_positive_offset": 0.292,
      "trailing_only_offset_is_reached": true
    }
  },
  "ft_stratparam_v": 1,
  "export_time": "2025-10-23 19:55:57.861203+00:00"
}