{
  "strategy_name": "GKD_FisherTransformV4_ML",
  "params": {
    "max_open_trades": {
      "max_open_trades": 5
    },
    "buy": {
      "atr_period": 10,
      "baseline_period": 11,
      "fisher_buy_threshold": 2.37,
      "fisher_period": 13,
      "fisher_smooth_long": 8,
      "fisher_smooth_short": 4,
      "goldie_locks": 2.41,
      "ml_adaptation_rate": 0.25,
      "ml_confidence_threshold": 0.5,
      "ml_signal_threshold": 0.2
    },
    "sell": {
      "fisher_sell_threshold": 2.89,
      "ATR_Multip": 4.2,
      "ATR_SL_long_Multip": 2.4,
      "ATR_SL_short_Multip": 5.0,
      "fisher_long_exit": 0.505,
      "fisher_short_exit": -0.533,
      "rr_long": 3.4,
      "rr_short": 3.6
    },
    "protection": {},
    "roi": {
      "0": 0.308,
      "70": 0.082,
      "134": 0.039,
      "204": 0
    },
    "stoploss": {
      "stoploss": -0.1
    },
    "trailing": {
      "trailing_stop": true,
      "trailing_stop_positive": 0.056,
      "trailing_stop_positive_offset": 0.083,
      "trailing_only_offset_is_reached": true
    }
  },
  "ft_stratparam_v": 1,
  "export_time": "2025-10-22 20:44:33.557997+00:00"
}