{
  "strategy_name": "GKD_FisherTransformV4_ML",
  "params": {
    "max_open_trades": {
      "max_open_trades": 3
    },
    "buy": {
      "atr_period": 13,
      "baseline_period": 9,
      "fisher_buy_threshold": 0.98,
      "fisher_period": 10,
      "fisher_smooth_long": 7,
      "fisher_smooth_short": 7,
      "goldie_locks": 1.81,
      "ml_adaptation_rate": 0.24,
      "ml_confidence_threshold": 0.31,
      "ml_signal_threshold": 0.48
    },
    "sell": {
      "fisher_sell_threshold": 2.89,
      "ATR_Multip": 5.4,
      "ATR_SL_long_Multip": 4.3,
      "ATR_SL_short_Multip": 5.1,
      "fisher_long_exit": -0.939,
      "fisher_short_exit": 0.623,
      "rr_long": 3.1,
      "rr_short": 2.0
    },
    "protection": {},
    "roi": {
      "0": 0.258,
      "162": 0.178,
      "421": 0.043,
      "1700": 0
    },
    "stoploss": {
      "stoploss": -0.342
    },
    "trailing": {
      "trailing_stop": true,
      "trailing_stop_positive": 0.058,
      "trailing_stop_positive_offset": 0.099,
      "trailing_only_offset_is_reached": true
    }
  },
  "ft_stratparam_v": 1,
  "export_time": "2025-10-22 15:08:13.319540+00:00"
}