{"strategy":{"LiquidationHuntStrategy":{"trades":[{"pair":"SOL/USDT:USDT","stake_amount":99.814,"max_stake_amount":99.814,"amount":0.52,"open_date":"2025-01-08 17:45:00+00:00","close_date":"2025-01-08 20:30:00+00:00","open_rate":191.95,"close_rate":195.02273636818407,"fee_open":0.0005,"fee_close":0.0005,"trade_duration":165,"profit_ratio":0.014992503748125937,"profit_abs":1.49721,"exit_reason":"roi","initial_stop_loss_abs":185.23174999999998,"initial_stop_loss_ratio":-0.035,"stop_loss_abs":185.23174999999998,"stop_loss_ratio":-0.035,"min_rate":191.2,"max_rate":196.81,"is_open":false,"enter_tag":"","leverage":1.0,"is_short":false,"open_timestamp":1736358300000,"close_timestamp":1736368200000,"orders":[{"amount":0.52,"safe_price":191.95,"ft_order_side":"buy","order_filled_timestamp":1736358300000,"ft_is_entry":true,"ft_order_tag":"","cost":99.86390699999998},{"amount":0.52,"safe_price":195.02273636818407,"ft_order_side":"sell","order_filled_timestamp":1736368200000,"ft_is_entry":false,"ft_order_tag":"roi","cost":101.46252882291144}],"funding_fees":0.0,"weekday":2},{"pair":"SOL/USDT:USDT","stake_amount":98.608,"max_stake_amount":98.608,"amount":0.4,"open_date":"2025-01-19 23:45:00+00:00","close_date":"2025-01-19 23:45:00+00:00","open_rate":246.52,"close_rate":249.72475999999997,"fee_open":0.0005,"fee_close":0.0005,"trade_duration":0,"profit_ratio":0.011987506267148755,"profit_abs":1.18265505,"exit_reason":"trailing_stop_loss","initial_stop_loss_abs":237.8918,"initial_stop_loss_ratio":-0.035,"stop_loss_abs":251.83131999999998,"stop_loss_ratio":-0.012,"min_rate":246.31,"max_rate":254.89,"is_open":false,"enter_tag":"","leverage":1.0,"is_short":false,"open_timestamp":1737330300000,"close_timestamp":1737330300000,"orders":[{"amount":0.4,"safe_price":246.52,"ft_order_side":"buy","order_filled_timestamp":1737330300000,"ft_is_entry":true,"ft_order_tag":"","cost":98.657304},{"amount":0.4,"safe_price":249.72475999999997,"ft_order_side":"sell","order_filled_timestamp":1737330300000,"ft_is_entry":false,"ft_order_tag":"trailing_stop_loss","cost":99.93984895199999}],"funding_fees":0.0,"weekday":6},{"pair":"BTC/USDT:USDT","stake_amount":101.1766,"max_stake_amount":101.1766,"amount":0.001,"open_date":"2025-01-19 23:45:00+00:00","close_date":"2025-01-20 01:00:00+00:00","open_rate":101176.6,"close_rate":99769.5,"fee_open":0.0005,"fee_close":0.0005,"trade_duration":75,"profit_ratio":-0.014993045697388001,"profit_abs":-1.51770386,"exit_reason":"exit_signal","initial_stop_loss_abs":97635.41900000001,"initial_stop_loss_ratio":-0.035,"stop_loss_abs":97635.41900000001,"stop_loss_ratio":-0.035,"min_rate":99501.0,"max_rate":101959.2,"is_open":false,"enter_tag":"","leverage":1.0,"is_short":false,"open_timestamp":1737330300000,"close_timestamp":1737334800000,"orders":[{"amount":0.001,"safe_price":101176.6,"ft_order_side":"buy","order_filled_timestamp":1737330300000,"ft_is_entry":true,"ft_order_tag":"","cost":101.22718830000001},{"amount":0.001,"safe_price":99769.5,"ft_order_side":"sell","order_filled_timestamp":1737334800000,"ft_is_entry":false,"ft_order_tag":"exit_signal","cost":99.81938475}],"funding_fees":-0.01013081,"weekday":0},{"pair":"ETH/USDT:USDT","stake_amount":99.74777,"max_stake_amount":99.74777,"amount":0.031,"open_date":"2025-01-19 23:45:00+00:00","close_date":"2025-01-20 02:30:00+00:00","open_rate":3217.67,"close_rate":3269.1784742371183,"fee_open":0.0005,"fee_close":0.0005,"trade_duration":165,"profit_ratio":0.014892668325042392,"profit_abs":1.48625321,"exit_reason":"roi","initial_stop_loss_abs":3105.05155,"initial_stop_loss_ratio":-0.035,"stop_loss_abs":3105.05155,"stop_loss_ratio":-0.035,"min_rate":3141.25,"max_rate":3273.98,"is_open":false,"enter_tag":"","leverage":1.0,"is_short":false,"open_timestamp":1737330300000,"close_timestamp":1737340200000,"orders":[{"amount":0.031,"safe_price":3217.67,"ft_order_side":"buy","order_filled_timestamp":1737330300000,"ft_is_entry":true,"ft_order_tag":"","cost":99.797643885},{"amount":0.031,"safe_price":3269.1784742371183,"ft_order_side":"sell","order_filled_timestamp":1737340200000,"ft_is_entry":false,"ft_order_tag":"roi","cost":101.39520496770135}],"funding_fees":-0.009963338,"weekday":0},{"pair":"SOL/USDT:USDT","stake_amount":98.9125,"max_stake_amount":98.9125,"amount":0.41,"open_date":"2025-01-27 00:15:00+00:00","close_date":"2025-01-27 01:15:00+00:00","open_rate":241.25,"close_rate":235.4,"fee_open":0.0005,"fee_close":0.0005,"trade_duration":60,"profit_ratio":-0.02522396832671747,"profit_abs":-2.49621325,"exit_reason":"exit_signal","initial_stop_loss_abs":232.80625,"initial_stop_loss_ratio":-0.035,"stop_loss_abs":232.80625,"stop_loss_ratio":-0.035,"min_rate":235.01,"max_rate":241.82,"is_open":false,"enter_tag":"","leverage":1.0,"is_short":false,"open_timestamp":1737936900000,"close_timestamp":1737940500000,"orders":[{"amount":0.41,"safe_price":241.25,"ft_order_side":"buy","order_filled_timestamp":1737936900000,"ft_is_entry":true,"ft_order_tag":"","cost":98.96195624999999},{"amount":0.41,"safe_price":235.4,"ft_order_side":"sell","order_filled_timestamp":1737940500000,"ft_is_entry":false,"ft_order_tag":"exit_signal","cost":96.56225699999999}],"funding_fees":0.0,"weekday":0},{"pair":"SOL/USDT:USDT","stake_amount":99.21,"max_stake_amount":99.21,"amount":0.6,"open_date":"2025-02-18 07:15:00+00:00","close_date":"2025-02-18 09:00:00+00:00","open_rate":165.35,"close_rate":163.83,"fee_open":0.0005,"fee_close":0.0005,"trade_duration":105,"profit_ratio":-0.010222359035178511,"profit_abs":-1.01466732,"exit_reason":"exit_signal","initial_stop_loss_abs":159.56275,"initial_stop_loss_ratio":-0.035,"stop_loss_abs":159.56275,"stop_loss_ratio":-0.035,"min_rate":163.04,"max_rate":168.09,"is_open":false,"enter_tag":"","leverage":1.0,"is_short":false,"open_timestamp":1739862900000,"close_timestamp":1739869200000,"orders":[{"amount":0.6,"safe_price":165.35,"ft_order_side":"buy","order_filled_timestamp":1739862900000,"ft_is_entry":true,"ft_order_tag":"","cost":99.259605},{"amount":0.6,"safe_price":163.83,"ft_order_side":"sell","order_filled_timestamp":1739869200000,"ft_is_entry":false,"ft_order_tag":"exit_signal","cost":98.347149}],"funding_fees":-0.00391331772,"weekday":1},{"pair":"SOL/USDT:USDT","stake_amount":99.203,"max_stake_amount":99.203,"amount":0.65,"open_date":"2025-02-24 16:00:00+00:00","close_date":"2025-02-24 19:15:00+00:00","open_rate":152.62,"close_rate":151.95,"fee_open":0.0005,"fee_close":0.0005,"trade_duration":195,"profit_ratio":-0.005445116720693714,"profit_abs":-0.540442,"exit_reason":"exit_signal","initial_stop_loss_abs":147.2783,"initial_stop_loss_ratio":-0.035,"stop_loss_abs":147.2783,"stop_loss_ratio":-0.035,"min_rate":150.97,"max_rate":155.12,"is_open":false,"enter_tag":"","leverage":1.0,"is_short":false,"open_timestamp":1740412800000,"close_timestamp":1740424500000,"orders":[{"amount":0.65,"safe_price":152.62,"ft_order_side":"buy","order_filled_timestamp":1740412800000,"ft_is_entry":true,"ft_order_tag":"","cost":99.2526015},{"amount":0.65,"safe_price":151.95,"ft_order_side":"sell","order_filled_timestamp":1740424500000,"ft_is_entry":false,"ft_order_tag":"exit_signal","cost":98.81688374999999}],"funding_fees":-0.0059567498250000005,"weekday":0},{"pair":"SOL/USDT:USDT","stake_amount":99.1121,"max_stake_amount":99.1121,"amount":0.73,"open_date":"2025-02-25 07:15:00+00:00","close_date":"2025-02-25 08:00:00+00:00","open_rate":135.77,"close_rate":136.18,"fee_open":0.0005,"fee_close":0.0005,"trade_duration":45,"profit_ratio":0.001984242980984382,"profit_abs":0.19676082,"exit_reason":"exit_signal","initial_stop_loss_abs":131.01805000000002,"initial_stop_loss_ratio":-0.035,"stop_loss_abs":131.01805000000002,"stop_loss_ratio":-0.035,"min_rate":132.53,"max_rate":138.69,"is_open":false,"enter_tag":"","leverage":1.0,"is_short":false,"open_timestamp":1740467700000,"close_timestamp":1740470400000,"orders":[{"amount":0.73,"safe_price":135.77,"ft_order_side":"buy","order_filled_timestamp":1740467700000,"ft_is_entry":true,"ft_order_tag":"","cost":99.16165604999999},{"amount":0.73,"safe_price":136.18,"ft_order_side":"sell","order_filled_timestamp":1740470400000,"ft_is_entry":false,"ft_order_tag":"exit_signal","cost":99.46110569999999}],"funding_fees":-0.0032774255878056852,"weekday":1},{"pair":"BTC/USDT:USDT","stake_amount":86.9467,"max_stake_amount":86.9467,"amount":0.001,"open_date":"2025-02-25 15:45:00+00:00","close_date":"2025-02-25 16:30:00+00:00","open_rate":86946.7,"close_rate":86350.1,"fee_open":0.0005,"fee_close":0.0005,"trade_duration":45,"profit_ratio":-0.007868198713044639,"profit_abs":-0.68445597,"exit_reason":"exit_signal","initial_stop_loss_abs":83903.5655,"initial_stop_loss_ratio":-0.035,"stop_loss_abs":83903.5655,"stop_loss_ratio":-0.035,"min_rate":86125.9,"max_rate":87745.0,"is_open":false,"enter_tag":"","leverage":1.0,"is_short":false,"open_timestamp":1740498300000,"close_timestamp":1740501000000,"orders":[{"amount":0.001,"safe_price":86946.7,"ft_order_side":"buy","order_filled_timestamp":1740498300000,"ft_is_entry":true,"ft_order_tag":"","cost":86.99017334999999},{"amount":0.001,"safe_price":86350.1,"ft_order_side":"sell","order_filled_timestamp":1740501000000,"ft_is_entry":false,"ft_order_tag":"exit_signal","cost":86.39327505000001}],"funding_fees":-0.0012075667098981485,"weekday":1},{"pair":"SOL/USDT:USDT","stake_amount":98.5803,"max_stake_amount":98.5803,"amount":0.69,"open_date":"2025-03-03 20:15:00+00:00","close_date":"2025-03-03 22:00:00+00:00","open_rate":142.87,"close_rate":139.77,"fee_open":0.0005,"fee_close":0.0005,"trade_duration":105,"profit_ratio":-0.02267586022205528,"profit_abs":-2.2365108,"exit_reason":"exit_signal","initial_stop_loss_abs":137.86955,"initial_stop_loss_ratio":-0.035,"stop_loss_abs":137.86955,"stop_loss_ratio":-0.035,"min_rate":139.19,"max_rate":144.86,"is_open":false,"enter_tag":"","leverage":1.0,"is_short":false,"open_timestamp":1741032900000,"close_timestamp":1741039200000,"orders":[{"amount":0.69,"safe_price":142.87,"ft_order_side":"buy","order_filled_timestamp":1741032900000,"ft_is_entry":true,"ft_order_tag":"","cost":98.62959014999998},{"amount":0.69,"safe_price":139.77,"ft_order_side":"sell","order_filled_timestamp":1741039200000,"ft_is_entry":false,"ft_order_tag":"exit_signal","cost":96.48952064999999}],"funding_fees":0.0,"weekday":0},{"pair":"ETH/USDT:USDT","stake_amount":97.9524,"max_stake_amount":97.9524,"amount":0.046,"open_date":"2025-03-03 20:15:00+00:00","close_date":"2025-03-03 22:45:00+00:00","open_rate":2129.4,"close_rate":2163.4874437218605,"fee_open":0.0005,"fee_close":0.0005,"trade_duration":150,"profit_ratio":0.014992503748125939,"profit_abs":1.469286,"exit_reason":"roi","initial_stop_loss_abs":2054.871,"initial_stop_loss_ratio":-0.035,"stop_loss_abs":2054.871,"stop_loss_ratio":-0.035,"min_rate":2095.12,"max_rate":2172.71,"is_open":false,"enter_tag":"","leverage":1.0,"is_short":false,"open_timestamp":1741032900000,"close_timestamp":1741041900000,"orders":[{"amount":0.046,"safe_price":2129.4,"ft_order_side":"buy","order_filled_timestamp":1741032900000,"ft_is_entry":true,"ft_order_tag":"","cost":98.0013762},{"amount":0.046,"safe_price":2163.4874437218605,"ft_order_side":"sell","order_filled_timestamp":1741041900000,"ft_is_entry":false,"ft_order_tag":"roi","cost":99.57018262241118}],"funding_fees":0.0,"weekday":0},{"pair":"SOL/USDT:USDT","stake_amount":99.684,"max_stake_amount":99.684,"amount":0.72,"open_date":"2025-03-07 01:15:00+00:00","close_date":"2025-03-07 03:15:00+00:00","open_rate":138.45,"close_rate":141.24,"fee_open":0.0005,"fee_close":0.0005,"trade_duration":120,"profit_ratio":0.019132037448231463,"profit_abs":1.9081116,"exit_reason":"roi","initial_stop_loss_abs":133.60424999999998,"initial_stop_loss_ratio":-0.035,"stop_loss_abs":133.60424999999998,"stop_loss_ratio":-0.035,"min_rate":137.67,"max_rate":141.9,"is_open":false,"enter_tag":"","leverage":1.0,"is_short":false,"open_timestamp":1741310100000,"close_timestamp":1741317300000,"orders":[{"amount":0.72,"safe_price":138.45,"ft_order_side":"buy","order_filled_timestamp":1741310100000,"ft_is_entry":true,"ft_order_tag":"","cost":99.73384199999998},{"amount":0.72,"safe_price":141.24,"ft_order_side":"sell","order_filled_timestamp":1741317300000,"ft_is_entry":false,"ft_order_tag":"roi","cost":101.7436464}],"funding_fees":0.0,"weekday":4},{"pair":"ETH/USDT:USDT","stake_amount":98.15759,"max_stake_amount":98.15759,"amount":0.053,"open_date":"2025-03-10 19:15:00+00:00","close_date":"2025-03-10 21:15:00+00:00","open_rate":1852.03,"close_rate":1887.9,"fee_open":0.0005,"fee_close":0.0005,"trade_duration":120,"profit_ratio":0.018349078347841746,"profit_abs":1.80200186,"exit_reason":"roi","initial_stop_loss_abs":1787.20895,"initial_stop_loss_ratio":-0.035,"stop_loss_abs":1787.20895,"stop_loss_ratio":-0.035,"min_rate":1842.21,"max_rate":1896.1,"is_open":false,"enter_tag":"","leverage":1.0,"is_short":false,"open_timestamp":1741634100000,"close_timestamp":1741641300000,"orders":[{"amount":0.053,"safe_price":1852.03,"ft_order_side":"buy","order_filled_timestamp":1741634100000,"ft_is_entry":true,"ft_order_tag":"","cost":98.206668795},{"amount":0.053,"safe_price":1887.9,"ft_order_side":"sell","order_filled_timestamp":1741641300000,"ft_is_entry":false,"ft_order_tag":"roi","cost":100.10872934999999}],"funding_fees":0.0,"weekday":0},{"pair":"SOL/USDT:USDT","stake_amount":99.7704,"max_stake_amount":99.7704,"amount":0.93,"open_date":"2025-04-06 19:15:00+00:00","close_date":"2025-04-06 21:00:00+00:00","open_rate":107.28,"close_rate":106.49,"fee_open":0.0005,"fee_close":0.0005,"trade_duration":105,"profit_ratio":-0.008356047554149844,"profit_abs":-0.83410305,"exit_reason":"exit_signal","initial_stop_loss_abs":103.5252,"initial_stop_loss_ratio":-0.035,"stop_loss_abs":103.5252,"stop_loss_ratio":-0.035,"min_rate":105.26,"max_rate":108.5,"is_open":false,"enter_tag":"","leverage":1.0,"is_short":false,"open_timestamp":1743966900000,"close_timestamp":1743973200000,"orders":[{"amount":0.93,"safe_price":107.28,"ft_order_side":"buy","order_filled_timestamp":1743966900000,"ft_is_entry":true,"ft_order_tag":"","cost":99.8202852},{"amount":0.93,"safe_price":106.49,"ft_order_side":"sell","order_filled_timestamp":1743973200000,"ft_is_entry":false,"ft_order_tag":"exit_signal","cost":99.08521785}],"funding_fees":0.0,"weekday":6},{"pair":"BTC/USDT:USDT","stake_amount":75.0379,"max_stake_amount":75.0379,"amount":0.001,"open_date":"2025-04-07 07:15:00+00:00","close_date":"2025-04-07 09:15:00+00:00","open_rate":75037.9,"close_rate":76239.10700350173,"fee_open":0.0005,"fee_close":0.0005,"trade_duration":120,"profit_ratio":0.014923922046258524,"profit_abs":1.1204197,"exit_reason":"roi","initial_stop_loss_abs":72411.5735,"initial_stop_loss_ratio":-0.035,"stop_loss_abs":72411.5735,"stop_loss_ratio":-0.035,"min_rate":74827.0,"max_rate":76795.3,"is_open":false,"enter_tag":"","leverage":1.0,"is_short":false,"open_timestamp":1744010100000,"close_timestamp":1744017300000,"orders":[{"amount":0.001,"safe_price":75037.9,"ft_order_side":"buy","order_filled_timestamp":1744010100000,"ft_is_entry":true,"ft_order_tag":"","cost":75.07541894999999},{"amount":0.001,"safe_price":76239.10700350173,"ft_order_side":"sell","order_filled_timestamp":1744017300000,"ft_is_entry":false,"ft_order_tag":"roi","cost":76.27722655700347}],"funding_fees":-0.00514880158389071,"weekday":0},{"pair":"ETH/USDT:USDT","stake_amount":98.91009,"max_stake_amount":98.91009,"amount":0.067,"open_date":"2025-04-08 17:45:00+00:00","close_date":"2025-04-08 18:45:00+00:00","open_rate":1476.27,"close_rate":1476.04,"fee_open":0.0005,"fee_close":0.0005,"trade_duration":60,"profit_ratio":-0.0011551426388229512,"profit_abs":-0.11431239,"exit_reason":"exit_signal","initial_stop_loss_abs":1424.6005499999999,"initial_stop_loss_ratio":-0.035,"stop_loss_abs":1424.6005499999999,"stop_loss_ratio":-0.035,"min_rate":1466.23,"max_rate":1501.5,"is_open":false,"enter_tag":"","leverage":1.0,"is_short":false,"open_timestamp":1744134300000,"close_timestamp":1744137900000,"orders":[{"amount":0.067,"safe_price":1476.27,"ft_order_side":"buy","order_filled_timestamp":1744134300000,"ft_is_entry":true,"ft_order_tag":"","cost":98.959545045},{"amount":0.067,"safe_price":1476.04,"ft_order_side":"sell","order_filled_timestamp":1744137900000,"ft_is_entry":false,"ft_order_tag":"exit_signal","cost":98.94412734000001}],"funding_fees":0.0,"weekday":1},{"pair":"ETH/USDT:USDT","stake_amount":99.20344,"max_stake_amount":99.20344,"amount":0.056,"open_date":"2025-04-30 13:30:00+00:00","close_date":"2025-04-30 17:15:00+00:00","open_rate":1771.49,"close_rate":1763.36,"fee_open":0.0005,"fee_close":0.0005,"trade_duration":225,"profit_ratio":-0.0055238655712606,"profit_abs":-0.54826046,"exit_reason":"exit_signal","initial_stop_loss_abs":1709.48785,"initial_stop_loss_ratio":-0.035,"stop_loss_abs":1709.48785,"stop_loss_ratio":-0.035,"min_rate":1730.6,"max_rate":1772.67,"is_open":false,"enter_tag":"","leverage":1.0,"is_short":false,"open_timestamp":1746019800000,"close_timestamp":1746033300000,"orders":[{"amount":0.056,"safe_price":1771.49,"ft_order_side":"buy","order_filled_timestamp":1746019800000,"ft_is_entry":true,"ft_order_tag":"","cost":99.25304172},{"amount":0.056,"safe_price":1763.36,"ft_order_side":"sell","order_filled_timestamp":1746033300000,"ft_is_entry":false,"ft_order_tag":"exit_signal","cost":98.79753407999999}],"funding_fees":0.005995335311671827,"weekday":2},{"pair":"SOL/USDT:USDT","stake_amount":99.106,"max_stake_amount":99.106,"amount":0.7,"open_date":"2025-04-30 14:15:00+00:00","close_date":"2025-04-30 17:30:00+00:00","open_rate":141.58,"close_rate":143.8464132066033,"fee_open":0.0005,"fee_close":0.0005,"trade_duration":195,"profit_ratio":0.015144148507749233,"profit_abs":1.50162642,"exit_reason":"roi","initial_stop_loss_abs":136.62470000000002,"initial_stop_loss_ratio":-0.035,"stop_loss_abs":136.62470000000002,"stop_loss_ratio":-0.035,"min_rate":140.88,"max_rate":144.65,"is_open":false,"enter_tag":"","leverage":1.0,"is_short":false,"open_timestamp":1746022500000,"close_timestamp":1746034200000,"orders":[{"amount":0.7,"safe_price":141.58,"ft_order_side":"buy","order_filled_timestamp":1746022500000,"ft_is_entry":true,"ft_order_tag":"","cost":99.155553},{"amount":0.7,"safe_price":143.8464132066033,"ft_order_side":"sell","order_filled_timestamp":1746034200000,"ft_is_entry":false,"ft_order_tag":"roi","cost":100.74283548924461}],"funding_fees":0.015036417772277998,"weekday":2},{"pair":"SOL/USDT:USDT","stake_amount":99.2904,"max_stake_amount":99.2904,"amount":0.66,"open_date":"2025-06-17 00:30:00+00:00","close_date":"2025-06-17 02:45:00+00:00","open_rate":150.44,"close_rate":152.848244122061,"fee_open":0.0005,"fee_close":0.0005,"trade_duration":135,"profit_ratio":0.014992503748125935,"profit_abs":1.489356,"exit_reason":"roi","initial_stop_loss_abs":145.1746,"initial_stop_loss_ratio":-0.035,"stop_loss_abs":145.1746,"stop_loss_ratio":-0.035,"min_rate":149.7,"max_rate":153.38,"is_open":false,"enter_tag":"","leverage":1.0,"is_short":false,"open_timestamp":1750120200000,"close_timestamp":1750128300000,"orders":[{"amount":0.66,"safe_price":150.44,"ft_order_side":"buy","order_filled_timestamp":1750120200000,"ft_is_entry":true,"ft_order_tag":"","cost":99.3400452},{"amount":0.66,"safe_price":152.848244122061,"ft_order_side":"sell","order_filled_timestamp":1750128300000,"ft_is_entry":false,"ft_order_tag":"roi","cost":100.93028104112055}],"funding_fees":0.0,"weekday":1},{"pair":"SOL/USDT:USDT","stake_amount":98.878,"max_stake_amount":98.878,"amount":0.52,"open_date":"2025-07-23 14:15:00+00:00","close_date":"2025-07-23 17:15:00+00:00","open_rate":190.15,"close_rate":187.37,"fee_open":0.0005,"fee_close":0.0005,"trade_duration":180,"profit_ratio":-0.01570621999018897,"profit_abs":-1.55377612,"exit_reason":"exit_signal","initial_stop_loss_abs":183.49475,"initial_stop_loss_ratio":-0.035,"stop_loss_abs":183.49475,"stop_loss_ratio":-0.035,"min_rate":186.0,"max_rate":192.8,"is_open":false,"enter_tag":"","leverage":1.0,"is_short":false,"open_timestamp":1753280100000,"close_timestamp":1753290900000,"orders":[{"amount":0.52,"safe_price":190.15,"ft_order_side":"buy","order_filled_timestamp":1753280100000,"ft_is_entry":true,"ft_order_tag":"","cost":98.92743899999999},{"amount":0.52,"safe_price":187.37,"ft_order_side":"sell","order_filled_timestamp":1753290900000,"ft_is_entry":false,"ft_order_tag":"exit_signal","cost":97.4811162}],"funding_fees":-0.010020920000000003,"weekday":2},{"pair":"SOL/USDT:USDT","stake_amount":99.572,"max_stake_amount":99.572,"amount":0.55,"open_date":"2025-07-24 07:00:00+00:00","close_date":"2025-07-24 08:30:00+00:00","open_rate":181.04,"close_rate":185.74939469734866,"fee_open":0.0005,"fee_close":0.0005,"trade_duration":90,"profit_ratio":0.024885832301781863,"profit_abs":2.47917106,"exit_reason":"roi","initial_stop_loss_abs":174.7036,"initial_stop_loss_ratio":-0.035,"stop_loss_abs":183.768,"stop_loss_ratio":-0.012,"min_rate":179.2,"max_rate":186.0,"is_open":false,"enter_tag":"","leverage":1.0,"is_short":false,"open_timestamp":1753340400000,"close_timestamp":1753345800000,"orders":[{"amount":0.55,"safe_price":181.04,"ft_order_side":"buy","order_filled_timestamp":1753340400000,"ft_is_entry":true,"ft_order_tag":"","cost":99.621786},{"amount":0.55,"safe_price":185.74939469734866,"ft_order_side":"sell","order_filled_timestamp":1753345800000,"ft_is_entry":false,"ft_order_tag":"roi","cost":102.21324816708353}],"funding_fees":-0.0101289419869,"weekday":3},{"pair":"ETH/USDT:USDT","stake_amount":97.43184,"max_stake_amount":97.43184,"amount":0.022,"open_date":"2025-08-15 16:00:00+00:00","close_date":"2025-08-15 20:45:00+00:00","open_rate":4428.72,"close_rate":4402.0,"fee_open":0.0005,"fee_close":0.0005,"trade_duration":285,"profit_ratio":-0.007091523365616851,"profit_abs":-0.69128564,"exit_reason":"exit_signal","initial_stop_loss_abs":4273.7148,"initial_stop_loss_ratio":-0.035,"stop_loss_abs":4273.7148,"stop_loss_ratio":-0.035,"min_rate":4364.0,"max_rate":4463.09,"is_open":false,"enter_tag":"","leverage":1.0,"is_short":false,"open_timestamp":1755273600000,"close_timestamp":1755290700000,"orders":[{"amount":0.022,"safe_price":4428.72,"ft_order_side":"buy","order_filled_timestamp":1755273600000,"ft_is_entry":true,"ft_order_tag":"","cost":97.48055591999999},{"amount":0.022,"safe_price":4402.0,"ft_order_side":"sell","order_filled_timestamp":1755290700000,"ft_is_entry":false,"ft_order_tag":"exit_signal","cost":96.89242199999998}],"funding_fees":-0.006307723078799998,"weekday":4},{"pair":"SOL/USDT:USDT","stake_amount":98.3675,"max_stake_amount":98.3675,"amount":0.55,"open_date":"2025-10-17 07:45:00+00:00","close_date":"2025-10-17 08:00:00+00:00","open_rate":178.85,"close_rate":177.7,"fee_open":0.0005,"fee_close":0.0005,"trade_duration":15,"profit_ratio":-0.007495833245854517,"profit_abs":-0.73771505,"exit_reason":"exit_signal","initial_stop_loss_abs":172.59025,"initial_stop_loss_ratio":-0.035,"stop_loss_abs":172.59025,"stop_loss_ratio":-0.035,"min_rate":176.63,"max_rate":179.26,"is_open":false,"enter_tag":"","leverage":1.0,"is_short":false,"open_timestamp":1760687100000,"close_timestamp":1760688000000,"orders":[{"amount":0.55,"safe_price":178.85,"ft_order_side":"buy","order_filled_timestamp":1760687100000,"ft_is_entry":true,"ft_order_tag":"","cost":98.41668375},{"amount":0.55,"safe_price":177.7,"ft_order_side":"sell","order_filled_timestamp":1760688000000,"ft_is_entry":false,"ft_order_tag":"exit_signal","cost":97.7838675}],"funding_fees":-0.00716380434,"weekday":4}],"locks":[],"best_pair":{"key":"ETH/USDT:USDT","trades":6,"profit_mean":0.0057439531408849465,"profit_mean_pct":0.57,"profit_total_abs":3.40368258,"profit_total":0.0034036825799999997,"profit_total_pct":0.34,"duration_avg":"2:48:00","wins":3,"draws":0,"losses":3,"winrate":0.5,"cagr":0.004241854081769469,"expectancy":0.5672804300000001,"expectancy_ratio":1.2570304079564476,"sortino":0.9046563310201242,"sharpe":0.21362977216481674,"calmar":16.470844439907367,"sqn":1.221,"profit_factor":3.514060815912895,"max_drawdown_account":0.001347447951033265,"max_drawdown_abs":1.3538584900000004},"worst_pair":{"key":"BTC/USDT:USDT","trades":3,"profit_mean":-0.0026457741213913727,"profit_mean_pct":-0.26,"profit_total_abs":-1.0817401299999998,"profit_total":-0.0010817401299999998,"profit_total_pct":-0.11,"duration_avg":"1:20:00","wins":1,"draws":0,"losses":2,"winrate":0.3333333333333333,"cagr":-0.0013473810771722494,"expectancy":-0.3605800433333332,"expectancy_ratio":-0.32747854031406365,"sortino":-0.16930022147919419,"sharpe":-0.06405887447924948,"calmar":-3.2029703385350885,"sqn":-0.4631,"profit_factor":0.5087821895289045,"max_drawdown_account":0.002202159830000028,"max_drawdown_abs":2.20215983},"results_per_pair":[{"key":"ETH/USDT:USDT","trades":6,"profit_mean":0.0057439531408849465,"profit_mean_pct":0.57,"profit_total_abs":3.40368258,"profit_total":0.0034036825799999997,"profit_total_pct":0.34,"duration_avg":"2:48:00","wins":3,"draws":0,"losses":3,"winrate":0.5,"cagr":0.004241854081769469,"expectancy":0.5672804300000001,"expectancy_ratio":1.2570304079564476,"sortino":0.9046563310201242,"sharpe":0.21362977216481674,"calmar":16.470844439907367,"sqn":1.221,"profit_factor":3.514060815912895,"max_drawdown_account":0.001347447951033265,"max_drawdown_abs":1.3538584900000004},{"key":"SOL/USDT:USDT","trades":14,"profit_mean":0.0005709549933792331,"profit_mean_pct":0.06,"profit_total_abs":0.8414633600000005,"profit_total":0.0008414633600000006,"profit_total_pct":0.08,"duration_avg":"1:48:00","wins":7,"draws":0,"losses":7,"winrate":0.5,"cagr":0.001048347691687379,"expectancy":0.060104525714285706,"expectancy_ratio":0.04469484425066894,"sortino":0.07704670916585833,"sharpe":0.03515737479678611,"calmar":0.9031971189129728,"sqn":0.1389,"profit_factor":1.0893896885013379,"max_drawdown_account":0.006074792924754997,"max_drawdown_abs":6.09107255},{"key":"BTC/USDT:USDT","trades":3,"profit_mean":-0.0026457741213913727,"profit_mean_pct":-0.26,"profit_total_abs":-1.0817401299999998,"profit_total":-0.0010817401299999998,"profit_total_pct":-0.11,"duration_avg":"1:20:00","wins":1,"draws":0,"losses":2,"winrate":0.3333333333333333,"cagr":-0.0013473810771722494,"expectancy":-0.3605800433333332,"expectancy_ratio":-0.32747854031406365,"sortino":-0.16930022147919419,"sharpe":-0.06405887447924948,"calmar":-3.2029703385350885,"sqn":-0.4631,"profit_factor":0.5087821895289045,"max_drawdown_account":0.002202159830000028,"max_drawdown_abs":2.20215983},{"key":"TOTAL","trades":23,"profit_mean":0.001500859408193253,"profit_mean_pct":0.15,"profit_total_abs":3.1634058100000004,"profit_total":0.0031634058100000004,"profit_total_pct":0.32,"duration_avg":"2:00:00","wins":11,"draws":0,"losses":12,"winrate":0.4782608695652174,"cagr":0.003942291974081913,"expectancy":0.13753938304347835,"expectancy_ratio":0.12725852808015148,"sortino":0.29785053863626904,"sharpe":0.14562199162897035,"calmar":3.038376525720978,"sqn":0.4554,"profit_factor":1.2439121788202903,"max_drawdown_account":0.0067887861392933605,"max_drawdown_abs":6.80697917}],"results_per_enter_tag":[{"key":"","trades":23,"profit_mean":0.001500859408193253,"profit_mean_pct":0.15,"profit_total_abs":3.1634058100000004,"profit_total":0.0031634058100000004,"profit_total_pct":0.32,"duration_avg":"2:00:00","wins":11,"draws":0,"losses":12,"winrate":0.4782608695652174,"cagr":0.003942291974081913,"expectancy":0.13753938304347835,"expectancy_ratio":0.12725852808015148,"sortino":0.29785053863626904,"sharpe":0.14562199162897035,"calmar":3.038376525720978,"sqn":0.4554,"profit_factor":1.2439121788202903,"max_drawdown_account":0.0067887861392933605,"max_drawdown_abs":6.80697917},{"key":"TOTAL","trades":23,"profit_mean":0.001500859408193253,"profit_mean_pct":0.15,"profit_total_abs":3.1634058100000004,"profit_total":0.0031634058100000004,"profit_total_pct":0.32,"duration_avg":"2:00:00","wins":11,"draws":0,"losses":12,"winrate":0.4782608695652174,"cagr":0.003942291974081913,"expectancy":0.13753938304347835,"expectancy_ratio":0.12725852808015148,"sortino":0.29785053863626904,"sharpe":0.14562199162897035,"calmar":3.038376525720978,"sqn":0.4554,"profit_factor":1.2439121788202903,"max_drawdown_account":0.0067887861392933605,"max_drawdown_abs":6.80697917}],"exit_reason_summary":[{"key":"roi","trades":9,"profit_mean":0.016922799802364785,"profit_mean_pct":1.69,"profit_total_abs":14.75343585,"profit_total":0.014753435850000001,"profit_total_pct":1.48,"duration_avg":"2:20:00","wins":9,"draws":0,"losses":0,"winrate":1.0,"cagr":0.01841204625819981,"expectancy":1.63927065,"expectancy_ratio":100.0,"sortino":-100,"sharpe":2.6485720979336294,"calmar":-100,"sqn":12.7654,"profit_factor":0.0,"max_drawdown_account":0.0,"max_drawdown_abs":0.0},{"key":"trailing_stop_loss","trades":1,"profit_mean":0.011987506267148755,"profit_mean_pct":1.2,"profit_total_abs":1.18265505,"profit_total":0.00118265505,"profit_total_pct":0.12,"duration_avg":"0:00:00","wins":1,"draws":0,"losses":0,"winrate":1.0,"cagr":0.0014734873722825892,"expectancy":1.18265505,"expectancy_ratio":100.0,"sortino":-100,"sharpe":-100,"calmar":-100,"sqn":-100.0,"profit_factor":0.0,"max_drawdown_account":0.0,"max_drawdown_abs":0.0},{"key":"exit_signal","trades":13,"profit_mean":-0.009982533699998995,"profit_mean_pct":-1.0,"profit_total_abs":-12.77268509,"profit_total":-0.01277268509,"profit_total_pct":-1.28,"duration_avg":"1:55:00","wins":1,"draws":0,"losses":12,"winrate":0.07692307692307693,"cagr":-0.015886314400138657,"expectancy":-0.9825142376923077,"expectancy_ratio":-0.9090728265589947,"sortino":-1.2026124254630306,"sharpe":-1.1143317609811265,"calmar":-6.520468660253524,"sqn":-4.5539,"profit_factor":0.015171104561089149,"max_drawdown_account":0.012772685089999982,"max_drawdown_abs":12.77268509},{"key":"TOTAL","trades":23,"profit_mean":0.001500859408193253,"profit_mean_pct":0.15,"profit_total_abs":3.1634058100000004,"profit_total":0.0031634058100000004,"profit_total_pct":0.32,"duration_avg":"2:00:00","wins":11,"draws":0,"losses":12,"winrate":0.4782608695652174,"cagr":0.003942291974081913,"expectancy":0.13753938304347835,"expectancy_ratio":0.12725852808015148,"sortino":0.29785053863626904,"sharpe":0.14562199162897035,"calmar":3.038376525720978,"sqn":0.4554,"profit_factor":1.2439121788202903,"max_drawdown_account":0.0067887861392933605,"max_drawdown_abs":6.80697917}],"mix_tag_stats":[{"key":["","roi"],"trades":9,"profit_mean":0.016922799802364785,"profit_mean_pct":1.69,"profit_total_abs":14.75343585,"profit_total":0.014753435850000001,"profit_total_pct":1.48,"duration_avg":"2:20:00","wins":9,"draws":0,"losses":0,"winrate":1.0,"cagr":0.01841204625819981,"expectancy":1.63927065,"expectancy_ratio":100.0,"sortino":-100,"sharpe":2.6485720979336294,"calmar":-100,"sqn":12.7654,"profit_factor":0.0,"max_drawdown_account":0.0,"max_drawdown_abs":0.0},{"key":["","trailing_stop_loss"],"trades":1,"profit_mean":0.011987506267148755,"profit_mean_pct":1.2,"profit_total_abs":1.18265505,"profit_total":0.00118265505,"profit_total_pct":0.12,"duration_avg":"0:00:00","wins":1,"draws":0,"losses":0,"winrate":1.0,"cagr":0.0014734873722825892,"expectancy":1.18265505,"expectancy_ratio":100.0,"sortino":-100,"sharpe":-100,"calmar":-100,"sqn":-100.0,"profit_factor":0.0,"max_drawdown_account":0.0,"max_drawdown_abs":0.0},{"key":["","exit_signal"],"trades":13,"profit_mean":-0.009982533699998995,"profit_mean_pct":-1.0,"profit_total_abs":-12.77268509,"profit_total":-0.01277268509,"profit_total_pct":-1.28,"duration_avg":"1:55:00","wins":1,"draws":0,"losses":12,"winrate":0.07692307692307693,"cagr":-0.015886314400138657,"expectancy":-0.9825142376923077,"expectancy_ratio":-0.9090728265589947,"sortino":-1.2026124254630306,"sharpe":-1.1143317609811265,"calmar":-6.520468660253524,"sqn":-4.5539,"profit_factor":0.015171104561089149,"max_drawdown_account":0.012772685089999982,"max_drawdown_abs":12.77268509},{"key":"TOTAL","trades":23,"profit_mean":0.001500859408193253,"profit_mean_pct":0.15,"profit_total_abs":3.1634058100000004,"profit_total":0.0031634058100000004,"profit_total_pct":0.32,"duration_avg":"2:00:00","wins":11,"draws":0,"losses":12,"winrate":0.4782608695652174,"cagr":0.003942291974081913,"expectancy":0.13753938304347835,"expectancy_ratio":0.12725852808015148,"sortino":0.29785053863626904,"sharpe":0.14562199162897035,"calmar":3.038376525720978,"sqn":0.4554,"profit_factor":1.2439121788202903,"max_drawdown_account":0.0067887861392933605,"max_drawdown_abs":6.80697917}],"left_open_trades":[{"key":"TOTAL","trades":0,"profit_mean":0.0,"profit_mean_pct":0.0,"profit_total_abs":0.0,"profit_total":0.0,"profit_total_pct":0.0,"duration_avg":"0:00","wins":0,"draws":0,"losses":0,"winrate":0.0,"cagr":0.0,"expectancy":0.0,"expectancy_ratio":100.0,"sortino":0,"sharpe":0,"calmar":0,"sqn":0.0,"profit_factor":0.0,"max_drawdown_account":0.0,"max_drawdown_abs":0.0}],"total_trades":23,"trade_count_long":23,"trade_count_short":0,"total_volume":4493.051459504476,"avg_stake_amount":97.50750130434781,"profit_mean":0.001500859408193253,"profit_median":-0.0011551426388229512,"profit_total":0.0031634058100000004,"profit_total_long":0.0031634058100000004,"profit_total_short":0.0,"profit_total_abs":3.1634058100000004,"profit_total_long_abs":3.1634058100000004,"profit_total_short_abs":0.0,"cagr":0.003942291974081913,"expectancy":0.13753938304347835,"expectancy_ratio":0.12725852808015148,"sortino":0.29785053863626904,"sharpe":0.14562199162897035,"calmar":3.038376525720978,"sqn":0.4554,"profit_factor":1.2439121788202903,"backtest_start":"2025-01-02 01:00:00","backtest_start_ts":1735779600000,"backtest_end":"2025-10-22 11:30:00","backtest_end_ts":1761132600000,"backtest_days":293,"backtest_run_start_ts":1761134815,"backtest_run_end_ts":1761134815,"trades_per_day":0.08,"market_change":0.06375756964207707,"pairlist":["BTC/USDT:USDT","ETH/USDT:USDT","SOL/USDT:USDT"],"stake_amount":100,"stake_currency":"USDT","stake_currency_decimals":3,"starting_balance":1000,"dry_run_wallet":1000,"final_balance":1003.16340581,"rejected_signals":0,"timedout_entry_orders":0,"timedout_exit_orders":0,"canceled_trade_entries":0,"canceled_entry_orders":0,"replaced_entry_orders":0,"max_open_trades":3,"max_open_trades_setting":3,"timeframe":"15m","timeframe_detail":"","timerange":"","enable_protections":false,"strategy_name":"LiquidationHuntStrategy","freqaimodel":null,"freqai_identifier":null,"stoploss":-0.035,"trailing_stop":true,"trailing_stop_positive":0.012,"trailing_stop_positive_offset":0.025,"trailing_only_offset_is_reached":true,"use_custom_stoploss":false,"minimal_roi":{"0":0.06,"30":0.04,"60":0.025,"120":0.015,"240":0.008},"use_exit_signal":true,"exit_profit_only":false,"exit_profit_offset":0.0,"ignore_roi_if_entry_signal":false,"trading_mode":"futures","margin_mode":"isolated","periodic_breakdown":{"day":[{"date":"08/01/2025","date_ts":1736294400000,"profit_abs":1.49721,"wins":1,"draws":0,"losses":0,"trades":1,"profit_factor":0.0},{"date":"09/01/2025","date_ts":1736380800000,"profit_abs":0.0,"wins":0,"draws":0,"losses":0,"trades":0,"profit_factor":0.0},{"date":"10/01/2025","date_ts":1736467200000,"profit_abs":0.0,"wins":0,"draws":0,"losses":0,"trades":0,"profit_factor":0.0},{"date":"11/01/2025","date_ts":1736553600000,"profit_abs":0.0,"wins":0,"draws":0,"losses":0,"trades":0,"profit_factor":0.0},{"date":"12/01/2025","date_ts":1736640000000,"profit_abs":0.0,"wins":0,"draws":0,"losses":0,"trades":0,"profit_factor":0.0},{"date":"13/01/2025","date_ts":1736726400000,"profit_abs":0.0,"wins":0,"draws":0,"losses":0,"trades":0,"profit_factor":0.0},{"date":"14/01/2025","date_ts":1736812800000,"profit_abs":0.0,"wins":0,"draws":0,"losses":0,"trades":0,"profit_factor":0.0},{"date":"15/01/2025","date_ts":1736899200000,"profit_abs":0.0,"wins":0,"draws":0,"losses":0,"trades":0,"profit_factor":0.0},{"date":"16/01/2025","date_ts":1736985600000,"profit_abs":0.0,"wins":0,"draws":0,"losses":0,"trades":0,"profit_factor":0.0},{"date":"17/01/2025","date_ts":1737072000000,"profit_abs":0.0,"wins":0,"draws":0,"losses":0,"trades":0,"profit_factor":0.0},{"date":"18/01/2025","date_ts":1737158400000,"profit_abs":0.0,"wins":0,"draws":0,"losses":0,"trades":0,"profit_factor":0.0},{"date":"19/01/2025","date_ts":1737244800000,"profit_abs":1.18265505,"wins":1,"draws":0,"losses":0,"trades":1,"profit_factor":0.0},{"date":"20/01/2025","date_ts":1737331200000,"profit_abs":-0.03145065,"wins":1,"draws":0,"losses":1,"trades":2,"profit_factor":0.97927748},{"date":"21/01/2025","date_ts":1737417600000,"profit_abs":0.0,"wins":0,"draws":0,"losses":0,"trades":0,"profit_factor":0.0},{"date":"22/01/2025","date_ts":1737504000000,"profit_abs":0.0,"wins":0,"draws":0,"losses":0,"trades":0,"profit_factor":0.0},{"date":"23/01/2025","date_ts":1737590400000,"profit_abs":0.0,"wins":0,"draws":0,"losses":0,"trades":0,"profit_factor":0.0},{"date":"24/01/2025","date_ts":1737676800000,"profit_abs":0.0,"wins":0,"draws":0,"losses":0,"trades":0,"profit_factor":0.0},{"date":"25/01/2025","date_ts":1737763200000,"profit_abs":0.0,"wins":0,"draws":0,"losses":0,"trades":0,"profit_factor":0.0},{"date":"26/01/2025","date_ts":1737849600000,"profit_abs":0.0,"wins":0,"draws":0,"losses":0,"trades":0,"profit_factor":0.0},{"date":"27/01/2025","date_ts":1737936000000,"profit_abs":-2.49621325,"wins":0,"draws":0,"losses":1,"trades":1,"profit_factor":0.0},{"date":"28/01/2025","date_ts":1738022400000,"profit_abs":0.0,"wins":0,"draws":0,"losses":0,"trades":0,"profit_factor":0.0},{"date":"29/01/2025","date_ts":1738108800000,"profit_abs":0.0,"wins":0,"draws":0,"losses":0,"trades":0,"profit_factor":0.0},{"date":"30/01/2025","date_ts":1738195200000,"profit_abs":0.0,"wins":0,"draws":0,"losses":0,"trades":0,"profit_factor":0.0},{"date":"31/01/2025","date_ts":1738281600000,"profit_abs":0.0,"wins":0,"draws":0,"losses":0,"trades":0,"profit_factor":0.0},{"date":"01/02/2025","date_ts":1738368000000,"profit_abs":0.0,"wins":0,"draws":0,"losses":0,"trades":0,"profit_factor":0.0},{"date":"02/02/2025","date_ts":1738454400000,"profit_abs":0.0,"wins":0,"draws":0,"losses":0,"trades":0,"profit_factor":0.0},{"date":"03/02/2025","date_ts":1738540800000,"profit_abs":0.0,"wins":0,"draws":0,"losses":0,"trades":0,"profit_factor":0.0},{"date":"04/02/2025","date_ts":1738627200000,"profit_abs":0.0,"wins":0,"draws":0,"losses":0,"trades":0,"profit_factor":0.0},{"date":"05/02/2025","date_ts":1738713600000,"profit_abs":0.0,"wins":0,"draws":0,"losses":0,"trades":0,"profit_factor":0.0},{"date":"06/02/2025","date_ts":1738800000000,"profit_abs":0.0,"wins":0,"draws":0,"losses":0,"trades":0,"profit_factor":0.0},{"date":"07/02/2025","date_ts":1738886400000,"profit_abs":0.0,"wins":0,"draws":0,"losses":0,"trades":0,"profit_factor":0.0},{"date":"08/02/2025","date_ts":1738972800000,"profit_abs":0.0,"wins":0,"draws":0,"losses":0,"trades":0,"profit_factor":0.0},{"date":"09/02/2025","date_ts":1739059200000,"profit_abs":0.0,"wins":0,"draws":0,"losses":0,"trades":0,"profit_factor":0.0},{"date":"10/02/2025","date_ts":1739145600000,"profit_abs":0.0,"wins":0,"draws":0,"losses":0,"trades":0,"profit_factor":0.0},{"date":"11/02/2025","date_ts":1739232000000,"profit_abs":0.0,"wins":0,"draws":0,"losses":0,"trades":0,"profit_factor":0.0},{"date":"12/02/2025","date_ts":1739318400000,"profit_abs":0.0,"wins":0,"draws":0,"losses":0,"trades":0,"profit_factor":0.0},{"date":"13/02/2025","date_ts":1739404800000,"profit_abs":0.0,"wins":0,"draws":0,"losses":0,"trades":0,"profit_factor":0.0},{"date":"14/02/2025","date_ts":1739491200000,"profit_abs":0.0,"wins":0,"draws":0,"losses":0,"trades":0,"profit_factor":0.0},{"date":"15/02/2025","date_ts":1739577600000,"profit_abs":0.0,"wins":0,"draws":0,"losses":0,"trades":0,"profit_factor":0.0},{"date":"16/02/2025","date_ts":1739664000000,"profit_abs":0.0,"wins":0,"draws":0,"losses":0,"trades":0,"profit_factor":0.0},{"date":"17/02/2025","date_ts":1739750400000,"profit_abs":0.0,"wins":0,"draws":0,"losses":0,"trades":0,"profit_factor":0.0},{"date":"18/02/2025","date_ts":1739836800000,"profit_abs":-1.01466732,"wins":0,"draws":0,"losses":1,"trades":1,"profit_factor":0.0},{"date":"19/02/2025","date_ts":1739923200000,"profit_abs":0.0,"wins":0,"draws":0,"losses":0,"trades":0,"profit_factor":0.0},{"date":"20/02/2025","date_ts":1740009600000,"profit_abs":0.0,"wins":0,"draws":0,"losses":0,"trades":0,"profit_factor":0.0},{"date":"21/02/2025","date_ts":1740096000000,"profit_abs":0.0,"wins":0,"draws":0,"losses":0,"trades":0,"profit_factor":0.0},{"date":"22/02/2025","date_ts":1740182400000,"profit_abs":0.0,"wins":0,"draws":0,"losses":0,"trades":0,"profit_factor":0.0},{"date":"23/02/2025","date_ts":1740268800000,"profit_abs":0.0,"wins":0,"draws":0,"losses":0,"trades":0,"profit_factor":0.0},{"date":"24/02/2025","date_ts":1740355200000,"profit_abs":-0.540442,"wins":0,"draws":0,"losses":1,"trades":1,"profit_factor":0.0},{"date":"25/02/2025","date_ts":1740441600000,"profit_abs":-0.48769515,"wins":1,"draws":0,"losses":1,"trades":2,"profit_factor":0.28747038},{"date":"26/02/2025","date_ts":1740528000000,"profit_abs":0.0,"wins":0,"draws":0,"losses":0,"trades":0,"profit_factor":0.0},{"date":"27/02/2025","date_ts":1740614400000,"profit_abs":0.0,"wins":0,"draws":0,"losses":0,"trades":0,"profit_factor":0.0},{"date":"28/02/2025","date_ts":1740700800000,"profit_abs":0.0,"wins":0,"draws":0,"losses":0,"trades":0,"profit_factor":0.0},{"date":"01/03/2025","date_ts":1740787200000,"profit_abs":0.0,"wins":0,"draws":0,"losses":0,"trades":0,"profit_factor":0.0},{"date":"02/03/2025","date_ts":1740873600000,"profit_abs":0.0,"wins":0,"draws":0,"losses":0,"trades":0,"profit_factor":0.0},{"date":"03/03/2025","date_ts":1740960000000,"profit_abs":-0.7672248,"wins":1,"draws":0,"losses":1,"trades":2,"profit_factor":0.65695457},{"date":"04/03/2025","date_ts":1741046400000,"profit_abs":0.0,"wins":0,"draws":0,"losses":0,"trades":0,"profit_factor":0.0},{"date":"05/03/2025","date_ts":1741132800000,"profit_abs":0.0,"wins":0,"draws":0,"losses":0,"trades":0,"profit_factor":0.0},{"date":"06/03/2025","date_ts":1741219200000,"profit_abs":0.0,"wins":0,"draws":0,"losses":0,"trades":0,"profit_factor":0.0},{"date":"07/03/2025","date_ts":1741305600000,"profit_abs":1.9081116,"wins":1,"draws":0,"losses":0,"trades":1,"profit_factor":0.0},{"date":"08/03/2025","date_ts":1741392000000,"profit_abs":0.0,"wins":0,"draws":0,"losses":0,"trades":0,"profit_factor":0.0},{"date":"09/03/2025","date_ts":1741478400000,"profit_abs":0.0,"wins":0,"draws":0,"losses":0,"trades":0,"profit_factor":0.0},{"date":"10/03/2025","date_ts":1741564800000,"profit_abs":1.80200186,"wins":1,"draws":0,"losses":0,"trades":1,"profit_factor":0.0},{"date":"11/03/2025","date_ts":1741651200000,"profit_abs":0.0,"wins":0,"draws":0,"losses":0,"trades":0,"profit_factor":0.0},{"date":"12/03/2025","date_ts":1741737600000,"profit_abs":0.0,"wins":0,"draws":0,"losses":0,"trades":0,"profit_factor":0.0},{"date":"13/03/2025","date_ts":1741824000000,"profit_abs":0.0,"wins":0,"draws":0,"losses":0,"trades":0,"profit_factor":0.0},{"date":"14/03/2025","date_ts":1741910400000,"profit_abs":0.0,"wins":0,"draws":0,"losses":0,"trades":0,"profit_factor":0.0},{"date":"15/03/2025","date_ts":1741996800000,"profit_abs":0.0,"wins":0,"draws":0,"losses":0,"trades":0,"profit_factor":0.0},{"date":"16/03/2025","date_ts":1742083200000,"profit_abs":0.0,"wins":0,"draws":0,"losses":0,"trades":0,"profit_factor":0.0},{"date":"17/03/2025","date_ts":1742169600000,"profit_abs":0.0,"wins":0,"draws":0,"losses":0,"trades":0,"profit_factor":0.0},{"date":"18/03/2025","date_ts":1742256000000,"profit_abs":0.0,"wins":0,"draws":0,"losses":0,"trades":0,"profit_factor":0.0},{"date":"19/03/2025","date_ts":1742342400000,"profit_abs":0.0,"wins":0,"draws":0,"losses":0,"trades":0,"profit_factor":0.0},{"date":"20/03/2025","date_ts":1742428800000,"profit_abs":0.0,"wins":0,"draws":0,"losses":0,"trades":0,"profit_factor":0.0},{"date":"21/03/2025","date_ts":1742515200000,"profit_abs":0.0,"wins":0,"draws":0,"losses":0,"trades":0,"profit_factor":0.0},{"date":"22/03/2025","date_ts":1742601600000,"profit_abs":0.0,"wins":0,"draws":0,"losses":0,"trades":0,"profit_factor":0.0},{"date":"23/03/2025","date_ts":1742688000000,"profit_abs":0.0,"wins":0,"draws":0,"losses":0,"trades":0,"profit_factor":0.0},{"date":"24/03/2025","date_ts":1742774400000,"profit_abs":0.0,"wins":0,"draws":0,"losses":0,"trades":0,"profit_factor":0.0},{"date":"25/03/2025","date_ts":1742860800000,"profit_abs":0.0,"wins":0,"draws":0,"losses":0,"trades":0,"profit_factor":0.0},{"date":"26/03/2025","date_ts":1742947200000,"profit_abs":0.0,"wins":0,"draws":0,"losses":0,"trades":0,"profit_factor":0.0},{"date":"27/03/2025","date_ts":1743033600000,"profit_abs":0.0,"wins":0,"draws":0,"losses":0,"trades":0,"profit_factor":0.0},{"date":"28/03/2025","date_ts":1743120000000,"profit_abs":0.0,"wins":0,"draws":0,"losses":0,"trades":0,"profit_factor":0.0},{"date":"29/03/2025","date_ts":1743206400000,"profit_abs":0.0,"wins":0,"draws":0,"losses":0,"trades":0,"profit_factor":0.0},{"date":"30/03/2025","date_ts":1743292800000,"profit_abs":0.0,"wins":0,"draws":0,"losses":0,"trades":0,"profit_factor":0.0},{"date":"31/03/2025","date_ts":1743379200000,"profit_abs":0.0,"wins":0,"draws":0,"losses":0,"trades":0,"profit_factor":0.0},{"date":"01/04/2025","date_ts":1743465600000,"profit_abs":0.0,"wins":0,"draws":0,"losses":0,"trades":0,"profit_factor":0.0},{"date":"02/04/2025","date_ts":1743552000000,"profit_abs":0.0,"wins":0,"draws":0,"losses":0,"trades":0,"profit_factor":0.0},{"date":"03/04/2025","date_ts":1743638400000,"profit_abs":0.0,"wins":0,"draws":0,"losses":0,"trades":0,"profit_factor":0.0},{"date":"04/04/2025","date_ts":1743724800000,"profit_abs":0.0,"wins":0,"draws":0,"losses":0,"trades":0,"profit_factor":0.0},{"date":"05/04/2025","date_ts":1743811200000,"profit_abs":0.0,"wins":0,"draws":0,"losses":0,"trades":0,"profit_factor":0.0},{"date":"06/04/2025","date_ts":1743897600000,"profit_abs":-0.83410305,"wins":0,"draws":0,"losses":1,"trades":1,"profit_factor":0.0},{"date":"07/04/2025","date_ts":1743984000000,"profit_abs":1.1204197,"wins":1,"draws":0,"losses":0,"trades":1,"profit_factor":0.0},{"date":"08/04/2025","date_ts":1744070400000,"profit_abs":-0.11431239,"wins":0,"draws":0,"losses":1,"trades":1,"profit_factor":0.0},{"date":"09/04/2025","date_ts":1744156800000,"profit_abs":0.0,"wins":0,"draws":0,"losses":0,"trades":0,"profit_factor":0.0},{"date":"10/04/2025","date_ts":1744243200000,"profit_abs":0.0,"wins":0,"draws":0,"losses":0,"trades":0,"profit_factor":0.0},{"date":"11/04/2025","date_ts":1744329600000,"profit_abs":0.0,"wins":0,"draws":0,"losses":0,"trades":0,"profit_factor":0.0},{"date":"12/04/2025","date_ts":1744416000000,"profit_abs":0.0,"wins":0,"draws":0,"losses":0,"trades":0,"profit_factor":0.0},{"date":"13/04/2025","date_ts":1744502400000,"profit_abs":0.0,"wins":0,"draws":0,"losses":0,"trades":0,"profit_factor":0.0},{"date":"14/04/2025","date_ts":1744588800000,"profit_abs":0.0,"wins":0,"draws":0,"losses":0,"trades":0,"profit_factor":0.0},{"date":"15/04/2025","date_ts":1744675200000,"profit_abs":0.0,"wins":0,"draws":0,"losses":0,"trades":0,"profit_factor":0.0},{"date":"16/04/2025","date_ts":1744761600000,"profit_abs":0.0,"wins":0,"draws":0,"losses":0,"trades":0,"profit_factor":0.0},{"date":"17/04/2025","date_ts":1744848000000,"profit_abs":0.0,"wins":0,"draws":0,"losses":0,"trades":0,"profit_factor":0.0},{"date":"18/04/2025","date_ts":1744934400000,"profit_abs":0.0,"wins":0,"draws":0,"losses":0,"trades":0,"profit_factor":0.0},{"date":"19/04/2025","date_ts":1745020800000,"profit_abs":0.0,"wins":0,"draws":0,"losses":0,"trades":0,"profit_factor":0.0},{"date":"20/04/2025","date_ts":1745107200000,"profit_abs":0.0,"wins":0,"draws":0,"losses":0,"trades":0,"profit_factor":0.0},{"date":"21/04/2025","date_ts":1745193600000,"profit_abs":0.0,"wins":0,"draws":0,"losses":0,"trades":0,"profit_factor":0.0},{"date":"22/04/2025","date_ts":1745280000000,"profit_abs":0.0,"wins":0,"draws":0,"losses":0,"trades":0,"profit_factor":0.0},{"date":"23/04/2025","date_ts":1745366400000,"profit_abs":0.0,"wins":0,"draws":0,"losses":0,"trades":0,"profit_factor":0.0},{"date":"24/04/2025","date_ts":1745452800000,"profit_abs":0.0,"wins":0,"draws":0,"losses":0,"trades":0,"profit_factor":0.0},{"date":"25/04/2025","date_ts":1745539200000,"profit_abs":0.0,"wins":0,"draws":0,"losses":0,"trades":0,"profit_factor":0.0},{"date":"26/04/2025","date_ts":1745625600000,"profit_abs":0.0,"wins":0,"draws":0,"losses":0,"trades":0,"profit_factor":0.0},{"date":"27/04/2025","date_ts":1745712000000,"profit_abs":0.0,"wins":0,"draws":0,"losses":0,"trades":0,"profit_factor":0.0},{"date":"28/04/2025","date_ts":1745798400000,"profit_abs":0.0,"wins":0,"draws":0,"losses":0,"trades":0,"profit_factor":0.0},{"date":"29/04/2025","date_ts":1745884800000,"profit_abs":0.0,"wins":0,"draws":0,"losses":0,"trades":0,"profit_factor":0.0},{"date":"30/04/2025","date_ts":1745971200000,"profit_abs":0.95336596,"wins":1,"draws":0,"losses":1,"trades":2,"profit_factor":2.73889242},{"date":"01/05/2025","date_ts":1746057600000,"profit_abs":0.0,"wins":0,"draws":0,"losses":0,"trades":0,"profit_factor":0.0},{"date":"02/05/2025","date_ts":1746144000000,"profit_abs":0.0,"wins":0,"draws":0,"losses":0,"trades":0,"profit_factor":0.0},{"date":"03/05/2025","date_ts":1746230400000,"profit_abs":0.0,"wins":0,"draws":0,"losses":0,"trades":0,"profit_factor":0.0},{"date":"04/05/2025","date_ts":1746316800000,"profit_abs":0.0,"wins":0,"draws":0,"losses":0,"trades":0,"profit_factor":0.0},{"date":"05/05/2025","date_ts":1746403200000,"profit_abs":0.0,"wins":0,"draws":0,"losses":0,"trades":0,"profit_factor":0.0},{"date":"06/05/2025","date_ts":1746489600000,"profit_abs":0.0,"wins":0,"draws":0,"losses":0,"trades":0,"profit_factor":0.0},{"date":"07/05/2025","date_ts":1746576000000,"profit_abs":0.0,"wins":0,"draws":0,"losses":0,"trades":0,"profit_factor":0.0},{"date":"08/05/2025","date_ts":1746662400000,"profit_abs":0.0,"wins":0,"draws":0,"losses":0,"trades":0,"profit_factor":0.0},{"date":"09/05/2025","date_ts":1746748800000,"profit_abs":0.0,"wins":0,"draws":0,"losses":0,"trades":0,"profit_factor":0.0},{"date":"10/05/2025","date_ts":1746835200000,"profit_abs":0.0,"wins":0,"draws":0,"losses":0,"trades":0,"profit_factor":0.0},{"date":"11/05/2025","date_ts":1746921600000,"profit_abs":0.0,"wins":0,"draws":0,"losses":0,"trades":0,"profit_factor":0.0},{"date":"12/05/2025","date_ts":1747008000000,"profit_abs":0.0,"wins":0,"draws":0,"losses":0,"trades":0,"profit_factor":0.0},{"date":"13/05/2025","date_ts":1747094400000,"profit_abs":0.0,"wins":0,"draws":0,"losses":0,"trades":0,"profit_factor":0.0},{"date":"14/05/2025","date_ts":1747180800000,"profit_abs":0.0,"wins":0,"draws":0,"losses":0,"trades":0,"profit_factor":0.0},{"date":"15/05/2025","date_ts":1747267200000,"profit_abs":0.0,"wins":0,"draws":0,"losses":0,"trades":0,"profit_factor":0.0},{"date":"16/05/2025","date_ts":1747353600000,"profit_abs":0.0,"wins":0,"draws":0,"losses":0,"trades":0,"profit_factor":0.0},{"date":"17/05/2025","date_ts":1747440000000,"profit_abs":0.0,"wins":0,"draws":0,"losses":0,"trades":0,"profit_factor":0.0},{"date":"18/05/2025","date_ts":1747526400000,"profit_abs":0.0,"wins":0,"draws":0,"losses":0,"trades":0,"profit_factor":0.0},{"date":"19/05/2025","date_ts":1747612800000,"profit_abs":0.0,"wins":0,"draws":0,"losses":0,"trades":0,"profit_factor":0.0},{"date":"20/05/2025","date_ts":1747699200000,"profit_abs":0.0,"wins":0,"draws":0,"losses":0,"trades":0,"profit_factor":0.0},{"date":"21/05/2025","date_ts":1747785600000,"profit_abs":0.0,"wins":0,"draws":0,"losses":0,"trades":0,"profit_factor":0.0},{"date":"22/05/2025","date_ts":1747872000000,"profit_abs":0.0,"wins":0,"draws":0,"losses":0,"trades":0,"profit_factor":0.0},{"date":"23/05/2025","date_ts":1747958400000,"profit_abs":0.0,"wins":0,"draws":0,"losses":0,"trades":0,"profit_factor":0.0},{"date":"24/05/2025","date_ts":1748044800000,"profit_abs":0.0,"wins":0,"draws":0,"losses":0,"trades":0,"profit_factor":0.0},{"date":"25/05/2025","date_ts":1748131200000,"profit_abs":0.0,"wins":0,"draws":0,"losses":0,"trades":0,"profit_factor":0.0},{"date":"26/05/2025","date_ts":1748217600000,"profit_abs":0.0,"wins":0,"draws":0,"losses":0,"trades":0,"profit_factor":0.0},{"date":"27/05/2025","date_ts":1748304000000,"profit_abs":0.0,"wins":0,"draws":0,"losses":0,"trades":0,"profit_factor":0.0},{"date":"28/05/2025","date_ts":1748390400000,"profit_abs":0.0,"wins":0,"draws":0,"losses":0,"trades":0,"profit_factor":0.0},{"date":"29/05/2025","date_ts":1748476800000,"profit_abs":0.0,"wins":0,"draws":0,"losses":0,"trades":0,"profit_factor":0.0},{"date":"30/05/2025","date_ts":1748563200000,"profit_abs":0.0,"wins":0,"draws":0,"losses":0,"trades":0,"profit_factor":0.0},{"date":"31/05/2025","date_ts":1748649600000,"profit_abs":0.0,"wins":0,"draws":0,"losses":0,"trades":0,"profit_factor":0.0},{"date":"01/06/2025","date_ts":1748736000000,"profit_abs":0.0,"wins":0,"draws":0,"losses":0,"trades":0,"profit_factor":0.0},{"date":"02/06/2025","date_ts":1748822400000,"profit_abs":0.0,"wins":0,"draws":0,"losses":0,"trades":0,"profit_factor":0.0},{"date":"03/06/2025","date_ts":1748908800000,"profit_abs":0.0,"wins":0,"draws":0,"losses":0,"trades":0,"profit_factor":0.0},{"date":"04/06/2025","date_ts":1748995200000,"profit_abs":0.0,"wins":0,"draws":0,"losses":0,"trades":0,"profit_factor":0.0},{"date":"05/06/2025","date_ts":1749081600000,"profit_abs":0.0,"wins":0,"draws":0,"losses":0,"trades":0,"profit_factor":0.0},{"date":"06/06/2025","date_ts":1749168000000,"profit_abs":0.0,"wins":0,"draws":0,"losses":0,"trades":0,"profit_factor":0.0},{"date":"07/06/2025","date_ts":1749254400000,"profit_abs":0.0,"wins":0,"draws":0,"losses":0,"trades":0,"profit_factor":0.0},{"date":"08/06/2025","date_ts":1749340800000,"profit_abs":0.0,"wins":0,"draws":0,"losses":0,"trades":0,"profit_factor":0.0},{"date":"09/06/2025","date_ts":1749427200000,"profit_abs":0.0,"wins":0,"draws":0,"losses":0,"trades":0,"profit_factor":0.0},{"date":"10/06/2025","date_ts":1749513600000,"profit_abs":0.0,"wins":0,"draws":0,"losses":0,"trades":0,"profit_factor":0.0},{"date":"11/06/2025","date_ts":1749600000000,"profit_abs":0.0,"wins":0,"draws":0,"losses":0,"trades":0,"profit_factor":0.0},{"date":"12/06/2025","date_ts":1749686400000,"profit_abs":0.0,"wins":0,"draws":0,"losses":0,"trades":0,"profit_factor":0.0},{"date":"13/06/2025","date_ts":1749772800000,"profit_abs":0.0,"wins":0,"draws":0,"losses":0,"trades":0,"profit_factor":0.0},{"date":"14/06/2025","date_ts":1749859200000,"profit_abs":0.0,"wins":0,"draws":0,"losses":0,"trades":0,"profit_factor":0.0},{"date":"15/06/2025","date_ts":1749945600000,"profit_abs":0.0,"wins":0,"draws":0,"losses":0,"trades":0,"profit_factor":0.0},{"date":"16/06/2025","date_ts":1750032000000,"profit_abs":0.0,"wins":0,"draws":0,"losses":0,"trades":0,"profit_factor":0.0},{"date":"17/06/2025","date_ts":1750118400000,"profit_abs":1.489356,"wins":1,"draws":0,"losses":0,"trades":1,"profit_factor":0.0},{"date":"18/06/2025","date_ts":1750204800000,"profit_abs":0.0,"wins":0,"draws":0,"losses":0,"trades":0,"profit_factor":0.0},{"date":"19/06/2025","date_ts":1750291200000,"profit_abs":0.0,"wins":0,"draws":0,"losses":0,"trades":0,"profit_factor":0.0},{"date":"20/06/2025","date_ts":1750377600000,"profit_abs":0.0,"wins":0,"draws":0,"losses":0,"trades":0,"profit_factor":0.0},{"date":"21/06/2025","date_ts":1750464000000,"profit_abs":0.0,"wins":0,"draws":0,"losses":0,"trades":0,"profit_factor":0.0},{"date":"22/06/2025","date_ts":1750550400000,"profit_abs":0.0,"wins":0,"draws":0,"losses":0,"trades":0,"profit_factor":0.0},{"date":"23/06/2025","date_ts":1750636800000,"profit_abs":0.0,"wins":0,"draws":0,"losses":0,"trades":0,"profit_factor":0.0},{"date":"24/06/2025","date_ts":1750723200000,"profit_abs":0.0,"wins":0,"draws":0,"losses":0,"trades":0,"profit_factor":0.0},{"date":"25/06/2025","date_ts":1750809600000,"profit_abs":0.0,"wins":0,"draws":0,"losses":0,"trades":0,"profit_factor":0.0},{"date":"26/06/2025","date_ts":1750896000000,"profit_abs":0.0,"wins":0,"draws":0,"losses":0,"trades":0,"profit_factor":0.0},{"date":"27/06/2025","date_ts":1750982400000,"profit_abs":0.0,"wins":0,"draws":0,"losses":0,"trades":0,"profit_factor":0.0},{"date":"28/06/2025","date_ts":1751068800000,"profit_abs":0.0,"wins":0,"draws":0,"losses":0,"trades":0,"profit_factor":0.0},{"date":"29/06/2025","date_ts":1751155200000,"profit_abs":0.0,"wins":0,"draws":0,"losses":0,"trades":0,"profit_factor":0.0},{"date":"30/06/2025","date_ts":1751241600000,"profit_abs":0.0,"wins":0,"draws":0,"losses":0,"trades":0,"profit_factor":0.0},{"date":"01/07/2025","date_ts":1751328000000,"profit_abs":0.0,"wins":0,"draws":0,"losses":0,"trades":0,"profit_factor":0.0},{"date":"02/07/2025","date_ts":1751414400000,"profit_abs":0.0,"wins":0,"draws":0,"losses":0,"trades":0,"profit_factor":0.0},{"date":"03/07/2025","date_ts":1751500800000,"profit_abs":0.0,"wins":0,"draws":0,"losses":0,"trades":0,"profit_factor":0.0},{"date":"04/07/2025","date_ts":1751587200000,"profit_abs":0.0,"wins":0,"draws":0,"losses":0,"trades":0,"profit_factor":0.0},{"date":"05/07/2025","date_ts":1751673600000,"profit_abs":0.0,"wins":0,"draws":0,"losses":0,"trades":0,"profit_factor":0.0},{"date":"06/07/2025","date_ts":1751760000000,"profit_abs":0.0,"wins":0,"draws":0,"losses":0,"trades":0,"profit_factor":0.0},{"date":"07/07/2025","date_ts":1751846400000,"profit_abs":0.0,"wins":0,"draws":0,"losses":0,"trades":0,"profit_factor":0.0},{"date":"08/07/2025","date_ts":1751932800000,"profit_abs":0.0,"wins":0,"draws":0,"losses":0,"trades":0,"profit_factor":0.0},{"date":"09/07/2025","date_ts":1752019200000,"profit_abs":0.0,"wins":0,"draws":0,"losses":0,"trades":0,"profit_factor":0.0},{"date":"10/07/2025","date_ts":1752105600000,"profit_abs":0.0,"wins":0,"draws":0,"losses":0,"trades":0,"profit_factor":0.0},{"date":"11/07/2025","date_ts":1752192000000,"profit_abs":0.0,"wins":0,"draws":0,"losses":0,"trades":0,"profit_factor":0.0},{"date":"12/07/2025","date_ts":1752278400000,"profit_abs":0.0,"wins":0,"draws":0,"losses":0,"trades":0,"profit_factor":0.0},{"date":"13/07/2025","date_ts":1752364800000,"profit_abs":0.0,"wins":0,"draws":0,"losses":0,"trades":0,"profit_factor":0.0},{"date":"14/07/2025","date_ts":1752451200000,"profit_abs":0.0,"wins":0,"draws":0,"losses":0,"trades":0,"profit_factor":0.0},{"date":"15/07/2025","date_ts":1752537600000,"profit_abs":0.0,"wins":0,"draws":0,"losses":0,"trades":0,"profit_factor":0.0},{"date":"16/07/2025","date_ts":1752624000000,"profit_abs":0.0,"wins":0,"draws":0,"losses":0,"trades":0,"profit_factor":0.0},{"date":"17/07/2025","date_ts":1752710400000,"profit_abs":0.0,"wins":0,"draws":0,"losses":0,"trades":0,"profit_factor":0.0},{"date":"18/07/2025","date_ts":1752796800000,"profit_abs":0.0,"wins":0,"draws":0,"losses":0,"trades":0,"profit_factor":0.0},{"date":"19/07/2025","date_ts":1752883200000,"profit_abs":0.0,"wins":0,"draws":0,"losses":0,"trades":0,"profit_factor":0.0},{"date":"20/07/2025","date_ts":1752969600000,"profit_abs":0.0,"wins":0,"draws":0,"losses":0,"trades":0,"profit_factor":0.0},{"date":"21/07/2025","date_ts":1753056000000,"profit_abs":0.0,"wins":0,"draws":0,"losses":0,"trades":0,"profit_factor":0.0},{"date":"22/07/2025","date_ts":1753142400000,"profit_abs":0.0,"wins":0,"draws":0,"losses":0,"trades":0,"profit_factor":0.0},{"date":"23/07/2025","date_ts":1753228800000,"profit_abs":-1.55377612,"wins":0,"draws":0,"losses":1,"trades":1,"profit_factor":0.0},{"date":"24/07/2025","date_ts":1753315200000,"profit_abs":2.47917106,"wins":1,"draws":0,"losses":0,"trades":1,"profit_factor":0.0},{"date":"25/07/2025","date_ts":1753401600000,"profit_abs":0.0,"wins":0,"draws":0,"losses":0,"trades":0,"profit_factor":0.0},{"date":"26/07/2025","date_ts":1753488000000,"profit_abs":0.0,"wins":0,"draws":0,"losses":0,"trades":0,"profit_factor":0.0},{"date":"27/07/2025","date_ts":1753574400000,"profit_abs":0.0,"wins":0,"draws":0,"losses":0,"trades":0,"profit_factor":0.0},{"date":"28/07/2025","date_ts":1753660800000,"profit_abs":0.0,"wins":0,"draws":0,"losses":0,"trades":0,"profit_factor":0.0},{"date":"29/07/2025","date_ts":1753747200000,"profit_abs":0.0,"wins":0,"draws":0,"losses":0,"trades":0,"profit_factor":0.0},{"date":"30/07/2025","date_ts":1753833600000,"profit_abs":0.0,"wins":0,"draws":0,"losses":0,"trades":0,"profit_factor":0.0},{"date":"31/07/2025","date_ts":1753920000000,"profit_abs":0.0,"wins":0,"draws":0,"losses":0,"trades":0,"profit_factor":0.0},{"date":"01/08/2025","date_ts":1754006400000,"profit_abs":0.0,"wins":0,"draws":0,"losses":0,"trades":0,"profit_factor":0.0},{"date":"02/08/2025","date_ts":1754092800000,"profit_abs":0.0,"wins":0,"draws":0,"losses":0,"trades":0,"profit_factor":0.0},{"date":"03/08/2025","date_ts":1754179200000,"profit_abs":0.0,"wins":0,"draws":0,"losses":0,"trades":0,"profit_factor":0.0},{"date":"04/08/2025","date_ts":1754265600000,"profit_abs":0.0,"wins":0,"draws":0,"losses":0,"trades":0,"profit_factor":0.0},{"date":"05/08/2025","date_ts":1754352000000,"profit_abs":0.0,"wins":0,"draws":0,"losses":0,"trades":0,"profit_factor":0.0},{"date":"06/08/2025","date_ts":1754438400000,"profit_abs":0.0,"wins":0,"draws":0,"losses":0,"trades":0,"profit_factor":0.0},{"date":"07/08/2025","date_ts":1754524800000,"profit_abs":0.0,"wins":0,"draws":0,"losses":0,"trades":0,"profit_factor":0.0},{"date":"08/08/2025","date_ts":1754611200000,"profit_abs":0.0,"wins":0,"draws":0,"losses":0,"trades":0,"profit_factor":0.0},{"date":"09/08/2025","date_ts":1754697600000,"profit_abs":0.0,"wins":0,"draws":0,"losses":0,"trades":0,"profit_factor":0.0},{"date":"10/08/2025","date_ts":1754784000000,"profit_abs":0.0,"wins":0,"draws":0,"losses":0,"trades":0,"profit_factor":0.0},{"date":"11/08/2025","date_ts":1754870400000,"profit_abs":0.0,"wins":0,"draws":0,"losses":0,"trades":0,"profit_factor":0.0},{"date":"12/08/2025","date_ts":1754956800000,"profit_abs":0.0,"wins":0,"draws":0,"losses":0,"trades":0,"profit_factor":0.0},{"date":"13/08/2025","date_ts":1755043200000,"profit_abs":0.0,"wins":0,"draws":0,"losses":0,"trades":0,"profit_factor":0.0},{"date":"14/08/2025","date_ts":1755129600000,"profit_abs":0.0,"wins":0,"draws":0,"losses":0,"trades":0,"profit_factor":0.0},{"date":"15/08/2025","date_ts":1755216000000,"profit_abs":-0.69128564,"wins":0,"draws":0,"losses":1,"trades":1,"profit_factor":0.0},{"date":"16/08/2025","date_ts":1755302400000,"profit_abs":0.0,"wins":0,"draws":0,"losses":0,"trades":0,"profit_factor":0.0},{"date":"17/08/2025","date_ts":1755388800000,"profit_abs":0.0,"wins":0,"draws":0,"losses":0,"trades":0,"profit_factor":0.0},{"date":"18/08/2025","date_ts":1755475200000,"profit_abs":0.0,"wins":0,"draws":0,"losses":0,"trades":0,"profit_factor":0.0},{"date":"19/08/2025","date_ts":1755561600000,"profit_abs":0.0,"wins":0,"draws":0,"losses":0,"trades":0,"profit_factor":0.0},{"date":"20/08/2025","date_ts":1755648000000,"profit_abs":0.0,"wins":0,"draws":0,"losses":0,"trades":0,"profit_factor":0.0},{"date":"21/08/2025","date_ts":1755734400000,"profit_abs":0.0,"wins":0,"draws":0,"losses":0,"trades":0,"profit_factor":0.0},{"date":"22/08/2025","date_ts":1755820800000,"profit_abs":0.0,"wins":0,"draws":0,"losses":0,"trades":0,"profit_factor":0.0},{"date":"23/08/2025","date_ts":1755907200000,"profit_abs":0.0,"wins":0,"draws":0,"losses":0,"trades":0,"profit_factor":0.0},{"date":"24/08/2025","date_ts":1755993600000,"profit_abs":0.0,"wins":0,"draws":0,"losses":0,"trades":0,"profit_factor":0.0},{"date":"25/08/2025","date_ts":1756080000000,"profit_abs":0.0,"wins":0,"draws":0,"losses":0,"trades":0,"profit_factor":0.0},{"date":"26/08/2025","date_ts":1756166400000,"profit_abs":0.0,"wins":0,"draws":0,"losses":0,"trades":0,"profit_factor":0.0},{"date":"27/08/2025","date_ts":1756252800000,"profit_abs":0.0,"wins":0,"draws":0,"losses":0,"trades":0,"profit_factor":0.0},{"date":"28/08/2025","date_ts":1756339200000,"profit_abs":0.0,"wins":0,"draws":0,"losses":0,"trades":0,"profit_factor":0.0},{"date":"29/08/2025","date_ts":1756425600000,"profit_abs":0.0,"wins":0,"draws":0,"losses":0,"trades":0,"profit_factor":0.0},{"date":"30/08/2025","date_ts":1756512000000,"profit_abs":0.0,"wins":0,"draws":0,"losses":0,"trades":0,"profit_factor":0.0},{"date":"31/08/2025","date_ts":1756598400000,"profit_abs":0.0,"wins":0,"draws":0,"losses":0,"trades":0,"profit_factor":0.0},{"date":"01/09/2025","date_ts":1756684800000,"profit_abs":0.0,"wins":0,"draws":0,"losses":0,"trades":0,"profit_factor":0.0},{"date":"02/09/2025","date_ts":1756771200000,"profit_abs":0.0,"wins":0,"draws":0,"losses":0,"trades":0,"profit_factor":0.0},{"date":"03/09/2025","date_ts":1756857600000,"profit_abs":0.0,"wins":0,"draws":0,"losses":0,"trades":0,"profit_factor":0.0},{"date":"04/09/2025","date_ts":1756944000000,"profit_abs":0.0,"wins":0,"draws":0,"losses":0,"trades":0,"profit_factor":0.0},{"date":"05/09/2025","date_ts":1757030400000,"profit_abs":0.0,"wins":0,"draws":0,"losses":0,"trades":0,"profit_factor":0.0},{"date":"06/09/2025","date_ts":1757116800000,"profit_abs":0.0,"wins":0,"draws":0,"losses":0,"trades":0,"profit_factor":0.0},{"date":"07/09/2025","date_ts":1757203200000,"profit_abs":0.0,"wins":0,"draws":0,"losses":0,"trades":0,"profit_factor":0.0},{"date":"08/09/2025","date_ts":1757289600000,"profit_abs":0.0,"wins":0,"draws":0,"losses":0,"trades":0,"profit_factor":0.0},{"date":"09/09/2025","date_ts":1757376000000,"profit_abs":0.0,"wins":0,"draws":0,"losses":0,"trades":0,"profit_factor":0.0},{"date":"10/09/2025","date_ts":1757462400000,"profit_abs":0.0,"wins":0,"draws":0,"losses":0,"trades":0,"profit_factor":0.0},{"date":"11/09/2025","date_ts":1757548800000,"profit_abs":0.0,"wins":0,"draws":0,"losses":0,"trades":0,"profit_factor":0.0},{"date":"12/09/2025","date_ts":1757635200000,"profit_abs":0.0,"wins":0,"draws":0,"losses":0,"trades":0,"profit_factor":0.0},{"date":"13/09/2025","date_ts":1757721600000,"profit_abs":0.0,"wins":0,"draws":0,"losses":0,"trades":0,"profit_factor":0.0},{"date":"14/09/2025","date_ts":1757808000000,"profit_abs":0.0,"wins":0,"draws":0,"losses":0,"trades":0,"profit_factor":0.0},{"date":"15/09/2025","date_ts":1757894400000,"profit_abs":0.0,"wins":0,"draws":0,"losses":0,"trades":0,"profit_factor":0.0},{"date":"16/09/2025","date_ts":1757980800000,"profit_abs":0.0,"wins":0,"draws":0,"losses":0,"trades":0,"profit_factor":0.0},{"date":"17/09/2025","date_ts":1758067200000,"profit_abs":0.0,"wins":0,"draws":0,"losses":0,"trades":0,"profit_factor":0.0},{"date":"18/09/2025","date_ts":1758153600000,"profit_abs":0.0,"wins":0,"draws":0,"losses":0,"trades":0,"profit_factor":0.0},{"date":"19/09/2025","date_ts":1758240000000,"profit_abs":0.0,"wins":0,"draws":0,"losses":0,"trades":0,"profit_factor":0.0},{"date":"20/09/2025","date_ts":1758326400000,"profit_abs":0.0,"wins":0,"draws":0,"losses":0,"trades":0,"profit_factor":0.0},{"date":"21/09/2025","date_ts":1758412800000,"profit_abs":0.0,"wins":0,"draws":0,"losses":0,"trades":0,"profit_factor":0.0},{"date":"22/09/2025","date_ts":1758499200000,"profit_abs":0.0,"wins":0,"draws":0,"losses":0,"trades":0,"profit_factor":0.0},{"date":"23/09/2025","date_ts":1758585600000,"profit_abs":0.0,"wins":0,"draws":0,"losses":0,"trades":0,"profit_factor":0.0},{"date":"24/09/2025","date_ts":1758672000000,"profit_abs":0.0,"wins":0,"draws":0,"losses":0,"trades":0,"profit_factor":0.0},{"date":"25/09/2025","date_ts":1758758400000,"profit_abs":0.0,"wins":0,"draws":0,"losses":0,"trades":0,"profit_factor":0.0},{"date":"26/09/2025","date_ts":1758844800000,"profit_abs":0.0,"wins":0,"draws":0,"losses":0,"trades":0,"profit_factor":0.0},{"date":"27/09/2025","date_ts":1758931200000,"profit_abs":0.0,"wins":0,"draws":0,"losses":0,"trades":0,"profit_factor":0.0},{"date":"28/09/2025","date_ts":1759017600000,"profit_abs":0.0,"wins":0,"draws":0,"losses":0,"trades":0,"profit_factor":0.0},{"date":"29/09/2025","date_ts":1759104000000,"profit_abs":0.0,"wins":0,"draws":0,"losses":0,"trades":0,"profit_factor":0.0},{"date":"30/09/2025","date_ts":1759190400000,"profit_abs":0.0,"wins":0,"draws":0,"losses":0,"trades":0,"profit_factor":0.0},{"date":"01/10/2025","date_ts":1759276800000,"profit_abs":0.0,"wins":0,"draws":0,"losses":0,"trades":0,"profit_factor":0.0},{"date":"02/10/2025","date_ts":1759363200000,"profit_abs":0.0,"wins":0,"draws":0,"losses":0,"trades":0,"profit_factor":0.0},{"date":"03/10/2025","date_ts":1759449600000,"profit_abs":0.0,"wins":0,"draws":0,"losses":0,"trades":0,"profit_factor":0.0},{"date":"04/10/2025","date_ts":1759536000000,"profit_abs":0.0,"wins":0,"draws":0,"losses":0,"trades":0,"profit_factor":0.0},{"date":"05/10/2025","date_ts":1759622400000,"profit_abs":0.0,"wins":0,"draws":0,"losses":0,"trades":0,"profit_factor":0.0},{"date":"06/10/2025","date_ts":1759708800000,"profit_abs":0.0,"wins":0,"draws":0,"losses":0,"trades":0,"profit_factor":0.0},{"date":"07/10/2025","date_ts":1759795200000,"profit_abs":0.0,"wins":0,"draws":0,"losses":0,"trades":0,"profit_factor":0.0},{"date":"08/10/2025","date_ts":1759881600000,"profit_abs":0.0,"wins":0,"draws":0,"losses":0,"trades":0,"profit_factor":0.0},{"date":"09/10/2025","date_ts":1759968000000,"profit_abs":0.0,"wins":0,"draws":0,"losses":0,"trades":0,"profit_factor":0.0},{"date":"10/10/2025","date_ts":1760054400000,"profit_abs":0.0,"wins":0,"draws":0,"losses":0,"trades":0,"profit_factor":0.0},{"date":"11/10/2025","date_ts":1760140800000,"profit_abs":0.0,"wins":0,"draws":0,"losses":0,"trades":0,"profit_factor":0.0},{"date":"12/10/2025","date_ts":1760227200000,"profit_abs":0.0,"wins":0,"draws":0,"losses":0,"trades":0,"profit_factor":0.0},{"date":"13/10/2025","date_ts":1760313600000,"profit_abs":0.0,"wins":0,"draws":0,"losses":0,"trades":0,"profit_factor":0.0},{"date":"14/10/2025","date_ts":1760400000000,"profit_abs":0.0,"wins":0,"draws":0,"losses":0,"trades":0,"profit_factor":0.0},{"date":"15/10/2025","date_ts":1760486400000,"profit_abs":0.0,"wins":0,"draws":0,"losses":0,"trades":0,"profit_factor":0.0},{"date":"16/10/2025","date_ts":1760572800000,"profit_abs":0.0,"wins":0,"draws":0,"losses":0,"trades":0,"profit_factor":0.0},{"date":"17/10/2025","date_ts":1760659200000,"profit_abs":-0.73771505,"wins":0,"draws":0,"losses":1,"trades":1,"profit_factor":0.0}],"week":[{"date":"13/01/2025","date_ts":1736726400000,"profit_abs":1.49721,"wins":1,"draws":0,"losses":0,"trades":1,"profit_factor":0.0},{"date":"20/01/2025","date_ts":1737331200000,"profit_abs":1.1512044,"wins":2,"draws":0,"losses":1,"trades":3,"profit_factor":1.75851715},{"date":"27/01/2025","date_ts":1737936000000,"profit_abs":-2.49621325,"wins":0,"draws":0,"losses":1,"trades":1,"profit_factor":0.0},{"date":"03/02/2025","date_ts":1738540800000,"profit_abs":0.0,"wins":0,"draws":0,"losses":0,"trades":0,"profit_factor":0.0},{"date":"10/02/2025","date_ts":1739145600000,"profit_abs":0.0,"wins":0,"draws":0,"losses":0,"trades":0,"profit_factor":0.0},{"date":"17/02/2025","date_ts":1739750400000,"profit_abs":0.0,"wins":0,"draws":0,"losses":0,"trades":0,"profit_factor":0.0},{"date":"24/02/2025","date_ts":1740355200000,"profit_abs":-1.55510932,"wins":0,"draws":0,"losses":2,"trades":2,"profit_factor":0.0},{"date":"03/03/2025","date_ts":1740960000000,"profit_abs":-1.25491995,"wins":2,"draws":0,"losses":2,"trades":4,"profit_factor":0.57037514},{"date":"10/03/2025","date_ts":1741564800000,"profit_abs":3.71011346,"wins":2,"draws":0,"losses":0,"trades":2,"profit_factor":0.0},{"date":"17/03/2025","date_ts":1742169600000,"profit_abs":0.0,"wins":0,"draws":0,"losses":0,"trades":0,"profit_factor":0.0},{"date":"24/03/2025","date_ts":1742774400000,"profit_abs":0.0,"wins":0,"draws":0,"losses":0,"trades":0,"profit_factor":0.0},{"date":"31/03/2025","date_ts":1743379200000,"profit_abs":0.0,"wins":0,"draws":0,"losses":0,"trades":0,"profit_factor":0.0},{"date":"07/04/2025","date_ts":1743984000000,"profit_abs":0.28631665,"wins":1,"draws":0,"losses":1,"trades":2,"profit_factor":1.34326292},{"date":"14/04/2025","date_ts":1744588800000,"profit_abs":-0.11431239,"wins":0,"draws":0,"losses":1,"trades":1,"profit_factor":0.0},{"date":"21/04/2025","date_ts":1745193600000,"profit_abs":0.0,"wins":0,"draws":0,"losses":0,"trades":0,"profit_factor":0.0},{"date":"28/04/2025","date_ts":1745798400000,"profit_abs":0.0,"wins":0,"draws":0,"losses":0,"trades":0,"profit_factor":0.0},{"date":"05/05/2025","date_ts":1746403200000,"profit_abs":0.95336596,"wins":1,"draws":0,"losses":1,"trades":2,"profit_factor":2.73889242},{"date":"12/05/2025","date_ts":1747008000000,"profit_abs":0.0,"wins":0,"draws":0,"losses":0,"trades":0,"profit_factor":0.0},{"date":"19/05/2025","date_ts":1747612800000,"profit_abs":0.0,"wins":0,"draws":0,"losses":0,"trades":0,"profit_factor":0.0},{"date":"26/05/2025","date_ts":1748217600000,"profit_abs":0.0,"wins":0,"draws":0,"losses":0,"trades":0,"profit_factor":0.0},{"date":"02/06/2025","date_ts":1748822400000,"profit_abs":0.0,"wins":0,"draws":0,"losses":0,"trades":0,"profit_factor":0.0},{"date":"09/06/2025","date_ts":1749427200000,"profit_abs":0.0,"wins":0,"draws":0,"losses":0,"trades":0,"profit_factor":0.0},{"date":"16/06/2025","date_ts":1750032000000,"profit_abs":0.0,"wins":0,"draws":0,"losses":0,"trades":0,"profit_factor":0.0},{"date":"23/06/2025","date_ts":1750636800000,"profit_abs":1.489356,"wins":1,"draws":0,"losses":0,"trades":1,"profit_factor":0.0},{"date":"30/06/2025","date_ts":1751241600000,"profit_abs":0.0,"wins":0,"draws":0,"losses":0,"trades":0,"profit_factor":0.0},{"date":"07/07/2025","date_ts":1751846400000,"profit_abs":0.0,"wins":0,"draws":0,"losses":0,"trades":0,"profit_factor":0.0},{"date":"14/07/2025","date_ts":1752451200000,"profit_abs":0.0,"wins":0,"draws":0,"losses":0,"trades":0,"profit_factor":0.0},{"date":"21/07/2025","date_ts":1753056000000,"profit_abs":0.0,"wins":0,"draws":0,"losses":0,"trades":0,"profit_factor":0.0},{"date":"28/07/2025","date_ts":1753660800000,"profit_abs":0.92539494,"wins":1,"draws":0,"losses":1,"trades":2,"profit_factor":1.59557804},{"date":"04/08/2025","date_ts":1754265600000,"profit_abs":0.0,"wins":0,"draws":0,"losses":0,"trades":0,"profit_factor":0.0},{"date":"11/08/2025","date_ts":1754870400000,"profit_abs":0.0,"wins":0,"draws":0,"losses":0,"trades":0,"profit_factor":0.0},{"date":"18/08/2025","date_ts":1755475200000,"profit_abs":-0.69128564,"wins":0,"draws":0,"losses":1,"trades":1,"profit_factor":0.0},{"date":"25/08/2025","date_ts":1756080000000,"profit_abs":0.0,"wins":0,"draws":0,"losses":0,"trades":0,"profit_factor":0.0},{"date":"01/09/2025","date_ts":1756684800000,"profit_abs":0.0,"wins":0,"draws":0,"losses":0,"trades":0,"profit_factor":0.0},{"date":"08/09/2025","date_ts":1757289600000,"profit_abs":0.0,"wins":0,"draws":0,"losses":0,"trades":0,"profit_factor":0.0},{"date":"15/09/2025","date_ts":1757894400000,"profit_abs":0.0,"wins":0,"draws":0,"losses":0,"trades":0,"profit_factor":0.0},{"date":"22/09/2025","date_ts":1758499200000,"profit_abs":0.0,"wins":0,"draws":0,"losses":0,"trades":0,"profit_factor":0.0},{"date":"29/09/2025","date_ts":1759104000000,"profit_abs":0.0,"wins":0,"draws":0,"losses":0,"trades":0,"profit_factor":0.0},{"date":"06/10/2025","date_ts":1759708800000,"profit_abs":0.0,"wins":0,"draws":0,"losses":0,"trades":0,"profit_factor":0.0},{"date":"13/10/2025","date_ts":1760313600000,"profit_abs":0.0,"wins":0,"draws":0,"losses":0,"trades":0,"profit_factor":0.0},{"date":"20/10/2025","date_ts":1760918400000,"profit_abs":-0.73771505,"wins":0,"draws":0,"losses":1,"trades":1,"profit_factor":0.0}],"month":[{"date":"31/01/2025","date_ts":1738281600000,"profit_abs":0.15220115,"wins":3,"draws":0,"losses":2,"trades":5,"profit_factor":1.03791836},{"date":"28/02/2025","date_ts":1740700800000,"profit_abs":-2.04280447,"wins":1,"draws":0,"losses":3,"trades":4,"profit_factor":0.0878567},{"date":"31/03/2025","date_ts":1743379200000,"profit_abs":2.94288866,"wins":3,"draws":0,"losses":1,"trades":4,"profit_factor":2.31583923},{"date":"30/04/2025","date_ts":1745971200000,"profit_abs":1.12537022,"wins":2,"draws":0,"losses":3,"trades":5,"profit_factor":1.7519131},{"date":"31/05/2025","date_ts":1748649600000,"profit_abs":0.0,"wins":0,"draws":0,"losses":0,"trades":0,"profit_factor":0.0},{"date":"30/06/2025","date_ts":1751241600000,"profit_abs":1.489356,"wins":1,"draws":0,"losses":0,"trades":1,"profit_factor":0.0},{"date":"31/07/2025","date_ts":1753920000000,"profit_abs":0.92539494,"wins":1,"draws":0,"losses":1,"trades":2,"profit_factor":1.59557804},{"date":"31/08/2025","date_ts":1756598400000,"profit_abs":-0.69128564,"wins":0,"draws":0,"losses":1,"trades":1,"profit_factor":0.0},{"date":"30/09/2025","date_ts":1759190400000,"profit_abs":0.0,"wins":0,"draws":0,"losses":0,"trades":0,"profit_factor":0.0},{"date":"31/10/2025","date_ts":1761868800000,"profit_abs":-0.73771505,"wins":0,"draws":0,"losses":1,"trades":1,"profit_factor":0.0}],"year":[{"date":"31/12/2025","date_ts":1767139200000,"profit_abs":3.16340581,"wins":11,"draws":0,"losses":12,"trades":23,"profit_factor":1.24391218}],"weekday":[{"date":"Monday","date_ts":0,"profit_abs":-0.91290914,"wins":4,"draws":0,"losses":4,"trades":8,"profit_factor":0.86556816},{"date":"Tuesday","date_ts":1,"profit_abs":-0.12731886,"wins":2,"draws":0,"losses":3,"trades":5,"profit_factor":0.92979136},{"date":"Wednesday","date_ts":2,"profit_abs":0.89679984,"wins":2,"draws":0,"losses":2,"trades":4,"profit_factor":1.42663379},{"date":"Thursday","date_ts":3,"profit_abs":2.47917106,"wins":1,"draws":0,"losses":0,"trades":1,"profit_factor":0.0},{"date":"Friday","date_ts":4,"profit_abs":0.47911091,"wins":1,"draws":0,"losses":2,"trades":3,"profit_factor":1.33527689},{"date":"Sunday","date_ts":6,"profit_abs":0.348552,"wins":1,"draws":0,"losses":1,"trades":2,"profit_factor":1.41787642}]},"backtest_best_day":0.024885832301781863,"backtest_worst_day":-0.02522396832671747,"backtest_best_day_abs":2.47917106,"backtest_worst_day_abs":-2.49621325,"winning_days":8,"draw_days":264,"losing_days":11,"daily_profit":[["2025-01-08",1.49721],["2025-01-09",0.0],["2025-01-10",0.0],["2025-01-11",0.0],["2025-01-12",0.0],["2025-01-13",0.0],["2025-01-14",0.0],["2025-01-15",0.0],["2025-01-16",0.0],["2025-01-17",0.0],["2025-01-18",0.0],["2025-01-19",1.18265505],["2025-01-20",-0.03145065],["2025-01-21",0.0],["2025-01-22",0.0],["2025-01-23",0.0],["2025-01-24",0.0],["2025-01-25",0.0],["2025-01-26",0.0],["2025-01-27",-2.49621325],["2025-01-28",0.0],["2025-01-29",0.0],["2025-01-30",0.0],["2025-01-31",0.0],["2025-02-01",0.0],["2025-02-02",0.0],["2025-02-03",0.0],["2025-02-04",0.0],["2025-02-05",0.0],["2025-02-06",0.0],["2025-02-07",0.0],["2025-02-08",0.0],["2025-02-09",0.0],["2025-02-10",0.0],["2025-02-11",0.0],["2025-02-12",0.0],["2025-02-13",0.0],["2025-02-14",0.0],["2025-02-15",0.0],["2025-02-16",0.0],["2025-02-17",0.0],["2025-02-18",-1.01466732],["2025-02-19",0.0],["2025-02-20",0.0],["2025-02-21",0.0],["2025-02-22",0.0],["2025-02-23",0.0],["2025-02-24",-0.540442],["2025-02-25",-0.48769515],["2025-02-26",0.0],["2025-02-27",0.0],["2025-02-28",0.0],["2025-03-01",0.0],["2025-03-02",0.0],["2025-03-03",-0.7672248],["2025-03-04",0.0],["2025-03-05",0.0],["2025-03-06",0.0],["2025-03-07",1.9081116],["2025-03-08",0.0],["2025-03-09",0.0],["2025-03-10",1.80200186],["2025-03-11",0.0],["2025-03-12",0.0],["2025-03-13",0.0],["2025-03-14",0.0],["2025-03-15",0.0],["2025-03-16",0.0],["2025-03-17",0.0],["2025-03-18",0.0],["2025-03-19",0.0],["2025-03-20",0.0],["2025-03-21",0.0],["2025-03-22",0.0],["2025-03-23",0.0],["2025-03-24",0.0],["2025-03-25",0.0],["2025-03-26",0.0],["2025-03-27",0.0],["2025-03-28",0.0],["2025-03-29",0.0],["2025-03-30",0.0],["2025-03-31",0.0],["2025-04-01",0.0],["2025-04-02",0.0],["2025-04-03",0.0],["2025-04-04",0.0],["2025-04-05",0.0],["2025-04-06",-0.83410305],["2025-04-07",1.1204197],["2025-04-08",-0.11431239],["2025-04-09",0.0],["2025-04-10",0.0],["2025-04-11",0.0],["2025-04-12",0.0],["2025-04-13",0.0],["2025-04-14",0.0],["2025-04-15",0.0],["2025-04-16",0.0],["2025-04-17",0.0],["2025-04-18",0.0],["2025-04-19",0.0],["2025-04-20",0.0],["2025-04-21",0.0],["2025-04-22",0.0],["2025-04-23",0.0],["2025-04-24",0.0],["2025-04-25",0.0],["2025-04-26",0.0],["2025-04-27",0.0],["2025-04-28",0.0],["2025-04-29",0.0],["2025-04-30",0.95336596],["2025-05-01",0.0],["2025-05-02",0.0],["2025-05-03",0.0],["2025-05-04",0.0],["2025-05-05",0.0],["2025-05-06",0.0],["2025-05-07",0.0],["2025-05-08",0.0],["2025-05-09",0.0],["2025-05-10",0.0],["2025-05-11",0.0],["2025-05-12",0.0],["2025-05-13",0.0],["2025-05-14",0.0],["2025-05-15",0.0],["2025-05-16",0.0],["2025-05-17",0.0],["2025-05-18",0.0],["2025-05-19",0.0],["2025-05-20",0.0],["2025-05-21",0.0],["2025-05-22",0.0],["2025-05-23",0.0],["2025-05-24",0.0],["2025-05-25",0.0],["2025-05-26",0.0],["2025-05-27",0.0],["2025-05-28",0.0],["2025-05-29",0.0],["2025-05-30",0.0],["2025-05-31",0.0],["2025-06-01",0.0],["2025-06-02",0.0],["2025-06-03",0.0],["2025-06-04",0.0],["2025-06-05",0.0],["2025-06-06",0.0],["2025-06-07",0.0],["2025-06-08",0.0],["2025-06-09",0.0],["2025-06-10",0.0],["2025-06-11",0.0],["2025-06-12",0.0],["2025-06-13",0.0],["2025-06-14",0.0],["2025-06-15",0.0],["2025-06-16",0.0],["2025-06-17",1.489356],["2025-06-18",0.0],["2025-06-19",0.0],["2025-06-20",0.0],["2025-06-21",0.0],["2025-06-22",0.0],["2025-06-23",0.0],["2025-06-24",0.0],["2025-06-25",0.0],["2025-06-26",0.0],["2025-06-27",0.0],["2025-06-28",0.0],["2025-06-29",0.0],["2025-06-30",0.0],["2025-07-01",0.0],["2025-07-02",0.0],["2025-07-03",0.0],["2025-07-04",0.0],["2025-07-05",0.0],["2025-07-06",0.0],["2025-07-07",0.0],["2025-07-08",0.0],["2025-07-09",0.0],["2025-07-10",0.0],["2025-07-11",0.0],["2025-07-12",0.0],["2025-07-13",0.0],["2025-07-14",0.0],["2025-07-15",0.0],["2025-07-16",0.0],["2025-07-17",0.0],["2025-07-18",0.0],["2025-07-19",0.0],["2025-07-20",0.0],["2025-07-21",0.0],["2025-07-22",0.0],["2025-07-23",-1.55377612],["2025-07-24",2.47917106],["2025-07-25",0.0],["2025-07-26",0.0],["2025-07-27",0.0],["2025-07-28",0.0],["2025-07-29",0.0],["2025-07-30",0.0],["2025-07-31",0.0],["2025-08-01",0.0],["2025-08-02",0.0],["2025-08-03",0.0],["2025-08-04",0.0],["2025-08-05",0.0],["2025-08-06",0.0],["2025-08-07",0.0],["2025-08-08",0.0],["2025-08-09",0.0],["2025-08-10",0.0],["2025-08-11",0.0],["2025-08-12",0.0],["2025-08-13",0.0],["2025-08-14",0.0],["2025-08-15",-0.69128564],["2025-08-16",0.0],["2025-08-17",0.0],["2025-08-18",0.0],["2025-08-19",0.0],["2025-08-20",0.0],["2025-08-21",0.0],["2025-08-22",0.0],["2025-08-23",0.0],["2025-08-24",0.0],["2025-08-25",0.0],["2025-08-26",0.0],["2025-08-27",0.0],["2025-08-28",0.0],["2025-08-29",0.0],["2025-08-30",0.0],["2025-08-31",0.0],["2025-09-01",0.0],["2025-09-02",0.0],["2025-09-03",0.0],["2025-09-04",0.0],["2025-09-05",0.0],["2025-09-06",0.0],["2025-09-07",0.0],["2025-09-08",0.0],["2025-09-09",0.0],["2025-09-10",0.0],["2025-09-11",0.0],["2025-09-12",0.0],["2025-09-13",0.0],["2025-09-14",0.0],["2025-09-15",0.0],["2025-09-16",0.0],["2025-09-17",0.0],["2025-09-18",0.0],["2025-09-19",0.0],["2025-09-20",0.0],["2025-09-21",0.0],["2025-09-22",0.0],["2025-09-23",0.0],["2025-09-24",0.0],["2025-09-25",0.0],["2025-09-26",0.0],["2025-09-27",0.0],["2025-09-28",0.0],["2025-09-29",0.0],["2025-09-30",0.0],["2025-10-01",0.0],["2025-10-02",0.0],["2025-10-03",0.0],["2025-10-04",0.0],["2025-10-05",0.0],["2025-10-06",0.0],["2025-10-07",0.0],["2025-10-08",0.0],["2025-10-09",0.0],["2025-10-10",0.0],["2025-10-11",0.0],["2025-10-12",0.0],["2025-10-13",0.0],["2025-10-14",0.0],["2025-10-15",0.0],["2025-10-16",0.0],["2025-10-17",-0.73771505]],"wins":11,"losses":12,"draws":0,"winrate":0.4782608695652174,"holding_avg":"2:00:00","holding_avg_s":7200.0,"winner_holding_min":"0d 00:00","winner_holding_min_s":0.0,"winner_holding_max":"0d 03:15","winner_holding_max_s":11700.0,"winner_holding_avg":"0d 01:59","winner_holding_avg_s":7140.0,"loser_holding_min":"0d 00:15","loser_holding_min_s":900.0,"loser_holding_max":"0d 04:45","loser_holding_max_s":17100.0,"loser_holding_avg":"0d 02:01","loser_holding_avg_s":7260.0,"max_consecutive_wins":3,"max_consecutive_losses":3,"max_drawdown_account":0.0067887861392933605,"max_relative_drawdown":0.0067887861392933605,"max_drawdown_abs":6.80697917,"drawdown_start":"2025-01-19 23:45:00","drawdown_start_ts":1737330300000.0,"drawdown_end":"2025-03-03 22:00:00","drawdown_end_ts":1741039200000.0,"drawdown_duration":"42 days 22:15:00","drawdown_duration_s":3708900.0,"max_drawdown_low":-4.12711412,"max_drawdown_high":2.67986505,"csum_min":995.87288588,"csum_max":1004.5924065}},"strategy_comparison":[{"key":"LiquidationHuntStrategy","trades":23,"profit_mean":0.001500859408193253,"profit_mean_pct":0.15,"profit_total_abs":3.1634058100000004,"profit_total":0.0031634058100000004,"profit_total_pct":0.32,"duration_avg":"2:00:00","wins":11,"draws":0,"losses":12,"winrate":0.4782608695652174,"cagr":0.003942291974081913,"expectancy":0.13753938304347835,"expectancy_ratio":0.12725852808015148,"sortino":0.29785053863626904,"sharpe":0.14562199162897035,"calmar":3.038376525720978,"sqn":0.4554,"profit_factor":1.2439121788202903,"max_drawdown_account":0.0067887861392933605,"max_drawdown_abs":"6.807"}]}