{"strategy":{"GKD_FisherTransformV4_ML":{"trades":[{"pair":"SOL/USDT:USDT","stake_amount":39.99175,"max_stake_amount":39.99175,"amount":0.47,"open_date":"2025-09-06 06:00:00+00:00","close_date":"2025-09-07 17:00:00+00:00","open_rate":204.2131914893617,"close_rate":203.39,"fee_open":0.0005,"fee_close":0.0005,"trade_duration":2100,"profit_ratio":0.007509255387225267,"profit_abs":0.30015811,"exit_reason":"exit_short_ml","initial_stop_loss_abs":286.40749999999997,"initial_stop_loss_ratio":-1.0,"stop_loss_abs":282.1008333333333,"stop_loss_ratio":-1.0,"min_rate":199.13,"max_rate":205.45,"is_open":false,"enter_tag":"fisher_short_ml","leverage":2.4000000000000004,"is_short":true,"open_timestamp":1757138400000,"close_timestamp":1757264400000,"orders":[{"amount":0.14,"safe_price":202.17,"ft_order_side":"sell","order_filled_timestamp":1757138400000,"ft_is_entry":true,"ft_order_tag":"fisher_short_ml","cost":28.3179519},{"amount":0.33,"safe_price":205.08,"ft_order_side":"sell","order_filled_timestamp":1757260800000,"ft_is_entry":true,"ft_order_tag":"","cost":67.71023819999999},{"amount":0.47,"safe_price":203.39,"ft_order_side":"buy","order_filled_timestamp":1757264400000,"ft_is_entry":false,"ft_order_tag":"exit_short_ml","cost":95.64109664999998}],"funding_fees":0.009044860496891648,"weekday":6},{"pair":"BTC/USDT:USDT","stake_amount":139.00175,"max_stake_amount":139.00175,"amount":0.003,"open_date":"2025-09-06 16:00:00+00:00","close_date":"2025-09-09 15:00:00+00:00","open_rate":111201.4,"close_rate":110828.41765833335,"fee_open":0.0005,"fee_close":0.0005,"trade_duration":4260,"profit_ratio":0.006439714793611638,"profit_abs":0.89468406,"exit_reason":"trailing_stop_loss","initial_stop_loss_abs":156292.61666666664,"initial_stop_loss_ratio":-1.0,"stop_loss_abs":110828.41765833335,"stop_loss_ratio":-0.0001,"min_rate":109850.0,"max_rate":113238.0,"is_open":false,"enter_tag":"fisher_short_ml","leverage":2.4000000000000004,"is_short":true,"open_timestamp":1757174400000,"close_timestamp":1757430000000,"orders":[{"amount":0.001,"safe_price":110324.2,"ft_order_side":"sell","order_filled_timestamp":1757174400000,"ft_is_entry":true,"ft_order_tag":"fisher_short_ml","cost":110.3793621},{"amount":0.002,"safe_price":111640.0,"ft_order_side":"sell","order_filled_timestamp":1757322000000,"ft_is_entry":true,"ft_order_tag":"","cost":223.39164},{"amount":0.003,"safe_price":110828.41765833335,"ft_order_side":"buy","order_filled_timestamp":1757430000000,"ft_is_entry":false,"ft_order_tag":"trailing_stop_loss","cost":332.6514956014875}],"funding_fees":0.10878175941312251,"weekday":1},{"pair":"ETH/USDT:USDT","stake_amount":11.290725,"max_stake_amount":11.290725,"amount":0.006,"open_date":"2025-09-19 13:00:00+00:00","close_date":"2025-09-19 15:00:00+00:00","open_rate":4516.29,"close_rate":4442.485095833334,"fee_open":0.0005,"fee_close":0.0005,"trade_duration":120,"profit_ratio":0.036858676532312604,"profit_abs":0.4159531,"exit_reason":"trailing_stop_loss","initial_stop_loss_abs":6398.077499999999,"initial_stop_loss_ratio":-1.0,"stop_loss_abs":4442.485095833334,"stop_loss_ratio":-0.0001,"min_rate":4442.3,"max_rate":4542.0,"is_open":false,"enter_tag":"fisher_short_ml","leverage":2.4000000000000004,"is_short":true,"open_timestamp":1758286800000,"close_timestamp":1758294000000,"orders":[{"amount":0.006,"safe_price":4516.29,"ft_order_side":"sell","order_filled_timestamp":1758286800000,"ft_is_entry":true,"ft_order_tag":"fisher_short_ml","cost":27.11128887},{"amount":0.006,"safe_price":4442.485095833334,"ft_order_side":"buy","order_filled_timestamp":1758294000000,"ft_is_entry":false,"ft_order_tag":"trailing_stop_loss","cost":26.6682380302875}],"funding_fees":0.0,"weekday":4},{"pair":"SOL/USDT:USDT","stake_amount":39.90233333,"max_stake_amount":39.90233333,"amount":0.4,"open_date":"2025-09-19 16:00:00+00:00","close_date":"2025-09-22 00:00:00+00:00","open_rate":239.414,"close_rate":231.59705114109613,"fee_open":0.0005,"fee_close":0.0005,"trade_duration":3360,"profit_ratio":0.0760761981899836,"profit_abs":3.03410001,"exit_reason":"roi","initial_stop_loss_abs":336.27416666666664,"initial_stop_loss_ratio":-1.0,"stop_loss_abs":231.15963125000002,"stop_loss_ratio":-0.0001,"min_rate":231.15,"max_rate":241.73,"is_open":false,"enter_tag":"fisher_short_ml","leverage":2.4000000000000004,"is_short":true,"open_timestamp":1758297600000,"close_timestamp":1758499200000,"orders":[{"amount":0.12,"safe_price":237.37,"ft_order_side":"sell","order_filled_timestamp":1758297600000,"ft_is_entry":true,"ft_order_tag":"fisher_short_ml","cost":28.4986422},{"amount":0.28,"safe_price":240.29,"ft_order_side":"sell","order_filled_timestamp":1758387600000,"ft_is_entry":true,"ft_order_tag":"","cost":67.3148406},{"amount":0.4,"safe_price":231.59705114109613,"ft_order_side":"buy","order_filled_timestamp":1758499200000,"ft_is_entry":false,"ft_order_tag":"roi","cost":92.68513986666666}],"funding_fees":0.0015226811995358003,"weekday":0},{"pair":"BTC/USDT:USDT","stake_amount":48.06904167,"max_stake_amount":48.06904167,"amount":0.001,"open_date":"2025-09-19 19:00:00+00:00","close_date":"2025-09-22 00:00:00+00:00","open_rate":115365.7,"close_rate":114126.75508333334,"fee_open":0.0005,"fee_close":0.0005,"trade_duration":3180,"profit_ratio":0.023647719242737848,"profit_abs":1.13615484,"exit_reason":"trailing_stop_loss","initial_stop_loss_abs":163434.74166666664,"initial_stop_loss_ratio":-1.0,"stop_loss_abs":114126.75508333334,"stop_loss_ratio":-0.0001,"min_rate":114122.0,"max_rate":116059.2,"is_open":false,"enter_tag":"fisher_short_ml","leverage":2.4000000000000004,"is_short":true,"open_timestamp":1758308400000,"close_timestamp":1758499200000,"orders":[{"amount":0.001,"safe_price":115365.7,"ft_order_side":"sell","order_filled_timestamp":1758308400000,"ft_is_entry":true,"ft_order_tag":"fisher_short_ml","cost":115.42338285},{"amount":0.001,"safe_price":114126.75508333334,"ft_order_side":"buy","order_filled_timestamp":1758499200000,"ft_is_entry":false,"ft_order_tag":"trailing_stop_loss","cost":114.183818460875}],"funding_fees":0.011956154487496398,"weekday":0},{"pair":"SOL/USDT:USDT","stake_amount":11.048,"max_stake_amount":11.048,"amount":0.12,"open_date":"2025-09-22 18:00:00+00:00","close_date":"2025-09-23 03:00:00+00:00","open_rate":220.96,"close_rate":212.288845,"fee_open":0.0005,"fee_close":0.0005,"trade_duration":540,"profit_ratio":0.09198710959389907,"profit_abs":1.01576545,"exit_reason":"trailing_stop_loss","initial_stop_loss_abs":313.02666666666664,"initial_stop_loss_ratio":-1.0,"stop_loss_abs":212.288845,"stop_loss_ratio":-0.0001,"min_rate":212.28,"max_rate":221.28,"is_open":false,"enter_tag":"fisher_short_ml","leverage":2.4000000000000004,"is_short":true,"open_timestamp":1758564000000,"close_timestamp":1758596400000,"orders":[{"amount":0.12,"safe_price":220.96,"ft_order_side":"sell","order_filled_timestamp":1758564000000,"ft_is_entry":true,"ft_order_tag":"fisher_short_ml","cost":26.5284576},{"amount":0.12,"safe_price":212.288845,"ft_order_side":"buy","order_filled_timestamp":1758596400000,"ft_is_entry":false,"ft_order_tag":"trailing_stop_loss","cost":25.487398730699997}],"funding_fees":0.0012217793340557278,"weekday":1},{"pair":"ETH/USDT:USDT","stake_amount":10.4066,"max_stake_amount":10.4066,"amount":0.006,"open_date":"2025-09-22 18:00:00+00:00","close_date":"2025-09-25 03:00:00+00:00","open_rate":4162.64,"close_rate":4020.1675,"fee_open":0.0005,"fee_close":0.0005,"trade_duration":3420,"profit_ratio":0.07965058769463144,"profit_abs":0.82847736,"exit_reason":"trailing_stop_loss","initial_stop_loss_abs":5897.073333333333,"initial_stop_loss_ratio":-1.0,"stop_loss_abs":4020.1675,"stop_loss_ratio":-0.0001,"min_rate":4020.0,"max_rate":4230.06,"is_open":false,"enter_tag":"fisher_short_ml","leverage":2.4000000000000004,"is_short":true,"open_timestamp":1758564000000,"close_timestamp":1758769200000,"orders":[{"amount":0.006,"safe_price":4162.64,"ft_order_side":"sell","order_filled_timestamp":1758564000000,"ft_is_entry":true,"ft_order_tag":"fisher_short_ml","cost":24.98832792},{"amount":0.006,"safe_price":4020.1675,"ft_order_side":"buy","order_filled_timestamp":1758769200000,"ft_is_entry":false,"ft_order_tag":"trailing_stop_loss","cost":24.1330655025}],"funding_fees":-0.00180922080075036,"weekday":3},{"pair":"BTC/USDT:USDT","stake_amount":141.41583333,"max_stake_amount":141.41583333,"amount":0.003,"open_date":"2025-09-22 20:00:00+00:00","close_date":"2025-09-25 04:00:00+00:00","open_rate":113132.66666666667,"close_rate":111544.6475,"fee_open":0.0005,"fee_close":0.0005,"trade_duration":3360,"profit_ratio":0.03170139505547918,"profit_abs":4.48083766,"exit_reason":"trailing_stop_loss","initial_stop_loss_abs":158769.8,"initial_stop_loss_ratio":-1.0,"stop_loss_abs":111544.6475,"stop_loss_ratio":-0.0001,"min_rate":110935.0,"max_rate":113895.8,"is_open":false,"enter_tag":"fisher_short_ml","leverage":2.4000000000000004,"is_short":true,"open_timestamp":1758571200000,"close_timestamp":1758772800000,"orders":[{"amount":0.001,"safe_price":112072.8,"ft_order_side":"sell","order_filled_timestamp":1758571200000,"ft_is_entry":true,"ft_order_tag":"fisher_short_ml","cost":112.1288364},{"amount":0.002,"safe_price":113662.6,"ft_order_side":"sell","order_filled_timestamp":1758726000000,"ft_is_entry":true,"ft_order_tag":"","cost":227.43886260000002},{"amount":0.003,"safe_price":111544.6475,"ft_order_side":"buy","order_filled_timestamp":1758772800000,"ft_is_entry":false,"ft_order_tag":"trailing_stop_loss","cost":334.80125947125003}],"funding_fees":0.053796127930504194,"weekday":3},{"pair":"SOL/USDT:USDT","stake_amount":12.7225,"max_stake_amount":12.7225,"amount":0.15,"open_date":"2025-09-25 07:00:00+00:00","close_date":"2025-09-25 17:00:00+00:00","open_rate":203.56,"close_rate":193.43805958333334,"fee_open":0.0005,"fee_close":0.0005,"trade_duration":600,"profit_ratio":0.1170595413643155,"profit_abs":1.48854537,"exit_reason":"trailing_stop_loss","initial_stop_loss_abs":288.37666666666667,"initial_stop_loss_ratio":-1.0,"stop_loss_abs":193.43805958333334,"stop_loss_ratio":-0.0001,"min_rate":193.43,"max_rate":205.8,"is_open":false,"enter_tag":"fisher_short_ml","leverage":2.4000000000000004,"is_short":true,"open_timestamp":1758783600000,"close_timestamp":1758819600000,"orders":[{"amount":0.15,"safe_price":203.56,"ft_order_side":"sell","order_filled_timestamp":1758783600000,"ft_is_entry":true,"ft_order_tag":"fisher_short_ml","cost":30.549266999999997},{"amount":0.15,"safe_price":193.43805958333334,"ft_order_side":"buy","order_filled_timestamp":1758819600000,"ft_is_entry":false,"ft_order_tag":"trailing_stop_loss","cost":29.03021679196875}],"funding_fees":2.9157481393830105e-05,"weekday":3},{"pair":"BTC/USDT:USDT","stake_amount":707.59791667,"max_stake_amount":707.59791667,"amount":0.015,"open_date":"2025-09-26 08:00:00+00:00","close_date":"2025-09-30 00:00:00+00:00","open_rate":113215.66666666667,"close_rate":114257.1,"fee_open":0.0005,"fee_close":0.0005,"trade_duration":5280,"profit_ratio":-0.024425122864187607,"profit_abs":-17.27452447,"exit_reason":"force_exit","initial_stop_loss_abs":154781.31666666665,"initial_stop_loss_ratio":-1.0,"stop_loss_abs":110078.98643333334,"stop_loss_ratio":-0.0001,"min_rate":108566.0,"max_rate":114800.0,"is_open":false,"enter_tag":"fisher_short_ml","leverage":2.4000000000000004,"is_short":true,"open_timestamp":1758873600000,"close_timestamp":1759190400000,"orders":[{"amount":0.001,"safe_price":109257.4,"ft_order_side":"sell","order_filled_timestamp":1758873600000,"ft_is_entry":true,"ft_order_tag":"fisher_short_ml","cost":109.31202869999998},{"amount":0.002,"safe_price":110748.0,"ft_order_side":"sell","order_filled_timestamp":1759093200000,"ft_is_entry":true,"ft_order_tag":"","cost":221.606748},{"amount":0.012,"safe_price":113956.8,"ft_order_side":"sell","order_filled_timestamp":1759158000000,"ft_is_entry":true,"ft_order_tag":"","cost":1368.1653408},{"amount":0.015,"safe_price":114257.1,"ft_order_side":"buy","order_filled_timestamp":1759190400000,"ft_is_entry":false,"ft_order_tag":"force_exit","cost":1714.71342825}],"funding_fees":0.05302128317913277,"weekday":1}],"locks":[],"best_pair":{"key":"SOL/USDT:USDT","trades":4,"profit_mean":0.07315802613385586,"profit_mean_pct":7.32,"profit_total_abs":5.838568939999999,"profit_total":0.005838568939999999,"profit_total_pct":0.58,"duration_avg":"1 day, 3:30:00","wins":4,"draws":0,"losses":0,"winrate":1.0,"cagr":0.07602289902770809,"expectancy":1.4596422349999998,"expectancy_ratio":100.0,"sortino":-100,"sharpe":3.836259166478748,"calmar":-100,"sqn":2.5215,"profit_factor":0.0,"max_drawdown_account":0.0,"max_drawdown_abs":0.0},"worst_pair":{"key":"BTC/USDT:USDT","trades":4,"profit_mean":0.009340926556910264,"profit_mean_pct":0.93,"profit_total_abs":-10.76284791,"profit_total":-0.01076284791,"profit_total_pct":-1.08,"duration_avg":"2 days, 19:00:00","wins":3,"draws":0,"losses":1,"winrate":0.75,"cagr":-0.12732990269538702,"expectancy":-2.6907119775,"expectancy_ratio":-0.15576185510477325,"sortino":-100,"sharpe":-0.8304203042038152,"calmar":-41.31315420989462,"sqn":-0.5458,"profit_factor":0.376952579580907,"max_drawdown_account":0.01716276608835764,"max_drawdown_abs":17.27452447},"results_per_pair":[{"key":"SOL/USDT:USDT","trades":4,"profit_mean":0.07315802613385586,"profit_mean_pct":7.32,"profit_total_abs":5.838568939999999,"profit_total":0.005838568939999999,"profit_total_pct":0.58,"duration_avg":"1 day, 3:30:00","wins":4,"draws":0,"losses":0,"winrate":1.0,"cagr":0.07602289902770809,"expectancy":1.4596422349999998,"expectancy_ratio":100.0,"sortino":-100,"sharpe":3.836259166478748,"calmar":-100,"sqn":2.5215,"profit_factor":0.0,"max_drawdown_account":0.0,"max_drawdown_abs":0.0},{"key":"ETH/USDT:USDT","trades":2,"profit_mean":0.058254632113472024,"profit_mean_pct":5.83,"profit_total_abs":1.24443046,"profit_total":0.00124443046,"profit_total_pct":0.12,"duration_avg":"1 day, 5:30:00","wins":2,"draws":0,"losses":0,"winrate":1.0,"cagr":0.01577607045691698,"expectancy":0.62221523,"expectancy_ratio":100.0,"sortino":-100,"sharpe":3.9746561991344262,"calmar":-100,"sqn":3.0166,"profit_factor":0.0,"max_drawdown_account":0.0,"max_drawdown_abs":0.0},{"key":"BTC/USDT:USDT","trades":4,"profit_mean":0.009340926556910264,"profit_mean_pct":0.93,"profit_total_abs":-10.76284791,"profit_total":-0.01076284791,"profit_total_pct":-1.08,"duration_avg":"2 days, 19:00:00","wins":3,"draws":0,"losses":1,"winrate":0.75,"cagr":-0.12732990269538702,"expectancy":-2.6907119775,"expectancy_ratio":-0.15576185510477325,"sortino":-100,"sharpe":-0.8304203042038152,"calmar":-41.31315420989462,"sqn":-0.5458,"profit_factor":0.376952579580907,"max_drawdown_account":0.01716276608835764,"max_drawdown_abs":17.27452447},{"key":"TOTAL","trades":10,"profit_mean":0.044650507499000854,"profit_mean_pct":4.47,"profit_total_abs":-3.6798485099999994,"profit_total":-0.003679848509999999,"profit_total_pct":-0.37,"duration_avg":"1 day, 19:42:00","wins":9,"draws":0,"losses":1,"winrate":0.9,"cagr":-0.04534070473285767,"expectancy":-0.3679848510000001,"expectancy_ratio":-0.021302169656772008,"sortino":-100,"sharpe":-0.42033889181301526,"calmar":-14.22448639497682,"sqn":-0.1914,"profit_factor":0.7869783034322797,"max_drawdown_account":0.017042832682244463,"max_drawdown_abs":17.27452447}],"results_per_enter_tag":[{"key":"fisher_short_ml","trades":10,"profit_mean":0.044650507499000854,"profit_mean_pct":4.47,"profit_total_abs":-3.6798485099999994,"profit_total":-0.003679848509999999,"profit_total_pct":-0.37,"duration_avg":"1 day, 19:42:00","wins":9,"draws":0,"losses":1,"winrate":0.9,"cagr":-0.04534070473285767,"expectancy":-0.3679848510000001,"expectancy_ratio":-0.021302169656772008,"sortino":-100,"sharpe":-0.42033889181301526,"calmar":-14.22448639497682,"sqn":-0.1914,"profit_factor":0.7869783034322797,"max_drawdown_account":0.017042832682244463,"max_drawdown_abs":17.27452447},{"key":"TOTAL","trades":10,"profit_mean":0.044650507499000854,"profit_mean_pct":4.47,"profit_total_abs":-3.6798485099999994,"profit_total":-0.003679848509999999,"profit_total_pct":-0.37,"duration_avg":"1 day, 19:42:00","wins":9,"draws":0,"losses":1,"winrate":0.9,"cagr":-0.04534070473285767,"expectancy":-0.3679848510000001,"expectancy_ratio":-0.021302169656772008,"sortino":-100,"sharpe":-0.42033889181301526,"calmar":-14.22448639497682,"sqn":-0.1914,"profit_factor":0.7869783034322797,"max_drawdown_account":0.017042832682244463,"max_drawdown_abs":17.27452447}],"exit_reason_summary":[{"key":"trailing_stop_loss","trades":7,"profit_mean":0.05533496346814105,"profit_mean_pct":5.53,"profit_total_abs":10.26041784,"profit_total":0.010260417840000001,"profit_total_pct":1.03,"duration_avg":"1 day, 12:51:00","wins":7,"draws":0,"losses":0,"winrate":1.0,"cagr":0.1371006407165163,"expectancy":1.4657739771428573,"expectancy_ratio":100.0,"sortino":-100,"sharpe":5.335107031343201,"calmar":-100,"sqn":2.8338,"profit_factor":0.0,"max_drawdown_account":0.0,"max_drawdown_abs":0.0},{"key":"roi","trades":1,"profit_mean":0.0760761981899836,"profit_mean_pct":7.61,"profit_total_abs":3.03410001,"profit_total":0.00303410001,"profit_total_pct":0.3,"duration_avg":"2 days, 8:00:00","wins":1,"draws":0,"losses":0,"winrate":1.0,"cagr":0.03886627107461327,"expectancy":3.03410001,"expectancy_ratio":100.0,"sortino":-100,"sharpe":-100,"calmar":-100,"sqn":-100.0,"profit_factor":0.0,"max_drawdown_account":0.0,"max_drawdown_abs":0.0},{"key":"exit_short_ml","trades":1,"profit_mean":0.007509255387225267,"profit_mean_pct":0.75,"profit_total_abs":0.30015811,"profit_total":0.00030015810999999996,"profit_total_pct":0.03,"duration_avg":"1 day, 11:00:00","wins":1,"draws":0,"losses":0,"winrate":1.0,"cagr":0.003784428143680074,"expectancy":0.30015811,"expectancy_ratio":100.0,"sortino":-100,"sharpe":-100,"calmar":-100,"sqn":-100.0,"profit_factor":0.0,"max_drawdown_account":0.0,"max_drawdown_abs":0.0},{"key":"force_exit","trades":1,"profit_mean":-0.024425122864187607,"profit_mean_pct":-2.44,"profit_total_abs":-17.27452447,"profit_total":-0.01727452447,"profit_total_pct":-1.73,"duration_avg":"3 days, 16:00:00","wins":0,"draws":0,"losses":1,"winrate":0.0,"cagr":-0.1969357613071152,"expectancy":-17.27452447,"expectancy_ratio":-1.0,"sortino":-100,"sharpe":-100,"calmar":-100,"sqn":-100.0,"profit_factor":0.0,"max_drawdown_account":0.0,"max_drawdown_abs":0.0},{"key":"TOTAL","trades":10,"profit_mean":0.044650507499000854,"profit_mean_pct":4.47,"profit_total_abs":-3.6798485099999994,"profit_total":-0.003679848509999999,"profit_total_pct":-0.37,"duration_avg":"1 day, 19:42:00","wins":9,"draws":0,"losses":1,"winrate":0.9,"cagr":-0.04534070473285767,"expectancy":-0.3679848510000001,"expectancy_ratio":-0.021302169656772008,"sortino":-100,"sharpe":-0.42033889181301526,"calmar":-14.22448639497682,"sqn":-0.1914,"profit_factor":0.7869783034322797,"max_drawdown_account":0.017042832682244463,"max_drawdown_abs":17.27452447}],"mix_tag_stats":[{"key":["fisher_short_ml","trailing_stop_loss"],"trades":7,"profit_mean":0.05533496346814105,"profit_mean_pct":5.53,"profit_total_abs":10.26041784,"profit_total":0.010260417840000001,"profit_total_pct":1.03,"duration_avg":"1 day, 12:51:00","wins":7,"draws":0,"losses":0,"winrate":1.0,"cagr":0.1371006407165163,"expectancy":1.4657739771428573,"expectancy_ratio":100.0,"sortino":-100,"sharpe":5.335107031343201,"calmar":-100,"sqn":2.8338,"profit_factor":0.0,"max_drawdown_account":0.0,"max_drawdown_abs":0.0},{"key":["fisher_short_ml","roi"],"trades":1,"profit_mean":0.0760761981899836,"profit_mean_pct":7.61,"profit_total_abs":3.03410001,"profit_total":0.00303410001,"profit_total_pct":0.3,"duration_avg":"2 days, 8:00:00","wins":1,"draws":0,"losses":0,"winrate":1.0,"cagr":0.03886627107461327,"expectancy":3.03410001,"expectancy_ratio":100.0,"sortino":-100,"sharpe":-100,"calmar":-100,"sqn":-100.0,"profit_factor":0.0,"max_drawdown_account":0.0,"max_drawdown_abs":0.0},{"key":["fisher_short_ml","exit_short_ml"],"trades":1,"profit_mean":0.007509255387225267,"profit_mean_pct":0.75,"profit_total_abs":0.30015811,"profit_total":0.00030015810999999996,"profit_total_pct":0.03,"duration_avg":"1 day, 11:00:00","wins":1,"draws":0,"losses":0,"winrate":1.0,"cagr":0.003784428143680074,"expectancy":0.30015811,"expectancy_ratio":100.0,"sortino":-100,"sharpe":-100,"calmar":-100,"sqn":-100.0,"profit_factor":0.0,"max_drawdown_account":0.0,"max_drawdown_abs":0.0},{"key":["fisher_short_ml","force_exit"],"trades":1,"profit_mean":-0.024425122864187607,"profit_mean_pct":-2.44,"profit_total_abs":-17.27452447,"profit_total":-0.01727452447,"profit_total_pct":-1.73,"duration_avg":"3 days, 16:00:00","wins":0,"draws":0,"losses":1,"winrate":0.0,"cagr":-0.1969357613071152,"expectancy":-17.27452447,"expectancy_ratio":-1.0,"sortino":-100,"sharpe":-100,"calmar":-100,"sqn":-100.0,"profit_factor":0.0,"max_drawdown_account":0.0,"max_drawdown_abs":0.0},{"key":"TOTAL","trades":10,"profit_mean":0.044650507499000854,"profit_mean_pct":4.47,"profit_total_abs":-3.6798485099999994,"profit_total":-0.003679848509999999,"profit_total_pct":-0.37,"duration_avg":"1 day, 19:42:00","wins":9,"draws":0,"losses":1,"winrate":0.9,"cagr":-0.04534070473285767,"expectancy":-0.3679848510000001,"expectancy_ratio":-0.021302169656772008,"sortino":-100,"sharpe":-0.42033889181301526,"calmar":-14.22448639497682,"sqn":-0.1914,"profit_factor":0.7869783034322797,"max_drawdown_account":0.017042832682244463,"max_drawdown_abs":17.27452447}],"left_open_trades":[{"key":"BTC/USDT:USDT","trades":1,"profit_mean":-0.024425122864187607,"profit_mean_pct":-2.44,"profit_total_abs":-17.27452447,"profit_total":-0.01727452447,"profit_total_pct":-1.73,"duration_avg":"3 days, 16:00:00","wins":0,"draws":0,"losses":1,"winrate":0.0,"cagr":-0.1969357613071152,"expectancy":-17.27452447,"expectancy_ratio":-1.0,"sortino":-100,"sharpe":-100,"calmar":-100,"sqn":-100.0,"profit_factor":0.0,"max_drawdown_account":0.0,"max_drawdown_abs":0.0},{"key":"TOTAL","trades":1,"profit_mean":-0.024425122864187607,"profit_mean_pct":-2.44,"profit_total_abs":-17.27452447,"profit_total":-0.01727452447,"profit_total_pct":-1.73,"duration_avg":"3 days, 16:00:00","wins":0,"draws":0,"losses":1,"winrate":0.0,"cagr":-0.1969357613071152,"expectancy":-17.27452447,"expectancy_ratio":-1.0,"sortino":-100,"sharpe":-100,"calmar":-100,"sqn":-100.0,"profit_factor":0.0,"max_drawdown_account":0.0,"max_drawdown_abs":0.0}],"total_trades":10,"trade_count_long":0,"trade_count_short":10,"total_volume":5578.860373095736,"avg_stake_amount":116.144645,"profit_mean":0.044650507499000854,"profit_median":0.034280035793895894,"profit_total":-0.003679848509999999,"profit_total_long":0.0,"profit_total_short":-0.003679848509999999,"profit_total_abs":-3.6798485099999994,"profit_total_long_abs":0.0,"profit_total_short_abs":-3.6798485099999994,"cagr":-0.04534070473285767,"expectancy":-0.3679848510000001,"expectancy_ratio":-0.021302169656772008,"sortino":-100,"sharpe":-0.42033889181301526,"calmar":-14.22448639497682,"sqn":-0.1914,"profit_factor":0.7869783034322797,"backtest_start":"2025-09-01 00:00:00","backtest_start_ts":1756684800000,"backtest_end":"2025-09-30 00:00:00","backtest_end_ts":1759190400000,"backtest_days":29,"backtest_run_start_ts":1761139257,"backtest_run_end_ts":1761139262,"trades_per_day":0.34,"market_change":0.02294806963673976,"pairlist":["BTC/USDT:USDT","ETH/USDT:USDT","SOL/USDT:USDT"],"stake_amount":100,"stake_currency":"USDT","stake_currency_decimals":3,"starting_balance":1000,"dry_run_wallet":1000,"final_balance":996.32015149,"rejected_signals":0,"timedout_entry_orders":0,"timedout_exit_orders":0,"canceled_trade_entries":0,"canceled_entry_orders":0,"replaced_entry_orders":0,"max_open_trades":3,"max_open_trades_setting":3,"timeframe":"1h","timeframe_detail":"","timerange":"20250901-20250930","enable_protections":false,"strategy_name":"GKD_FisherTransformV4_ML","freqaimodel":null,"freqai_identifier":null,"stoploss":-1,"trailing_stop":false,"trailing_stop_positive":0.127,"trailing_stop_positive_offset":0.208,"trailing_only_offset_is_reached":true,"use_custom_stoploss":true,"minimal_roi":{"0":0.373,"1019":0.22,"3124":0.076,"4482":0},"use_exit_signal":true,"exit_profit_only":false,"exit_profit_offset":0.0,"ignore_roi_if_entry_signal":false,"trading_mode":"futures","margin_mode":"isolated","periodic_breakdown":{"day":[{"date":"07/09/2025","date_ts":1757203200000,"profit_abs":0.30015811,"wins":1,"draws":0,"losses":0,"trades":1,"profit_factor":0.0},{"date":"08/09/2025","date_ts":1757289600000,"profit_abs":0.0,"wins":0,"draws":0,"losses":0,"trades":0,"profit_factor":0.0},{"date":"09/09/2025","date_ts":1757376000000,"profit_abs":0.89468406,"wins":1,"draws":0,"losses":0,"trades":1,"profit_factor":0.0},{"date":"10/09/2025","date_ts":1757462400000,"profit_abs":0.0,"wins":0,"draws":0,"losses":0,"trades":0,"profit_factor":0.0},{"date":"11/09/2025","date_ts":1757548800000,"profit_abs":0.0,"wins":0,"draws":0,"losses":0,"trades":0,"profit_factor":0.0},{"date":"12/09/2025","date_ts":1757635200000,"profit_abs":0.0,"wins":0,"draws":0,"losses":0,"trades":0,"profit_factor":0.0},{"date":"13/09/2025","date_ts":1757721600000,"profit_abs":0.0,"wins":0,"draws":0,"losses":0,"trades":0,"profit_factor":0.0},{"date":"14/09/2025","date_ts":1757808000000,"profit_abs":0.0,"wins":0,"draws":0,"losses":0,"trades":0,"profit_factor":0.0},{"date":"15/09/2025","date_ts":1757894400000,"profit_abs":0.0,"wins":0,"draws":0,"losses":0,"trades":0,"profit_factor":0.0},{"date":"16/09/2025","date_ts":1757980800000,"profit_abs":0.0,"wins":0,"draws":0,"losses":0,"trades":0,"profit_factor":0.0},{"date":"17/09/2025","date_ts":1758067200000,"profit_abs":0.0,"wins":0,"draws":0,"losses":0,"trades":0,"profit_factor":0.0},{"date":"18/09/2025","date_ts":1758153600000,"profit_abs":0.0,"wins":0,"draws":0,"losses":0,"trades":0,"profit_factor":0.0},{"date":"19/09/2025","date_ts":1758240000000,"profit_abs":0.4159531,"wins":1,"draws":0,"losses":0,"trades":1,"profit_factor":0.0},{"date":"20/09/2025","date_ts":1758326400000,"profit_abs":0.0,"wins":0,"draws":0,"losses":0,"trades":0,"profit_factor":0.0},{"date":"21/09/2025","date_ts":1758412800000,"profit_abs":0.0,"wins":0,"draws":0,"losses":0,"trades":0,"profit_factor":0.0},{"date":"22/09/2025","date_ts":1758499200000,"profit_abs":4.17025485,"wins":2,"draws":0,"losses":0,"trades":2,"profit_factor":0.0},{"date":"23/09/2025","date_ts":1758585600000,"profit_abs":1.01576545,"wins":1,"draws":0,"losses":0,"trades":1,"profit_factor":0.0},{"date":"24/09/2025","date_ts":1758672000000,"profit_abs":0.0,"wins":0,"draws":0,"losses":0,"trades":0,"profit_factor":0.0},{"date":"25/09/2025","date_ts":1758758400000,"profit_abs":6.79786039,"wins":3,"draws":0,"losses":0,"trades":3,"profit_factor":0.0},{"date":"26/09/2025","date_ts":1758844800000,"profit_abs":0.0,"wins":0,"draws":0,"losses":0,"trades":0,"profit_factor":0.0},{"date":"27/09/2025","date_ts":1758931200000,"profit_abs":0.0,"wins":0,"draws":0,"losses":0,"trades":0,"profit_factor":0.0},{"date":"28/09/2025","date_ts":1759017600000,"profit_abs":0.0,"wins":0,"draws":0,"losses":0,"trades":0,"profit_factor":0.0},{"date":"29/09/2025","date_ts":1759104000000,"profit_abs":0.0,"wins":0,"draws":0,"losses":0,"trades":0,"profit_factor":0.0},{"date":"30/09/2025","date_ts":1759190400000,"profit_abs":-17.27452447,"wins":0,"draws":0,"losses":1,"trades":1,"profit_factor":0.0}],"week":[{"date":"08/09/2025","date_ts":1757289600000,"profit_abs":0.30015811,"wins":1,"draws":0,"losses":0,"trades":1,"profit_factor":0.0},{"date":"15/09/2025","date_ts":1757894400000,"profit_abs":0.89468406,"wins":1,"draws":0,"losses":0,"trades":1,"profit_factor":0.0},{"date":"22/09/2025","date_ts":1758499200000,"profit_abs":4.58620795,"wins":3,"draws":0,"losses":0,"trades":3,"profit_factor":0.0},{"date":"29/09/2025","date_ts":1759104000000,"profit_abs":7.81362584,"wins":4,"draws":0,"losses":0,"trades":4,"profit_factor":0.0},{"date":"06/10/2025","date_ts":1759708800000,"profit_abs":-17.27452447,"wins":0,"draws":0,"losses":1,"trades":1,"profit_factor":0.0}],"month":[{"date":"30/09/2025","date_ts":1759190400000,"profit_abs":-3.67984851,"wins":9,"draws":0,"losses":1,"trades":10,"profit_factor":0.7869783}],"year":[{"date":"31/12/2025","date_ts":1767139200000,"profit_abs":-3.67984851,"wins":9,"draws":0,"losses":1,"trades":10,"profit_factor":0.7869783}],"weekday":[{"date":"Monday","date_ts":0,"profit_abs":4.17025485,"wins":2,"draws":0,"losses":0,"trades":2,"profit_factor":0.0},{"date":"Tuesday","date_ts":1,"profit_abs":-15.36407496,"wins":2,"draws":0,"losses":1,"trades":3,"profit_factor":0.11059346},{"date":"Thursday","date_ts":3,"profit_abs":6.79786039,"wins":3,"draws":0,"losses":0,"trades":3,"profit_factor":0.0},{"date":"Friday","date_ts":4,"profit_abs":0.4159531,"wins":1,"draws":0,"losses":0,"trades":1,"profit_factor":0.0},{"date":"Sunday","date_ts":6,"profit_abs":0.30015811,"wins":1,"draws":0,"losses":0,"trades":1,"profit_factor":0.0}]},"backtest_best_day":0.2284115241144261,"backtest_worst_day":-0.024425122864187607,"backtest_best_day_abs":6.79786039,"backtest_worst_day_abs":-17.27452447,"winning_days":6,"draw_days":17,"losing_days":1,"daily_profit":[["2025-09-07",0.30015811],["2025-09-08",0.0],["2025-09-09",0.89468406],["2025-09-10",0.0],["2025-09-11",0.0],["2025-09-12",0.0],["2025-09-13",0.0],["2025-09-14",0.0],["2025-09-15",0.0],["2025-09-16",0.0],["2025-09-17",0.0],["2025-09-18",0.0],["2025-09-19",0.4159531],["2025-09-20",0.0],["2025-09-21",0.0],["2025-09-22",4.17025485],["2025-09-23",1.01576545],["2025-09-24",0.0],["2025-09-25",6.79786039],["2025-09-26",0.0],["2025-09-27",0.0],["2025-09-28",0.0],["2025-09-29",0.0],["2025-09-30",-17.27452447]],"wins":9,"losses":1,"draws":0,"winrate":0.9,"holding_avg":"1 day, 19:42:00","holding_avg_s":157320.0,"winner_holding_min":"0d 02:00","winner_holding_min_s":7200.0,"winner_holding_max":"2d 23:00","winner_holding_max_s":255600.0,"winner_holding_avg":"1d 14:47","winner_holding_avg_s":139620.0,"loser_holding_min":"3d 16:00","loser_holding_min_s":316800.0,"loser_holding_max":"3d 16:00","loser_holding_max_s":316800.0,"loser_holding_avg":"3d 16:00","loser_holding_avg_s":316800.0,"max_consecutive_wins":9,"max_consecutive_losses":1,"max_drawdown_account":0.017042832682244463,"max_relative_drawdown":0.017042832682244463,"max_drawdown_abs":17.27452447,"drawdown_start":"2025-09-25 17:00:00","drawdown_start_ts":1758819600000.0,"drawdown_end":"2025-09-30 00:00:00","drawdown_end_ts":1759190400000.0,"drawdown_duration":"4 days 07:00:00","drawdown_duration_s":370800.0,"max_drawdown_low":-3.6798485099999994,"max_drawdown_high":13.59467596,"csum_min":996.32015149,"csum_max":1013.59467596}},"strategy_comparison":[{"key":"GKD_FisherTransformV4_ML","trades":10,"profit_mean":0.044650507499000854,"profit_mean_pct":4.47,"profit_total_abs":-3.6798485099999994,"profit_total":-0.003679848509999999,"profit_total_pct":-0.37,"duration_avg":"1 day, 19:42:00","wins":9,"draws":0,"losses":1,"winrate":0.9,"cagr":-0.04534070473285767,"expectancy":-0.3679848510000001,"expectancy_ratio":-0.021302169656772008,"sortino":-100,"sharpe":-0.42033889181301526,"calmar":-14.22448639497682,"sqn":-0.1914,"profit_factor":0.7869783034322797,"max_drawdown_account":0.017042832682244463,"max_drawdown_abs":"17.275"}]}