{
  "strategy_name": "GKD_FisherTransformV4_ML",
  "params": {
    "max_open_trades": {
      "max_open_trades": 3
    },
    "buy": {
      "atr_period": 17,
      "baseline_period": 9,
      "fisher_buy_threshold": -0.73,
      "fisher_period": 13,
      "fisher_smooth_long": 5,
      "fisher_smooth_short": 8,
      "goldie_locks": 2.86,
      "ml_adaptation_rate": 0.38,
      "ml_confidence_threshold": 0.36,
      "ml_signal_threshold": 0.35
    },
    "sell": {
      "fisher_sell_threshold": 2.89,
      "ATR_Multip": 2.8,
      "ATR_SL_long_Multip": 1.0,
      "ATR_SL_short_Multip": 1.6,
      "fisher_long_exit": 0.424,
      "fisher_short_exit": -0.806,
      "rr_long": 2.6,
      "rr_short": 3.1
    },
    "protection": {},
    "roi": {
      "0": 0.37,
      "460": 0.121,
      "988": 0.031,
      "2315": 0
    },
    "stoploss": {
      "stoploss": -0.283
    },
    "trailing": {
      "trailing_stop": true,
      "trailing_stop_positive": 0.315,
      "trailing_stop_positive_offset": 0.384,
      "trailing_only_offset_is_reached": true
    }
  },
  "ft_stratparam_v": 1,
  "export_time": "2025-10-22 15:27:25.072723+00:00"
}