{"strategy":{"GKD_FisherTransformV4_ML":{"trades":[{"pair":"SOL/USDT:USDT","stake_amount":47.78595833,"max_stake_amount":47.78595833,"amount":0.57,"open_date":"2025-09-01 00:05:00+00:00","close_date":"2025-09-01 02:20:00+00:00","open_rate":201.2040350877193,"close_rate":198.70827916666667,"fee_open":0.0005,"fee_close":0.0005,"trade_duration":135,"profit_ratio":0.02739843556379708,"profit_abs":1.30860587,"exit_reason":"trailing_stop_loss","initial_stop_loss_abs":282.7525,"initial_stop_loss_ratio":-1.0,"stop_loss_abs":198.70827916666667,"stop_loss_ratio":-0.0001,"min_rate":198.39,"max_rate":202.43,"is_open":false,"enter_tag":"fisher_short_ml","leverage":2.4000000000000004,"is_short":true,"open_timestamp":1756685100000,"close_timestamp":1756693200000,"orders":[{"amount":0.17,"safe_price":199.59,"ft_order_side":"sell","order_filled_timestamp":1756685100000,"ft_is_entry":true,"ft_order_tag":"fisher_short_ml","cost":33.94726515},{"amount":0.4,"safe_price":201.89,"ft_order_side":"sell","order_filled_timestamp":1756691100000,"ft_is_entry":true,"ft_order_tag":"","cost":80.79637799999999},{"amount":0.57,"safe_price":198.70827916666667,"ft_order_side":"buy","order_filled_timestamp":1756693200000,"ft_is_entry":false,"ft_order_tag":"trailing_stop_loss","cost":113.3203509845625}],"funding_fees":0.0,"weekday":0},{"pair":"SOL/USDT:USDT","stake_amount":39.10366667,"max_stake_amount":39.10366667,"amount":0.47,"open_date":"2025-09-01 11:45:00+00:00","close_date":"2025-09-01 15:40:00+00:00","open_rate":199.67829787234044,"close_rate":198.25826041666667,"fee_open":0.0005,"fee_close":0.0005,"trade_duration":235,"profit_ratio":0.014683779137567694,"profit_abs":0.57390251,"exit_reason":"trailing_stop_loss","initial_stop_loss_abs":281.3358333333333,"initial_stop_loss_ratio":-1.0,"stop_loss_abs":198.25826041666667,"stop_loss_ratio":-0.0001,"min_rate":198.25,"max_rate":201.08,"is_open":false,"enter_tag":"fisher_short_ml","leverage":2.4000000000000004,"is_short":true,"open_timestamp":1756727100000,"close_timestamp":1756741200000,"orders":[{"amount":0.14,"safe_price":198.59,"ft_order_side":"sell","order_filled_timestamp":1756727100000,"ft_is_entry":true,"ft_order_tag":"fisher_short_ml","cost":27.8165013},{"amount":0.33,"safe_price":200.14,"ft_order_side":"sell","order_filled_timestamp":1756738800000,"ft_is_entry":true,"ft_order_tag":"","cost":66.0792231},{"amount":0.47,"safe_price":198.25826041666667,"ft_order_side":"buy","order_filled_timestamp":1756741200000,"ft_is_entry":false,"ft_order_tag":"trailing_stop_loss","cost":93.22797308703123}],"funding_fees":0.0,"weekday":0},{"pair":"BTC/USDT:USDT","stake_amount":135.58829167,"max_stake_amount":135.58829167,"amount":0.003,"open_date":"2025-09-01 02:55:00+00:00","close_date":"2025-09-01 21:30:00+00:00","open_rate":108470.63333333333,"close_rate":107839.39312083334,"fee_open":0.0005,"fee_close":0.0005,"trade_duration":1115,"profit_ratio":0.011941041758286256,"profit_abs":1.61825592,"exit_reason":"trailing_stop_loss","initial_stop_loss_abs":152392.1083333333,"initial_stop_loss_ratio":-1.0,"stop_loss_abs":107839.39312083334,"stop_loss_ratio":-0.0001,"min_rate":107211.5,"max_rate":109874.8,"is_open":false,"enter_tag":"fisher_short_ml","leverage":2.4000000000000004,"is_short":true,"open_timestamp":1756695300000,"close_timestamp":1756762200000,"orders":[{"amount":0.001,"safe_price":107570.9,"ft_order_side":"sell","order_filled_timestamp":1756695300000,"ft_is_entry":true,"ft_order_tag":"fisher_short_ml","cost":107.62468544999999},{"amount":0.002,"safe_price":108920.5,"ft_order_side":"sell","order_filled_timestamp":1756713000000,"ft_is_entry":true,"ft_order_tag":"","cost":217.9499205},{"amount":0.003,"safe_price":107839.39312083334,"ft_order_side":"buy","order_filled_timestamp":1756762200000,"ft_is_entry":false,"ft_order_tag":"trailing_stop_loss","cost":323.67993845218126}],"funding_fees":0.049000325931,"weekday":0},{"pair":"BTC/USDT:USDT","stake_amount":45.90258333,"max_stake_amount":45.90258333,"amount":0.001,"open_date":"2025-09-02 10:35:00+00:00","close_date":"2025-09-02 11:45:00+00:00","open_rate":110166.2,"close_rate":109818.57558333334,"fee_open":0.0005,"fee_close":0.0005,"trade_duration":70,"profit_ratio":0.005179466779162241,"profit_abs":0.23763203,"exit_reason":"trailing_stop_loss","initial_stop_loss_abs":156068.78333333333,"initial_stop_loss_ratio":-1.0,"stop_loss_abs":109818.57558333334,"stop_loss_ratio":-0.0001,"min_rate":109814.0,"max_rate":110300.0,"is_open":false,"enter_tag":"fisher_short_ml","leverage":2.4000000000000004,"is_short":true,"open_timestamp":1756809300000,"close_timestamp":1756813500000,"orders":[{"amount":0.001,"safe_price":110166.2,"ft_order_side":"sell","order_filled_timestamp":1756809300000,"ft_is_entry":true,"ft_order_tag":"fisher_short_ml","cost":110.2212831},{"amount":0.001,"safe_price":109818.57558333334,"ft_order_side":"buy","order_filled_timestamp":1756813500000,"ft_is_entry":false,"ft_order_tag":"trailing_stop_loss","cost":109.873484871125}],"funding_fees":0.0,"weekday":1},{"pair":"BTC/USDT:USDT","stake_amount":45.76104167,"max_stake_amount":45.76104167,"amount":0.001,"open_date":"2025-09-02 11:50:00+00:00","close_date":"2025-09-02 12:05:00+00:00","open_rate":109826.5,"close_rate":109337.55554166668,"fee_open":0.0005,"fee_close":0.0005,"trade_duration":15,"profit_ratio":0.008294221291285106,"profit_abs":0.37936243,"exit_reason":"trailing_stop_loss","initial_stop_loss_abs":155587.54166666666,"initial_stop_loss_ratio":-1.0,"stop_loss_abs":109337.55554166668,"stop_loss_ratio":-0.0001,"min_rate":109333.0,"max_rate":109864.2,"is_open":false,"enter_tag":"fisher_short_ml","leverage":2.4000000000000004,"is_short":true,"open_timestamp":1756813800000,"close_timestamp":1756814700000,"orders":[{"amount":0.001,"safe_price":109826.5,"ft_order_side":"sell","order_filled_timestamp":1756813800000,"ft_is_entry":true,"ft_order_tag":"fisher_short_ml","cost":109.88141325},{"amount":0.001,"safe_price":109337.55554166668,"ft_order_side":"buy","order_filled_timestamp":1756814700000,"ft_is_entry":false,"ft_order_tag":"trailing_stop_loss","cost":109.3922243194375}],"funding_fees":0.0,"weekday":1},{"pair":"SOL/USDT:USDT","stake_amount":204.75225,"max_stake_amount":204.75225,"amount":2.44,"open_date":"2025-09-01 22:00:00+00:00","close_date":"2025-09-02 12:10:00+00:00","open_rate":201.3956557377049,"close_rate":200.7,"fee_open":0.0005,"fee_close":0.0005,"trade_duration":850,"profit_ratio":0.00614421023668955,"profit_abs":1.25741185,"exit_reason":"trailing_stop_loss","initial_stop_loss_abs":276.2075,"initial_stop_loss_ratio":-1.0,"stop_loss_abs":196.3081791666667,"stop_loss_ratio":-0.0001,"min_rate":194.06,"max_rate":204.37,"is_open":false,"enter_tag":"fisher_short_ml","leverage":2.4000000000000004,"is_short":true,"open_timestamp":1756764000000,"close_timestamp":1756815000000,"orders":[{"amount":0.14,"safe_price":194.97,"ft_order_side":"sell","order_filled_timestamp":1756764000000,"ft_is_entry":true,"ft_order_tag":"fisher_short_ml","cost":27.309447900000002},{"amount":0.33,"safe_price":197.35,"ft_order_side":"sell","order_filled_timestamp":1756772400000,"ft_is_entry":true,"ft_order_tag":"","cost":65.15806275},{"amount":1.97,"safe_price":202.53,"ft_order_side":"sell","order_filled_timestamp":1756782600000,"ft_is_entry":true,"ft_order_tag":"","cost":399.18359205},{"amount":2.44,"safe_price":200.7,"ft_order_side":"buy","order_filled_timestamp":1756815000000,"ft_is_entry":false,"ft_order_tag":"trailing_stop_loss","cost":489.95285399999995}],"funding_fees":0.050568550207999996,"weekday":1},{"pair":"BTC/USDT:USDT","stake_amount":45.61254167,"max_stake_amount":45.61254167,"amount":0.001,"open_date":"2025-09-02 12:10:00+00:00","close_date":"2025-09-02 12:40:00+00:00","open_rate":109470.1,"close_rate":108616.62550416667,"fee_open":0.0005,"fee_close":0.0005,"trade_duration":30,"profit_ratio":0.016328919734595285,"profit_abs":0.74443113,"exit_reason":"trailing_stop_loss","initial_stop_loss_abs":155082.64166666666,"initial_stop_loss_ratio":-1.0,"stop_loss_abs":108616.62550416667,"stop_loss_ratio":-0.0001,"min_rate":108612.1,"max_rate":109566.9,"is_open":false,"enter_tag":"fisher_short_ml","leverage":2.4000000000000004,"is_short":true,"open_timestamp":1756815000000,"close_timestamp":1756816800000,"orders":[{"amount":0.001,"safe_price":109470.1,"ft_order_side":"sell","order_filled_timestamp":1756815000000,"ft_is_entry":true,"ft_order_tag":"fisher_short_ml","cost":109.52483505},{"amount":0.001,"safe_price":108616.62550416667,"ft_order_side":"buy","order_filled_timestamp":1756816800000,"ft_is_entry":false,"ft_order_tag":"trailing_stop_loss","cost":108.67093381691875}],"funding_fees":0.0,"weekday":1},{"pair":"BTC/USDT:USDT","stake_amount":46.20570833,"max_stake_amount":46.20570833,"amount":0.001,"open_date":"2025-09-02 17:35:00+00:00","close_date":"2025-09-03 00:10:00+00:00","open_rate":110893.7,"close_rate":111494.35420833333,"fee_open":0.0005,"fee_close":0.0005,"trade_duration":395,"profit_ratio":0.01056932565317874,"profit_abs":0.48860736,"exit_reason":"trailing_stop_loss","initial_stop_loss_abs":64687.99166666667,"initial_stop_loss_ratio":-1.0,"stop_loss_abs":111494.35420833333,"stop_loss_ratio":-0.0001,"min_rate":110118.5,"max_rate":111499.0,"is_open":false,"enter_tag":"fisher_long_ml","leverage":2.4000000000000004,"is_short":false,"open_timestamp":1756834500000,"close_timestamp":1756858200000,"orders":[{"amount":0.001,"safe_price":110893.7,"ft_order_side":"buy","order_filled_timestamp":1756834500000,"ft_is_entry":true,"ft_order_tag":"fisher_long_ml","cost":110.94914684999999},{"amount":0.001,"safe_price":111494.35420833333,"ft_order_side":"sell","order_filled_timestamp":1756858200000,"ft_is_entry":false,"ft_order_tag":"trailing_stop_loss","cost":111.5501013854375}],"funding_fees":-0.0008528254185990084,"weekday":2},{"pair":"BTC/USDT:USDT","stake_amount":46.58091667,"max_stake_amount":46.58091667,"amount":0.001,"open_date":"2025-09-03 19:45:00+00:00","close_date":"2025-09-04 02:25:00+00:00","open_rate":111794.2,"close_rate":111372.04030833334,"fee_open":0.0005,"fee_close":0.0005,"trade_duration":400,"profit_ratio":0.006714162328663756,"profit_abs":0.31259546,"exit_reason":"trailing_stop_loss","initial_stop_loss_abs":158375.11666666664,"initial_stop_loss_ratio":-1.0,"stop_loss_abs":111372.04030833334,"stop_loss_ratio":-0.0001,"min_rate":111367.4,"max_rate":112207.1,"is_open":false,"enter_tag":"fisher_short_ml","leverage":2.4000000000000004,"is_short":true,"open_timestamp":1756928700000,"close_timestamp":1756952700000,"orders":[{"amount":0.001,"safe_price":111794.2,"ft_order_side":"sell","order_filled_timestamp":1756928700000,"ft_is_entry":true,"ft_order_tag":"fisher_short_ml","cost":111.8500971},{"amount":0.001,"safe_price":111372.04030833334,"ft_order_side":"buy","order_filled_timestamp":1756952700000,"ft_is_entry":false,"ft_order_tag":"trailing_stop_loss","cost":111.4277263284875}],"funding_fees":0.0020188889044191775,"weekday":3},{"pair":"BTC/USDT:USDT","stake_amount":46.26704167,"max_stake_amount":46.26704167,"amount":0.001,"open_date":"2025-09-04 04:55:00+00:00","close_date":"2025-09-04 05:00:00+00:00","open_rate":111040.9,"close_rate":110634.60958333334,"fee_open":0.0005,"fee_close":0.0005,"trade_duration":5,"profit_ratio":0.006389007154591472,"profit_abs":0.29545266,"exit_reason":"trailing_stop_loss","initial_stop_loss_abs":157307.94166666665,"initial_stop_loss_ratio":-1.0,"stop_loss_abs":110634.60958333334,"stop_loss_ratio":-0.0001,"min_rate":110630.0,"max_rate":111042.0,"is_open":false,"enter_tag":"fisher_short_ml","leverage":2.4000000000000004,"is_short":true,"open_timestamp":1756961700000,"close_timestamp":1756962000000,"orders":[{"amount":0.001,"safe_price":111040.9,"ft_order_side":"sell","order_filled_timestamp":1756961700000,"ft_is_entry":true,"ft_order_tag":"fisher_short_ml","cost":111.09642044999998},{"amount":0.001,"safe_price":110634.60958333334,"ft_order_side":"buy","order_filled_timestamp":1756962000000,"ft_is_entry":false,"ft_order_tag":"trailing_stop_loss","cost":110.689926888125}],"funding_fees":0.0,"weekday":3},{"pair":"BTC/USDT:USDT","stake_amount":46.09,"max_stake_amount":46.09,"amount":0.001,"open_date":"2025-09-04 05:40:00+00:00","close_date":"2025-09-04 13:45:00+00:00","open_rate":110616.0,"close_rate":110154.58958333333,"fee_open":0.0005,"fee_close":0.0005,"trade_duration":485,"profit_ratio":0.007724993327646683,"profit_abs":0.35586692,"exit_reason":"trailing_stop_loss","initial_stop_loss_abs":156705.99999999997,"initial_stop_loss_ratio":-1.0,"stop_loss_abs":110154.58958333333,"stop_loss_ratio":-0.0001,"min_rate":110150.0,"max_rate":111111.0,"is_open":false,"enter_tag":"fisher_short_ml","leverage":2.4000000000000004,"is_short":true,"open_timestamp":1756964400000,"close_timestamp":1756993500000,"orders":[{"amount":0.001,"safe_price":110616.0,"ft_order_side":"sell","order_filled_timestamp":1756964400000,"ft_is_entry":true,"ft_order_tag":"fisher_short_ml","cost":110.671308},{"amount":0.001,"safe_price":110154.58958333333,"ft_order_side":"buy","order_filled_timestamp":1756993500000,"ft_is_entry":false,"ft_order_tag":"trailing_stop_loss","cost":110.20966687812499}],"funding_fees":0.004841798605,"weekday":3},{"pair":"SOL/USDT:USDT","stake_amount":224.00766667,"max_stake_amount":224.00766667,"amount":2.62,"open_date":"2025-09-03 14:45:00+00:00","close_date":"2025-09-05 07:20:00+00:00","open_rate":205.19786259541985,"close_rate":205.89,"fee_open":0.0005,"fee_close":0.0005,"trade_duration":2435,"profit_ratio":0.005495305241402273,"profit_abs":1.231606,"exit_reason":"trailing_stop_loss","initial_stop_loss_abs":123.795,"initial_stop_loss_ratio":-1.0,"stop_loss_abs":211.0512058333333,"stop_loss_ratio":-0.0001,"min_rate":200.8,"max_rate":212.73,"is_open":false,"enter_tag":"fisher_long_ml","leverage":2.4000000000000004,"is_short":false,"open_timestamp":1756910700000,"close_timestamp":1757056800000,"orders":[{"amount":0.14,"safe_price":212.22,"ft_order_side":"buy","order_filled_timestamp":1756910700000,"ft_is_entry":true,"ft_order_tag":"fisher_long_ml","cost":29.7256554},{"amount":0.34,"safe_price":209.72,"ft_order_side":"buy","order_filled_timestamp":1756917900000,"ft_is_entry":true,"ft_order_tag":"","cost":71.34045239999999},{"amount":2.14,"safe_price":204.02,"ft_order_side":"buy","order_filled_timestamp":1756998900000,"ft_is_entry":true,"ft_order_tag":"","cost":436.82110140000003},{"amount":2.62,"safe_price":205.89,"ft_order_side":"sell","order_filled_timestamp":1757056800000,"ft_is_entry":false,"ft_order_tag":"trailing_stop_loss","cost":539.7015158999999}],"funding_fees":-0.04326889778997556,"weekday":4},{"pair":"BTC/USDT:USDT","stake_amount":702.93041667,"max_stake_amount":702.93041667,"amount":0.015,"open_date":"2025-09-04 16:45:00+00:00","close_date":"2025-09-05 14:20:00+00:00","open_rate":112468.86666666667,"close_rate":111380.3,"fee_open":0.0005,"fee_close":0.0005,"trade_duration":1295,"profit_ratio":0.020935031229543315,"profit_abs":14.70851229,"exit_reason":"trailing_stop_loss","initial_stop_loss_abs":154984.74999999997,"initial_stop_loss_ratio":-1.0,"stop_loss_abs":109628.56766666667,"stop_loss_ratio":-0.0001,"min_rate":109353.6,"max_rate":113344.3,"is_open":false,"enter_tag":"fisher_short_ml","leverage":2.4000000000000004,"is_short":true,"open_timestamp":1757004300000,"close_timestamp":1757082000000,"orders":[{"amount":0.001,"safe_price":109401.0,"ft_order_side":"sell","order_filled_timestamp":1757004300000,"ft_is_entry":true,"ft_order_tag":"fisher_short_ml","cost":109.45570049999999},{"amount":0.002,"safe_price":110777.6,"ft_order_side":"sell","order_filled_timestamp":1757025000000,"ft_is_entry":true,"ft_order_tag":"","cost":221.6659776},{"amount":0.012,"safe_price":113006.4,"ft_order_side":"sell","order_filled_timestamp":1757080200000,"ft_is_entry":true,"ft_order_tag":"","cost":1356.7548384},{"amount":0.015,"safe_price":111380.3,"ft_order_side":"buy","order_filled_timestamp":1757082000000,"ft_is_entry":false,"ft_order_tag":"trailing_stop_loss","cost":1671.53985225}],"funding_fees":0.058881039772173,"weekday":4},{"pair":"BTC/USDT:USDT","stake_amount":111.22633333,"max_stake_amount":111.22633333,"amount":0.003,"open_date":"2025-09-05 14:50:00+00:00","close_date":"2025-09-06 01:20:00+00:00","open_rate":111226.33333333333,"close_rate":110789.7,"fee_open":0.0005,"fee_close":0.0005,"trade_duration":630,"profit_ratio":0.008904251753662816,"profit_abs":0.98989208,"exit_reason":"exit_short_ml","initial_stop_loss_abs":147554.13333333333,"initial_stop_loss_ratio":-1.0,"stop_loss_abs":111156.50509333334,"stop_loss_ratio":-0.0001,"min_rate":110153.3,"max_rate":111655.5,"is_open":false,"enter_tag":"fisher_short_ml","leverage":3.0,"is_short":true,"open_timestamp":1757083800000,"close_timestamp":1757121600000,"orders":[{"amount":0.001,"safe_price":110665.6,"ft_order_side":"sell","order_filled_timestamp":1757083800000,"ft_is_entry":true,"ft_order_tag":"fisher_short_ml","cost":110.7209328},{"amount":0.002,"safe_price":111506.7,"ft_order_side":"sell","order_filled_timestamp":1757105700000,"ft_is_entry":true,"ft_order_tag":"","cost":223.12490669999997},{"amount":0.003,"safe_price":110789.7,"ft_order_side":"buy","order_filled_timestamp":1757121600000,"ft_is_entry":false,"ft_order_tag":"exit_short_ml","cost":332.53528455}],"funding_fees":0.013016133471000002,"weekday":5},{"pair":"SOL/USDT:USDT","stake_amount":53.61816667,"max_stake_amount":53.61816667,"amount":0.79,"open_date":"2025-09-05 15:05:00+00:00","close_date":"2025-09-06 07:10:00+00:00","open_rate":203.61329113924052,"close_rate":202.52,"fee_open":0.0005,"fee_close":0.0005,"trade_duration":965,"profit_ratio":0.013423325932383583,"profit_abs":0.71937426,"exit_reason":"exit_short_ml","initial_stop_loss_abs":269.37333333333333,"initial_stop_loss_ratio":-1.0,"stop_loss_abs":205.16683866666665,"stop_loss_ratio":-0.0001,"min_rate":201.81,"max_rate":205.65,"is_open":false,"enter_tag":"fisher_short_ml","leverage":3.0,"is_short":true,"open_timestamp":1757084700000,"close_timestamp":1757142600000,"orders":[{"amount":0.2,"safe_price":202.03,"ft_order_side":"sell","order_filled_timestamp":1757084700000,"ft_is_entry":true,"ft_order_tag":"fisher_short_ml","cost":40.426203},{"amount":0.59,"safe_price":204.15,"ft_order_side":"sell","order_filled_timestamp":1757085900000,"ft_is_entry":true,"ft_order_tag":"","cost":120.50872424999999},{"amount":0.79,"safe_price":202.52,"ft_order_side":"buy","order_filled_timestamp":1757142600000,"ft_is_entry":false,"ft_order_tag":"exit_short_ml","cost":160.0707954}],"funding_fees":0.016096909004016998,"weekday":5},{"pair":"SOL/USDT:USDT","stake_amount":12.59625,"max_stake_amount":12.59625,"amount":0.15,"open_date":"2025-09-06 13:45:00+00:00","close_date":"2025-09-06 16:20:00+00:00","open_rate":201.54,"close_rate":200.64836,"fee_open":0.0005,"fee_close":0.0005,"trade_duration":155,"profit_ratio":0.008269381887530052,"profit_abs":0.10411112,"exit_reason":"trailing_stop_loss","initial_stop_loss_abs":285.515,"initial_stop_loss_ratio":-1.0,"stop_loss_abs":200.64836,"stop_loss_ratio":-0.0001,"min_rate":200.64,"max_rate":202.56,"is_open":false,"enter_tag":"fisher_short_ml","leverage":2.4000000000000004,"is_short":true,"open_timestamp":1757166300000,"close_timestamp":1757175600000,"orders":[{"amount":0.15,"safe_price":201.54,"ft_order_side":"sell","order_filled_timestamp":1757166300000,"ft_is_entry":true,"ft_order_tag":"fisher_short_ml","cost":30.246115499999995},{"amount":0.15,"safe_price":200.64836,"ft_order_side":"buy","order_filled_timestamp":1757175600000,"ft_is_entry":false,"ft_order_tag":"trailing_stop_loss","cost":30.112302627}],"funding_fees":0.00052925196,"weekday":5},{"pair":"BTC/USDT:USDT","stake_amount":146.9919,"max_stake_amount":146.9919,"amount":0.004,"open_date":"2025-09-06 07:20:00+00:00","close_date":"2025-09-07 02:55:00+00:00","open_rate":110243.925,"close_rate":110563.4,"fee_open":0.0005,"fee_close":0.0005,"trade_duration":1175,"profit_ratio":0.005546505177039235,"profit_abs":0.81569898,"exit_reason":"trailing_stop_loss","initial_stop_loss_abs":73830.00000000001,"initial_stop_loss_ratio":-1.0,"stop_loss_abs":110915.90268,"stop_loss_ratio":-0.0001,"min_rate":109850.0,"max_rate":110956.5,"is_open":false,"enter_tag":"fisher_long_ml","leverage":3.0,"is_short":false,"open_timestamp":1757143200000,"close_timestamp":1757213700000,"orders":[{"amount":0.001,"safe_price":110745.0,"ft_order_side":"buy","order_filled_timestamp":1757143200000,"ft_is_entry":true,"ft_order_tag":"fisher_long_ml","cost":110.8003725},{"amount":0.003,"safe_price":110076.9,"ft_order_side":"buy","order_filled_timestamp":1757179800000,"ft_is_entry":true,"ft_order_tag":"","cost":330.39581535},{"amount":0.004,"safe_price":110563.4,"ft_order_side":"sell","order_filled_timestamp":1757213700000,"ft_is_entry":false,"ft_order_tag":"trailing_stop_loss","cost":442.4747268}],"funding_fees":-0.0205863706,"weekday":6},{"pair":"SOL/USDT:USDT","stake_amount":48.32153333,"max_stake_amount":48.32153333,"amount":0.71,"open_date":"2025-09-07 05:55:00+00:00","close_date":"2025-09-07 16:50:00+00:00","open_rate":204.17549295774648,"close_rate":203.4,"fee_open":0.0005,"fee_close":0.0005,"trade_duration":655,"profit_ratio":0.008546649187390544,"profit_abs":0.4127807,"exit_reason":"trailing_stop_loss","initial_stop_loss_abs":270.25333333333333,"initial_stop_loss_ratio":-1.0,"stop_loss_abs":202.15673833333335,"stop_loss_ratio":-0.0001,"min_rate":202.14,"max_rate":205.45,"is_open":false,"enter_tag":"fisher_short_ml","leverage":3.0,"is_short":true,"open_timestamp":1757224500000,"close_timestamp":1757263800000,"orders":[{"amount":0.18,"safe_price":202.69,"ft_order_side":"sell","order_filled_timestamp":1757224500000,"ft_is_entry":true,"ft_order_tag":"fisher_short_ml","cost":36.502442099999996},{"amount":0.53,"safe_price":204.68,"ft_order_side":"sell","order_filled_timestamp":1757259600000,"ft_is_entry":true,"ft_order_tag":"","cost":108.5346402},{"amount":0.71,"safe_price":203.4,"ft_order_side":"buy","order_filled_timestamp":1757263800000,"ft_is_entry":false,"ft_order_tag":"trailing_stop_loss","cost":144.48620699999998}],"funding_fees":0.006870003455311916,"weekday":6},{"pair":"SOL/USDT:USDT","stake_amount":12.685,"max_stake_amount":12.685,"amount":0.15,"open_date":"2025-09-07 17:15:00+00:00","close_date":"2025-09-07 17:20:00+00:00","open_rate":202.96,"close_rate":201.728405,"fee_open":0.0005,"fee_close":0.0005,"trade_duration":5,"profit_ratio":0.012176969052125591,"profit_abs":0.15438762,"exit_reason":"trailing_stop_loss","initial_stop_loss_abs":287.52666666666664,"initial_stop_loss_ratio":-1.0,"stop_loss_abs":201.728405,"stop_loss_ratio":-0.0001,"min_rate":201.72,"max_rate":203.09,"is_open":false,"enter_tag":"fisher_short_ml","leverage":2.4000000000000004,"is_short":true,"open_timestamp":1757265300000,"close_timestamp":1757265600000,"orders":[{"amount":0.15,"safe_price":202.96,"ft_order_side":"sell","order_filled_timestamp":1757265300000,"ft_is_entry":true,"ft_order_tag":"fisher_short_ml","cost":30.459221999999997},{"amount":0.15,"safe_price":201.728405,"ft_order_side":"buy","order_filled_timestamp":1757265600000,"ft_is_entry":false,"ft_order_tag":"trailing_stop_loss","cost":30.274390380374996}],"funding_fees":0.0,"weekday":6},{"pair":"BTC/USDT:USDT","stake_amount":46.26108333,"max_stake_amount":46.26108333,"amount":0.001,"open_date":"2025-09-07 13:15:00+00:00","close_date":"2025-09-08 02:20:00+00:00","open_rate":111026.6,"close_rate":110571.10693750001,"fee_open":0.0005,"fee_close":0.0005,"trade_duration":785,"profit_ratio":0.007848428143760803,"profit_abs":0.36289525,"exit_reason":"trailing_stop_loss","initial_stop_loss_abs":157287.68333333332,"initial_stop_loss_ratio":-1.0,"stop_loss_abs":110571.10693750001,"stop_loss_ratio":-0.0001,"min_rate":110566.5,"max_rate":111559.5,"is_open":false,"enter_tag":"fisher_short_ml","leverage":2.4000000000000004,"is_short":true,"open_timestamp":1757250900000,"close_timestamp":1757298000000,"orders":[{"amount":0.001,"safe_price":111026.6,"ft_order_side":"sell","order_filled_timestamp":1757250900000,"ft_is_entry":true,"ft_order_tag":"fisher_short_ml","cost":111.08211329999999},{"amount":0.001,"safe_price":110571.10693750001,"ft_order_side":"buy","order_filled_timestamp":1757298000000,"ft_is_entry":false,"ft_order_tag":"trailing_stop_loss","cost":110.62639249096875}],"funding_fees":0.01820104505357095,"weekday":0},{"pair":"BTC/USDT:USDT","stake_amount":139.06183333,"max_stake_amount":139.06183333,"amount":0.003,"open_date":"2025-09-08 02:25:00+00:00","close_date":"2025-09-09 15:35:00+00:00","open_rate":111249.46666666666,"close_rate":110888.5201625,"fee_open":0.0005,"fee_close":0.0005,"trade_duration":2230,"profit_ratio":0.005960101643014909,"profit_abs":0.82840825,"exit_reason":"trailing_stop_loss","initial_stop_loss_abs":156752.18333333332,"initial_stop_loss_ratio":-1.0,"stop_loss_abs":110888.5201625,"stop_loss_ratio":-0.0001,"min_rate":110642.9,"max_rate":113238.0,"is_open":false,"enter_tag":"fisher_short_ml","leverage":2.4000000000000004,"is_short":true,"open_timestamp":1757298300000,"close_timestamp":1757432100000,"orders":[{"amount":0.001,"safe_price":110648.6,"ft_order_side":"sell","order_filled_timestamp":1757298300000,"ft_is_entry":true,"ft_order_tag":"fisher_short_ml","cost":110.7039243},{"amount":0.002,"safe_price":111549.9,"ft_order_side":"sell","order_filled_timestamp":1757320200000,"ft_is_entry":true,"ft_order_tag":"fisher_long_ml","cost":223.2113499},{"amount":0.003,"safe_price":110888.5201625,"ft_order_side":"buy","order_filled_timestamp":1757432100000,"ft_is_entry":false,"ft_order_tag":"trailing_stop_loss","cost":332.8318932677438}],"funding_fees":0.07877571534155157,"weekday":1},{"pair":"SOL/USDT:USDT","stake_amount":877.81770833,"max_stake_amount":877.81770833,"amount":9.65,"open_date":"2025-09-07 17:25:00+00:00","close_date":"2025-09-22 19:35:00+00:00","open_rate":218.31735751295338,"close_rate":217.55,"fee_open":0.0005,"fee_close":0.0005,"trade_duration":21730,"profit_ratio":0.009212575303618251,"profit_abs":8.08291826,"exit_reason":"roi","initial_stop_loss_abs":286.40749999999997,"initial_stop_loss_ratio":-1.0,"stop_loss_abs":202.88845333333333,"stop_loss_ratio":-0.0001,"min_rate":201.36,"max_rate":253.49,"is_open":false,"enter_tag":"fisher_short_ml","leverage":2.4000000000000004,"is_short":true,"open_timestamp":1757265900000,"close_timestamp":1758569700000,"orders":[{"amount":0.16,"safe_price":202.17,"ft_order_side":"sell","order_filled_timestamp":1757265900000,"ft_is_entry":true,"ft_order_tag":"fisher_short_ml","cost":32.363373599999996},{"amount":0.37,"safe_price":204.83,"ft_order_side":"sell","order_filled_timestamp":1757278800000,"ft_is_entry":true,"ft_order_tag":"","cost":75.82499355},{"amount":2.22,"safe_price":209.91,"ft_order_side":"sell","order_filled_timestamp":1757325000000,"ft_is_entry":true,"ft_order_tag":"","cost":466.2332001},{"amount":6.9,"safe_price":222.12,"ft_order_side":"sell","order_filled_timestamp":1757489700000,"ft_is_entry":true,"ft_order_tag":"","cost":1533.3943140000001},{"amount":9.65,"safe_price":217.55,"ft_order_side":"buy","order_filled_timestamp":1758569700000,"ft_is_entry":false,"ft_order_tag":"roi","cost":2100.4071787499997}],"funding_fees":2.780978264944946,"weekday":0},{"pair":"SOL/USDT:USDT","stake_amount":57.6631,"max_stake_amount":57.6631,"amount":0.79,"open_date":"2025-09-22 19:40:00+00:00","close_date":"2025-09-23 01:55:00+00:00","open_rate":218.97379746835443,"close_rate":216.517217,"fee_open":0.0005,"fee_close":0.0005,"trade_duration":375,"profit_ratio":0.030827544927396408,"profit_abs":1.776723,"exit_reason":"trailing_stop_loss","initial_stop_loss_abs":290.0133333333333,"initial_stop_loss_ratio":-1.0,"stop_loss_abs":216.517217,"stop_loss_ratio":-0.0001,"min_rate":216.34,"max_rate":221.28,"is_open":false,"enter_tag":"fisher_short_ml","leverage":3.0,"is_short":true,"open_timestamp":1758570000000,"close_timestamp":1758592500000,"orders":[{"amount":0.2,"safe_price":217.51,"ft_order_side":"sell","order_filled_timestamp":1758570000000,"ft_is_entry":true,"ft_order_tag":"fisher_short_ml","cost":43.523751},{"amount":0.59,"safe_price":219.47,"ft_order_side":"sell","order_filled_timestamp":1758575100000,"ft_is_entry":true,"ft_order_tag":"","cost":129.55204365},{"amount":0.79,"safe_price":216.517217,"ft_order_side":"buy","order_filled_timestamp":1758592500000,"ft_is_entry":false,"ft_order_tag":"trailing_stop_loss","cost":171.13412573071497}],"funding_fees":0.008043380615866876,"weekday":1},{"pair":"BTC/USDT:USDT","stake_amount":139.66933333,"max_stake_amount":139.66933333,"amount":0.003,"open_date":"2025-09-09 15:50:00+00:00","close_date":"2025-09-23 03:10:00+00:00","open_rate":111735.46666666666,"close_rate":111550.1,"fee_open":0.0005,"fee_close":0.0005,"trade_duration":19400,"profit_ratio":0.006001630005853699,"profit_abs":0.83782454,"exit_reason":"trailing_stop_loss","initial_stop_loss_abs":157022.19999999998,"initial_stop_loss_ratio":-1.0,"stop_loss_abs":111132.23031666668,"stop_loss_ratio":-0.0001,"min_rate":110714.9,"max_rate":117875.2,"is_open":false,"enter_tag":"fisher_short_ml","leverage":2.4000000000000004,"is_short":true,"open_timestamp":1757433000000,"close_timestamp":1758597000000,"orders":[{"amount":0.001,"safe_price":110839.2,"ft_order_side":"sell","order_filled_timestamp":1757433000000,"ft_is_entry":true,"ft_order_tag":"fisher_short_ml","cost":110.8946196},{"amount":0.002,"safe_price":112183.6,"ft_order_side":"sell","order_filled_timestamp":1757489400000,"ft_is_entry":true,"ft_order_tag":"","cost":224.4793836},{"amount":0.003,"safe_price":111550.1,"ft_order_side":"buy","order_filled_timestamp":1758597000000,"ft_is_entry":false,"ft_order_tag":"trailing_stop_loss","cost":334.81762514999997}],"funding_fees":0.6166528882298482,"weekday":1},{"pair":"BTC/USDT:USDT","stake_amount":46.979,"max_stake_amount":46.979,"amount":0.001,"open_date":"2025-09-23 13:45:00+00:00","close_date":"2025-09-23 15:00:00+00:00","open_rate":112749.6,"close_rate":112395.28294166668,"fee_open":0.0005,"fee_close":0.0005,"trade_duration":75,"profit_ratio":0.005148375929168101,"profit_abs":0.24174462,"exit_reason":"trailing_stop_loss","initial_stop_loss_abs":159728.6,"initial_stop_loss_ratio":-1.0,"stop_loss_abs":112395.28294166668,"stop_loss_ratio":-0.0001,"min_rate":112390.6,"max_rate":113254.8,"is_open":false,"enter_tag":"fisher_short_ml","leverage":2.4000000000000004,"is_short":true,"open_timestamp":1758635100000,"close_timestamp":1758639600000,"orders":[{"amount":0.001,"safe_price":112749.6,"ft_order_side":"sell","order_filled_timestamp":1758635100000,"ft_is_entry":true,"ft_order_tag":"fisher_short_ml","cost":112.80597480000002},{"amount":0.001,"safe_price":112395.28294166668,"ft_order_side":"buy","order_filled_timestamp":1758639600000,"ft_is_entry":false,"ft_order_tag":"trailing_stop_loss","cost":112.45148058313751}],"funding_fees":0.0,"weekday":1},{"pair":"SOL/USDT:USDT","stake_amount":10.832,"max_stake_amount":10.832,"amount":0.12,"open_date":"2025-09-23 18:00:00+00:00","close_date":"2025-09-23 20:00:00+00:00","open_rate":216.64,"close_rate":214.0689191666667,"fee_open":0.0005,"fee_close":0.0005,"trade_duration":120,"profit_ratio":0.026110466607011044,"profit_abs":0.28268716,"exit_reason":"trailing_stop_loss","initial_stop_loss_abs":306.90666666666664,"initial_stop_loss_ratio":-1.0,"stop_loss_abs":214.0689191666667,"stop_loss_ratio":-0.0001,"min_rate":214.06,"max_rate":217.1,"is_open":false,"enter_tag":"fisher_short_ml","leverage":2.4000000000000004,"is_short":true,"open_timestamp":1758650400000,"close_timestamp":1758657600000,"orders":[{"amount":0.12,"safe_price":216.64,"ft_order_side":"sell","order_filled_timestamp":1758650400000,"ft_is_entry":true,"ft_order_tag":"fisher_short_ml","cost":26.009798399999994},{"amount":0.12,"safe_price":214.0689191666667,"ft_order_side":"buy","order_filled_timestamp":1758657600000,"ft_is_entry":false,"ft_order_tag":"trailing_stop_loss","cost":25.70111443515}],"funding_fees":0.0,"weekday":1},{"pair":"SOL/USDT:USDT","stake_amount":38.61845833,"max_stake_amount":38.61845833,"amount":0.43,"open_date":"2025-09-23 20:25:00+00:00","close_date":"2025-09-23 22:25:00+00:00","open_rate":215.54488372093024,"close_rate":214.79894958333333,"fee_open":0.0005,"fee_close":0.0005,"trade_duration":120,"profit_ratio":0.005912766610064042,"profit_abs":0.22822776,"exit_reason":"trailing_stop_loss","initial_stop_loss_abs":302.7558333333333,"initial_stop_loss_ratio":-1.0,"stop_loss_abs":214.79894958333333,"stop_loss_ratio":-0.0001,"min_rate":213.17,"max_rate":216.63,"is_open":false,"enter_tag":"fisher_short_ml","leverage":2.4000000000000004,"is_short":true,"open_timestamp":1758659100000,"close_timestamp":1758666300000,"orders":[{"amount":0.13,"safe_price":213.71,"ft_order_side":"sell","order_filled_timestamp":1758659100000,"ft_is_entry":true,"ft_order_tag":"fisher_short_ml","cost":27.796191150000002},{"amount":0.3,"safe_price":216.34,"ft_order_side":"sell","order_filled_timestamp":1758663900000,"ft_is_entry":true,"ft_order_tag":"","cost":64.934451},{"amount":0.43,"safe_price":214.79894958333333,"ft_order_side":"buy","order_filled_timestamp":1758666300000,"ft_is_entry":false,"ft_order_tag":"trailing_stop_loss","cost":92.40973009499375}],"funding_fees":0.0,"weekday":1},{"pair":"BTC/USDT:USDT","stake_amount":46.52675,"max_stake_amount":46.52675,"amount":0.001,"open_date":"2025-09-23 19:40:00+00:00","close_date":"2025-09-24 04:10:00+00:00","open_rate":111664.2,"close_rate":110939.62229166667,"fee_open":0.0005,"fee_close":0.0005,"trade_duration":510,"profit_ratio":0.01332721597839977,"profit_abs":0.61976201,"exit_reason":"trailing_stop_loss","initial_stop_loss_abs":158190.94999999998,"initial_stop_loss_ratio":-1.0,"stop_loss_abs":110939.62229166667,"stop_loss_ratio":-0.0001,"min_rate":110935.0,"max_rate":112466.6,"is_open":false,"enter_tag":"fisher_short_ml","leverage":2.4000000000000004,"is_short":true,"open_timestamp":1758656400000,"close_timestamp":1758687000000,"orders":[{"amount":0.001,"safe_price":111664.2,"ft_order_side":"sell","order_filled_timestamp":1758656400000,"ft_is_entry":true,"ft_order_tag":"fisher_short_ml","cost":111.72003209999998},{"amount":0.001,"safe_price":110939.62229166667,"ft_order_side":"buy","order_filled_timestamp":1758687000000,"ft_is_entry":false,"ft_order_tag":"trailing_stop_loss","cost":110.9950921028125}],"funding_fees":0.006486214974,"weekday":2},{"pair":"SOL/USDT:USDT","stake_amount":41.18116667,"max_stake_amount":41.18116667,"amount":0.47,"open_date":"2025-09-24 04:00:00+00:00","close_date":"2025-09-25 03:25:00+00:00","open_rate":210.2868085106383,"close_rate":206.12858833333334,"fee_open":0.0005,"fee_close":0.0005,"trade_duration":1405,"profit_ratio":0.044860047786057775,"profit_abs":1.84646541,"exit_reason":"trailing_stop_loss","initial_stop_loss_abs":295.19083333333333,"initial_stop_loss_ratio":-1.0,"stop_loss_abs":206.12858833333334,"stop_loss_ratio":-0.0001,"min_rate":204.73,"max_rate":216.15,"is_open":false,"enter_tag":"fisher_short_ml","leverage":2.4000000000000004,"is_short":true,"open_timestamp":1758686400000,"close_timestamp":1758770700000,"orders":[{"amount":0.14,"safe_price":208.37,"ft_order_side":"sell","order_filled_timestamp":1758686400000,"ft_is_entry":true,"ft_order_tag":"fisher_short_ml","cost":29.186385900000005},{"amount":0.33,"safe_price":211.1,"ft_order_side":"sell","order_filled_timestamp":1758696900000,"ft_is_entry":true,"ft_order_tag":"","cost":69.69783149999999},{"amount":0.47,"safe_price":206.12858833333334,"ft_order_side":"buy","order_filled_timestamp":1758770700000,"ft_is_entry":false,"ft_order_tag":"trailing_stop_loss","cost":96.92887673492498}],"funding_fees":-0.01004045589925196,"weekday":3},{"pair":"BTC/USDT:USDT","stake_amount":135.88118182,"max_stake_amount":135.88118182,"amount":0.004,"open_date":"2025-09-24 04:15:00+00:00","close_date":"2025-09-25 04:50:00+00:00","open_rate":112101.975,"close_rate":111543.38,"fee_open":0.0005,"fee_close":0.0005,"trade_duration":1475,"profit_ratio":0.013521867922486648,"profit_abs":1.83644871,"exit_reason":"trailing_stop_loss","initial_stop_loss_abs":145180.9,"initial_stop_loss_ratio":-1.0,"stop_loss_abs":111543.38,"stop_loss_ratio":-0.0001,"min_rate":111324.4,"max_rate":113895.8,"is_open":false,"enter_tag":"fisher_short_ml","leverage":3.3000000000000003,"is_short":true,"open_timestamp":1758687300000,"close_timestamp":1758775800000,"orders":[{"amount":0.001,"safe_price":111417.9,"ft_order_side":"sell","order_filled_timestamp":1758687300000,"ft_is_entry":true,"ft_order_tag":"fisher_short_ml","cost":111.47360895},{"amount":0.003,"safe_price":112330.0,"ft_order_side":"sell","order_filled_timestamp":1758691500000,"ft_is_entry":true,"ft_order_tag":"","cost":337.158495},{"amount":0.004,"safe_price":111543.38,"ft_order_side":"buy","order_filled_timestamp":1758775800000,"ft_is_entry":false,"ft_order_tag":"trailing_stop_loss","cost":446.39660676000005}],"funding_fees":0.04935941576779131,"weekday":3},{"pair":"SOL/USDT:USDT","stake_amount":11.149125,"max_stake_amount":11.149125,"amount":0.13,"open_date":"2025-09-25 04:15:00+00:00","close_date":"2025-09-25 07:55:00+00:00","open_rate":205.83,"close_rate":204.31,"fee_open":0.0005,"fee_close":0.0005,"trade_duration":220,"profit_ratio":0.015339895570872454,"profit_abs":0.1709409,"exit_reason":"exit_short_ml","initial_stop_loss_abs":291.5925,"initial_stop_loss_ratio":-1.0,"stop_loss_abs":287.01666666666665,"stop_loss_ratio":-1.0,"min_rate":202.6,"max_rate":206.03,"is_open":false,"enter_tag":"fisher_short_ml","leverage":2.4000000000000004,"is_short":true,"open_timestamp":1758773700000,"close_timestamp":1758786900000,"orders":[{"amount":0.13,"safe_price":205.83,"ft_order_side":"sell","order_filled_timestamp":1758773700000,"ft_is_entry":true,"ft_order_tag":"fisher_short_ml","cost":26.771278950000003},{"amount":0.13,"safe_price":204.31,"ft_order_side":"buy","order_filled_timestamp":1758786900000,"ft_is_entry":false,"ft_order_tag":"exit_short_ml","cost":26.57358015}],"funding_fees":0.0,"weekday":3},{"pair":"BTC/USDT:USDT","stake_amount":46.53054167,"max_stake_amount":46.53054167,"amount":0.001,"open_date":"2025-09-25 05:05:00+00:00","close_date":"2025-09-25 12:25:00+00:00","open_rate":111673.3,"close_rate":111093.82871666667,"fee_open":0.0005,"fee_close":0.0005,"trade_duration":440,"profit_ratio":0.010106382837807074,"profit_abs":0.47002034,"exit_reason":"trailing_stop_loss","initial_stop_loss_abs":158203.84166666665,"initial_stop_loss_ratio":-1.0,"stop_loss_abs":111093.82871666667,"stop_loss_ratio":-0.0001,"min_rate":111089.2,"max_rate":112220.3,"is_open":false,"enter_tag":"fisher_short_ml","leverage":2.4000000000000004,"is_short":true,"open_timestamp":1758776700000,"close_timestamp":1758803100000,"orders":[{"amount":0.001,"safe_price":111673.3,"ft_order_side":"sell","order_filled_timestamp":1758776700000,"ft_is_entry":true,"ft_order_tag":"fisher_short_ml","cost":111.72913665},{"amount":0.001,"safe_price":111093.82871666667,"ft_order_side":"buy","order_filled_timestamp":1758803100000,"ft_is_entry":false,"ft_order_tag":"trailing_stop_loss","cost":111.14937563102501}],"funding_fees":0.001932621394717459,"weekday":3},{"pair":"SOL/USDT:USDT","stake_amount":10.054,"max_stake_amount":10.054,"amount":0.12,"open_date":"2025-09-25 11:50:00+00:00","close_date":"2025-09-25 12:25:00+00:00","open_rate":201.08,"close_rate":196.40818333333334,"fee_open":0.0005,"fee_close":0.0005,"trade_duration":35,"profit_ratio":0.05341528034755394,"profit_abs":0.53676871,"exit_reason":"trailing_stop_loss","initial_stop_loss_abs":284.86333333333334,"initial_stop_loss_ratio":-1.0,"stop_loss_abs":196.40818333333334,"stop_loss_ratio":-0.0001,"min_rate":196.4,"max_rate":202.45,"is_open":false,"enter_tag":"fisher_short_ml","leverage":2.4000000000000004,"is_short":true,"open_timestamp":1758801000000,"close_timestamp":1758803100000,"orders":[{"amount":0.12,"safe_price":201.08,"ft_order_side":"sell","order_filled_timestamp":1758801000000,"ft_is_entry":true,"ft_order_tag":"fisher_short_ml","cost":24.141664799999997},{"amount":0.12,"safe_price":196.40818333333334,"ft_order_side":"buy","order_filled_timestamp":1758803100000,"ft_is_entry":false,"ft_order_tag":"trailing_stop_loss","cost":23.580766491}],"funding_fees":0.0,"weekday":3},{"pair":"SOL/USDT:USDT","stake_amount":13.19333333,"max_stake_amount":13.19333333,"amount":0.16,"open_date":"2025-09-25 17:10:00+00:00","close_date":"2025-09-25 17:35:00+00:00","open_rate":197.9,"close_rate":194.1180879166667,"fee_open":0.0005,"fee_close":0.0005,"trade_duration":25,"profit_ratio":0.04350920963260813,"profit_abs":0.57374449,"exit_reason":"trailing_stop_loss","initial_stop_loss_abs":280.3583333333333,"initial_stop_loss_ratio":-1.0,"stop_loss_abs":194.1180879166667,"stop_loss_ratio":-0.0001,"min_rate":194.11,"max_rate":198.06,"is_open":false,"enter_tag":"fisher_short_ml","leverage":2.4000000000000004,"is_short":true,"open_timestamp":1758820200000,"close_timestamp":1758821700000,"orders":[{"amount":0.16,"safe_price":197.9,"ft_order_side":"sell","order_filled_timestamp":1758820200000,"ft_is_entry":true,"ft_order_tag":"fisher_short_ml","cost":31.679832},{"amount":0.16,"safe_price":194.1180879166667,"ft_order_side":"buy","order_filled_timestamp":1758821700000,"ft_is_entry":false,"ft_order_tag":"trailing_stop_loss","cost":31.0744235137}],"funding_fees":0.0,"weekday":3},{"pair":"BTC/USDT:USDT","stake_amount":137.09075,"max_stake_amount":137.09075,"amount":0.003,"open_date":"2025-09-26 10:50:00+00:00","close_date":"2025-09-26 19:30:00+00:00","open_rate":109672.6,"close_rate":108995.84130416668,"fee_open":0.0005,"fee_close":0.0005,"trade_duration":520,"profit_ratio":0.012484710596226111,"profit_abs":1.71068257,"exit_reason":"trailing_stop_loss","initial_stop_loss_abs":154101.88333333333,"initial_stop_loss_ratio":-1.0,"stop_loss_abs":108995.84130416668,"stop_loss_ratio":-0.0001,"min_rate":108566.0,"max_rate":110250.0,"is_open":false,"enter_tag":"fisher_short_ml","leverage":2.4000000000000004,"is_short":true,"open_timestamp":1758883800000,"close_timestamp":1758915000000,"orders":[{"amount":0.001,"safe_price":108777.8,"ft_order_side":"sell","order_filled_timestamp":1758883800000,"ft_is_entry":true,"ft_order_tag":"fisher_short_ml","cost":108.83218889999999},{"amount":0.002,"safe_price":110120.0,"ft_order_side":"sell","order_filled_timestamp":1758910800000,"ft_is_entry":true,"ft_order_tag":"","cost":220.35012},{"amount":0.003,"safe_price":108995.84130416668,"ft_order_side":"buy","order_filled_timestamp":1758915000000,"ft_is_entry":false,"ft_order_tag":"trailing_stop_loss","cost":327.1510176744562}],"funding_fees":0.008409141495606776,"weekday":4},{"pair":"SOL/USDT:USDT","stake_amount":10.99854167,"max_stake_amount":10.99854167,"amount":0.13,"open_date":"2025-09-27 05:05:00+00:00","close_date":"2025-09-27 06:05:00+00:00","open_rate":203.05,"close_rate":202.03841791666667,"fee_open":0.0005,"fee_close":0.0005,"trade_duration":60,"profit_ratio":0.009567407839695426,"profit_abs":0.10517492,"exit_reason":"trailing_stop_loss","initial_stop_loss_abs":287.65416666666664,"initial_stop_loss_ratio":-1.0,"stop_loss_abs":202.03841791666667,"stop_loss_ratio":-0.0001,"min_rate":202.03,"max_rate":203.06,"is_open":false,"enter_tag":"fisher_short_ml","leverage":2.4000000000000004,"is_short":true,"open_timestamp":1758949500000,"close_timestamp":1758953100000,"orders":[{"amount":0.13,"safe_price":203.05,"ft_order_side":"sell","order_filled_timestamp":1758949500000,"ft_is_entry":true,"ft_order_tag":"fisher_short_ml","cost":26.40969825},{"amount":0.13,"safe_price":202.03841791666667,"ft_order_side":"buy","order_filled_timestamp":1758953100000,"ft_is_entry":false,"ft_order_tag":"trailing_stop_loss","cost":26.27812682633125}],"funding_fees":0.0,"weekday":5},{"pair":"BTC/USDT:USDT","stake_amount":703.44191667,"max_stake_amount":703.44191667,"amount":0.015,"open_date":"2025-09-26 19:45:00+00:00","close_date":"2025-09-30 00:00:00+00:00","open_rate":112550.70666666667,"close_rate":114257.1,"fee_open":0.0005,"fee_close":0.0005,"trade_duration":4575,"profit_ratio":-0.03876758657193282,"profit_abs":-27.25711003,"exit_reason":"force_exit","initial_stop_loss_abs":154461.99999999997,"initial_stop_loss_ratio":-1.0,"stop_loss_abs":109249.25186250001,"stop_loss_ratio":-0.0001,"min_rate":108966.8,"max_rate":114377.2,"is_open":false,"enter_tag":"fisher_short_ml","leverage":2.4000000000000004,"is_short":true,"open_timestamp":1758915900000,"close_timestamp":1759190400000,"orders":[{"amount":0.001,"safe_price":109032.0,"ft_order_side":"sell","order_filled_timestamp":1758915900000,"ft_is_entry":true,"ft_order_tag":"fisher_short_ml","cost":109.08651599999999},{"amount":0.002,"safe_price":110172.5,"ft_order_side":"sell","order_filled_timestamp":1759078800000,"ft_is_entry":true,"ft_order_tag":"","cost":220.45517249999997},{"amount":0.012,"safe_price":113240.3,"ft_order_side":"sell","order_filled_timestamp":1759153500000,"ft_is_entry":true,"ft_order_tag":"","cost":1359.5630418},{"amount":0.015,"safe_price":114257.1,"ft_order_side":"buy","order_filled_timestamp":1759190400000,"ft_is_entry":false,"ft_order_tag":"force_exit","cost":1714.71342825}],"funding_fees":0.039848523403525994,"weekday":1}],"locks":[],"best_pair":{"key":"SOL/USDT:USDT","trades":17,"profit_mean":0.01969960299198611,"profit_mean_pct":1.97,"profit_total_abs":19.36583054,"profit_total":0.01936583054,"profit_total_pct":1.94,"duration_avg":"1 day, 4:57:00","wins":17,"draws":0,"losses":0,"winrate":1.0,"cagr":0.27304573799636134,"expectancy":1.1391665023529411,"expectancy_ratio":100.0,"sortino":-100,"sharpe":6.99874852406498,"calmar":-100,"sqn":2.4997,"profit_factor":0.0,"max_drawdown_account":0.0,"max_drawdown_abs":0.0},"worst_pair":{"key":"BTC/USDT:USDT","trades":20,"profit_mean":0.007207902633621958,"profit_mean_pct":0.72,"profit_total_abs":0.596983520000002,"profit_total":0.000596983520000002,"profit_total_pct":0.06,"duration_avg":"1 day, 5:41:00","wins":19,"draws":0,"losses":1,"winrate":0.95,"cagr":0.007539798401383635,"expectancy":0.029849175999999922,"expectancy_ratio":0.0010950968744356526,"sortino":-100,"sharpe":0.05637636750600851,"calmar":1.4830726954513946,"sqn":0.0187,"profit_factor":1.021901937488712,"max_drawdown_account":0.026518462300285726,"max_drawdown_abs":27.25711003},"results_per_pair":[{"key":"SOL/USDT:USDT","trades":17,"profit_mean":0.01969960299198611,"profit_mean_pct":1.97,"profit_total_abs":19.36583054,"profit_total":0.01936583054,"profit_total_pct":1.94,"duration_avg":"1 day, 4:57:00","wins":17,"draws":0,"losses":0,"winrate":1.0,"cagr":0.27304573799636134,"expectancy":1.1391665023529411,"expectancy_ratio":100.0,"sortino":-100,"sharpe":6.99874852406498,"calmar":-100,"sqn":2.4997,"profit_factor":0.0,"max_drawdown_account":0.0,"max_drawdown_abs":0.0},{"key":"BTC/USDT:USDT","trades":20,"profit_mean":0.007207902633621958,"profit_mean_pct":0.72,"profit_total_abs":0.596983520000002,"profit_total":0.000596983520000002,"profit_total_pct":0.06,"duration_avg":"1 day, 5:41:00","wins":19,"draws":0,"losses":1,"winrate":0.95,"cagr":0.007539798401383635,"expectancy":0.029849175999999922,"expectancy_ratio":0.0010950968744356526,"sortino":-100,"sharpe":0.05637636750600851,"calmar":1.4830726954513946,"sqn":0.0187,"profit_factor":1.021901937488712,"max_drawdown_account":0.026518462300285726,"max_drawdown_abs":27.25711003},{"key":"TOTAL","trades":37,"profit_mean":0.012947332528005489,"profit_mean_pct":1.29,"profit_total_abs":19.962814060000014,"profit_total":0.019962814060000014,"profit_total_pct":2.0,"duration_avg":"1 day, 5:21:00","wins":36,"draws":0,"losses":1,"winrate":0.972972972972973,"cagr":0.2824612754213942,"expectancy":0.5395355151351355,"expectancy_ratio":0.019794303744648856,"sortino":-100,"sharpe":2.479248759639853,"calmar":50.52755517971713,"sqn":0.6103,"profit_factor":1.7323892385520085,"max_drawdown_account":0.02602806669638707,"max_drawdown_abs":27.25711003}],"results_per_enter_tag":[{"key":"fisher_short_ml","trades":34,"profit_mean":0.01345412257248773,"profit_mean_pct":1.35,"profit_total_abs":17.426901720000004,"profit_total":0.017426901720000002,"profit_total_pct":1.74,"duration_avg":"1 day, 5:58:00","wins":33,"draws":0,"losses":1,"winrate":0.9705882352941176,"cagr":0.2429024283053991,"expectancy":0.5125559329411766,"expectancy_ratio":0.018804485595759868,"sortino":-100,"sharpe":2.075289373399699,"calmar":44.00213581158046,"sqn":0.5322,"profit_factor":1.6393525102558353,"max_drawdown_account":0.026091248380781043,"max_drawdown_abs":27.25711003},{"key":"fisher_long_ml","trades":3,"profit_mean":0.0072037120238734155,"profit_mean_pct":0.72,"profit_total_abs":2.53591234,"profit_total":0.00253591234,"profit_total_pct":0.25,"duration_avg":"22:15:00","wins":3,"draws":0,"losses":0,"winrate":1.0,"cagr":0.032390632867110636,"expectancy":0.8453041133333333,"expectancy_ratio":100.0,"sortino":-100,"sharpe":5.494630137341552,"calmar":-100,"sqn":3.9317,"profit_factor":0.0,"max_drawdown_account":0.0,"max_drawdown_abs":0.0},{"key":"TOTAL","trades":37,"profit_mean":0.012947332528005489,"profit_mean_pct":1.29,"profit_total_abs":19.962814060000014,"profit_total":0.019962814060000014,"profit_total_pct":2.0,"duration_avg":"1 day, 5:21:00","wins":36,"draws":0,"losses":1,"winrate":0.972972972972973,"cagr":0.2824612754213942,"expectancy":0.5395355151351355,"expectancy_ratio":0.019794303744648856,"sortino":-100,"sharpe":2.479248759639853,"calmar":50.52755517971713,"sqn":0.6103,"profit_factor":1.7323892385520085,"max_drawdown_account":0.02602806669638707,"max_drawdown_abs":27.25711003}],"exit_reason_summary":[{"key":"trailing_stop_loss","trades":32,"profit_mean":0.014716838798362462,"profit_mean_pct":1.47,"profit_total_abs":37.256798589999995,"profit_total":0.037256798589999994,"profit_total_pct":3.73,"duration_avg":"19:17:00","wins":32,"draws":0,"losses":0,"winrate":1.0,"cagr":0.5847039241574314,"expectancy":1.1642749559374999,"expectancy_ratio":100.0,"sortino":-100,"sharpe":9.849711837121673,"calmar":-100,"sqn":2.6014,"profit_factor":0.0,"max_drawdown_account":0.0,"max_drawdown_abs":0.0},{"key":"roi","trades":1,"profit_mean":0.009212575303618251,"profit_mean_pct":0.92,"profit_total_abs":8.08291826,"profit_total":0.00808291826,"profit_total_pct":0.81,"duration_avg":"15 days, 2:10:00","wins":1,"draws":0,"losses":0,"winrate":1.0,"cagr":0.10663550179679993,"expectancy":8.08291826,"expectancy_ratio":100.0,"sortino":-100,"sharpe":-100,"calmar":-100,"sqn":-100.0,"profit_factor":0.0,"max_drawdown_account":0.0,"max_drawdown_abs":0.0},{"key":"exit_short_ml","trades":3,"profit_mean":0.012555824418972952,"profit_mean_pct":1.26,"profit_total_abs":1.88020724,"profit_total":0.00188020724,"profit_total_pct":0.19,"duration_avg":"10:05:00","wins":3,"draws":0,"losses":0,"winrate":1.0,"cagr":0.023924156472255875,"expectancy":0.6267357466666666,"expectancy_ratio":100.0,"sortino":-100,"sharpe":3.6357337204286657,"calmar":-100,"sqn":2.6016,"profit_factor":0.0,"max_drawdown_account":0.0,"max_drawdown_abs":0.0},{"key":"force_exit","trades":1,"profit_mean":-0.03876758657193282,"profit_mean_pct":-3.88,"profit_total_abs":-27.25711003,"profit_total":-0.02725711003,"profit_total_pct":-2.73,"duration_avg":"3 days, 4:15:00","wins":0,"draws":0,"losses":1,"winrate":0.0,"cagr":-0.2937781269090244,"expectancy":-27.25711003,"expectancy_ratio":-1.0,"sortino":-100,"sharpe":-100,"calmar":-100,"sqn":-100.0,"profit_factor":0.0,"max_drawdown_account":0.0,"max_drawdown_abs":0.0},{"key":"TOTAL","trades":37,"profit_mean":0.012947332528005489,"profit_mean_pct":1.29,"profit_total_abs":19.962814060000014,"profit_total":0.019962814060000014,"profit_total_pct":2.0,"duration_avg":"1 day, 5:21:00","wins":36,"draws":0,"losses":1,"winrate":0.972972972972973,"cagr":0.2824612754213942,"expectancy":0.5395355151351355,"expectancy_ratio":0.019794303744648856,"sortino":-100,"sharpe":2.479248759639853,"calmar":50.52755517971713,"sqn":0.6103,"profit_factor":1.7323892385520085,"max_drawdown_account":0.02602806669638707,"max_drawdown_abs":27.25711003}],"mix_tag_stats":[{"key":["fisher_short_ml","trailing_stop_loss"],"trades":29,"profit_mean":0.0154940588095165,"profit_mean_pct":1.55,"profit_total_abs":34.72088625000001,"profit_total":0.034720886250000006,"profit_total_pct":3.47,"duration_avg":"18:59:00","wins":29,"draws":0,"losses":0,"winrate":1.0,"cagr":0.5366255786692116,"expectancy":1.1972719396551725,"expectancy_ratio":100.0,"sortino":-100,"sharpe":8.75195304902138,"calmar":-100,"sqn":2.424,"profit_factor":0.0,"max_drawdown_account":0.0,"max_drawdown_abs":0.0},{"key":["fisher_short_ml","roi"],"trades":1,"profit_mean":0.009212575303618251,"profit_mean_pct":0.92,"profit_total_abs":8.08291826,"profit_total":0.00808291826,"profit_total_pct":0.81,"duration_avg":"15 days, 2:10:00","wins":1,"draws":0,"losses":0,"winrate":1.0,"cagr":0.10663550179679993,"expectancy":8.08291826,"expectancy_ratio":100.0,"sortino":-100,"sharpe":-100,"calmar":-100,"sqn":-100.0,"profit_factor":0.0,"max_drawdown_account":0.0,"max_drawdown_abs":0.0},{"key":["fisher_long_ml","trailing_stop_loss"],"trades":3,"profit_mean":0.0072037120238734155,"profit_mean_pct":0.72,"profit_total_abs":2.53591234,"profit_total":0.00253591234,"profit_total_pct":0.25,"duration_avg":"22:15:00","wins":3,"draws":0,"losses":0,"winrate":1.0,"cagr":0.032390632867110636,"expectancy":0.8453041133333333,"expectancy_ratio":100.0,"sortino":-100,"sharpe":5.494630137341552,"calmar":-100,"sqn":3.9317,"profit_factor":0.0,"max_drawdown_account":0.0,"max_drawdown_abs":0.0},{"key":["fisher_short_ml","exit_short_ml"],"trades":3,"profit_mean":0.012555824418972952,"profit_mean_pct":1.26,"profit_total_abs":1.88020724,"profit_total":0.00188020724,"profit_total_pct":0.19,"duration_avg":"10:05:00","wins":3,"draws":0,"losses":0,"winrate":1.0,"cagr":0.023924156472255875,"expectancy":0.6267357466666666,"expectancy_ratio":100.0,"sortino":-100,"sharpe":3.6357337204286657,"calmar":-100,"sqn":2.6016,"profit_factor":0.0,"max_drawdown_account":0.0,"max_drawdown_abs":0.0},{"key":["fisher_short_ml","force_exit"],"trades":1,"profit_mean":-0.03876758657193282,"profit_mean_pct":-3.88,"profit_total_abs":-27.25711003,"profit_total":-0.02725711003,"profit_total_pct":-2.73,"duration_avg":"3 days, 4:15:00","wins":0,"draws":0,"losses":1,"winrate":0.0,"cagr":-0.2937781269090244,"expectancy":-27.25711003,"expectancy_ratio":-1.0,"sortino":-100,"sharpe":-100,"calmar":-100,"sqn":-100.0,"profit_factor":0.0,"max_drawdown_account":0.0,"max_drawdown_abs":0.0},{"key":"TOTAL","trades":37,"profit_mean":0.012947332528005489,"profit_mean_pct":1.29,"profit_total_abs":19.962814060000014,"profit_total":0.019962814060000014,"profit_total_pct":2.0,"duration_avg":"1 day, 5:21:00","wins":36,"draws":0,"losses":1,"winrate":0.972972972972973,"cagr":0.2824612754213942,"expectancy":0.5395355151351355,"expectancy_ratio":0.019794303744648856,"sortino":-100,"sharpe":2.479248759639853,"calmar":50.52755517971713,"sqn":0.6103,"profit_factor":1.7323892385520085,"max_drawdown_account":0.02602806669638707,"max_drawdown_abs":27.25711003}],"left_open_trades":[{"key":"BTC/USDT:USDT","trades":1,"profit_mean":-0.03876758657193282,"profit_mean_pct":-3.88,"profit_total_abs":-27.25711003,"profit_total":-0.02725711003,"profit_total_pct":-2.73,"duration_avg":"3 days, 4:15:00","wins":0,"draws":0,"losses":1,"winrate":0.0,"cagr":-0.2937781269090244,"expectancy":-27.25711003,"expectancy_ratio":-1.0,"sortino":-100,"sharpe":-100,"calmar":-100,"sqn":-100.0,"profit_factor":0.0,"max_drawdown_account":0.0,"max_drawdown_abs":0.0},{"key":"TOTAL","trades":1,"profit_mean":-0.03876758657193282,"profit_mean_pct":-3.88,"profit_total_abs":-27.25711003,"profit_total":-0.02725711003,"profit_total_pct":-2.73,"duration_avg":"3 days, 4:15:00","wins":0,"draws":0,"losses":1,"winrate":0.0,"cagr":-0.2937781269090244,"expectancy":-27.25711003,"expectancy_ratio":-1.0,"sortino":-100,"sharpe":-100,"calmar":-100,"sqn":-100.0,"profit_factor":0.0,"max_drawdown_account":0.0,"max_drawdown_abs":0.0}],"total_trades":37,"trade_count_long":3,"trade_count_short":34,"total_volume":22697.01825590577,"avg_stake_amount":123.6480294637838,"profit_mean":0.012947332528005489,"profit_median":0.009567407839695426,"profit_total":0.019962814060000014,"profit_total_long":0.00253591234,"profit_total_short":0.017426901720000002,"profit_total_abs":19.962814060000014,"profit_total_long_abs":2.53591234,"profit_total_short_abs":17.426901720000004,"cagr":0.2824612754213942,"expectancy":0.5395355151351355,"expectancy_ratio":0.019794303744648856,"sortino":-100,"sharpe":2.479248759639853,"calmar":50.52755517971713,"sqn":0.6103,"profit_factor":1.7323892385520085,"backtest_start":"2025-09-01 00:00:00","backtest_start_ts":1756684800000,"backtest_end":"2025-09-30 00:00:00","backtest_end_ts":1759190400000,"backtest_days":29,"backtest_run_start_ts":1761138960,"backtest_run_end_ts":1761139092,"trades_per_day":1.28,"market_change":0.06130068715596963,"pairlist":["BTC/USDT:USDT","SOL/USDT:USDT"],"stake_amount":100,"stake_currency":"USDT","stake_currency_decimals":3,"starting_balance":1000,"dry_run_wallet":1000,"final_balance":1019.96281406,"rejected_signals":0,"timedout_entry_orders":0,"timedout_exit_orders":0,"canceled_trade_entries":0,"canceled_entry_orders":0,"replaced_entry_orders":0,"max_open_trades":2,"max_open_trades_setting":3,"timeframe":"5m","timeframe_detail":"","timerange":"20250901-20250930","enable_protections":false,"strategy_name":"GKD_FisherTransformV4_ML","freqaimodel":null,"freqai_identifier":null,"stoploss":-1,"trailing_stop":false,"trailing_stop_positive":0.127,"trailing_stop_positive_offset":0.208,"trailing_only_offset_is_reached":true,"use_custom_stoploss":true,"minimal_roi":{"0":0.373,"1019":0.22,"3124":0.076,"4482":0},"use_exit_signal":true,"exit_profit_only":false,"exit_profit_offset":0.0,"ignore_roi_if_entry_signal":false,"trading_mode":"futures","margin_mode":"isolated","periodic_breakdown":{"day":[{"date":"01/09/2025","date_ts":1756684800000,"profit_abs":3.5007643,"wins":3,"draws":0,"losses":0,"trades":3,"profit_factor":0.0},{"date":"02/09/2025","date_ts":1756771200000,"profit_abs":2.61883744,"wins":4,"draws":0,"losses":0,"trades":4,"profit_factor":0.0},{"date":"03/09/2025","date_ts":1756857600000,"profit_abs":0.48860736,"wins":1,"draws":0,"losses":0,"trades":1,"profit_factor":0.0},{"date":"04/09/2025","date_ts":1756944000000,"profit_abs":0.96391504,"wins":3,"draws":0,"losses":0,"trades":3,"profit_factor":0.0},{"date":"05/09/2025","date_ts":1757030400000,"profit_abs":15.94011829,"wins":2,"draws":0,"losses":0,"trades":2,"profit_factor":0.0},{"date":"06/09/2025","date_ts":1757116800000,"profit_abs":1.81337746,"wins":3,"draws":0,"losses":0,"trades":3,"profit_factor":0.0},{"date":"07/09/2025","date_ts":1757203200000,"profit_abs":1.3828673,"wins":3,"draws":0,"losses":0,"trades":3,"profit_factor":0.0},{"date":"08/09/2025","date_ts":1757289600000,"profit_abs":0.36289525,"wins":1,"draws":0,"losses":0,"trades":1,"profit_factor":0.0},{"date":"09/09/2025","date_ts":1757376000000,"profit_abs":0.82840825,"wins":1,"draws":0,"losses":0,"trades":1,"profit_factor":0.0},{"date":"10/09/2025","date_ts":1757462400000,"profit_abs":0.0,"wins":0,"draws":0,"losses":0,"trades":0,"profit_factor":0.0},{"date":"11/09/2025","date_ts":1757548800000,"profit_abs":0.0,"wins":0,"draws":0,"losses":0,"trades":0,"profit_factor":0.0},{"date":"12/09/2025","date_ts":1757635200000,"profit_abs":0.0,"wins":0,"draws":0,"losses":0,"trades":0,"profit_factor":0.0},{"date":"13/09/2025","date_ts":1757721600000,"profit_abs":0.0,"wins":0,"draws":0,"losses":0,"trades":0,"profit_factor":0.0},{"date":"14/09/2025","date_ts":1757808000000,"profit_abs":0.0,"wins":0,"draws":0,"losses":0,"trades":0,"profit_factor":0.0},{"date":"15/09/2025","date_ts":1757894400000,"profit_abs":0.0,"wins":0,"draws":0,"losses":0,"trades":0,"profit_factor":0.0},{"date":"16/09/2025","date_ts":1757980800000,"profit_abs":0.0,"wins":0,"draws":0,"losses":0,"trades":0,"profit_factor":0.0},{"date":"17/09/2025","date_ts":1758067200000,"profit_abs":0.0,"wins":0,"draws":0,"losses":0,"trades":0,"profit_factor":0.0},{"date":"18/09/2025","date_ts":1758153600000,"profit_abs":0.0,"wins":0,"draws":0,"losses":0,"trades":0,"profit_factor":0.0},{"date":"19/09/2025","date_ts":1758240000000,"profit_abs":0.0,"wins":0,"draws":0,"losses":0,"trades":0,"profit_factor":0.0},{"date":"20/09/2025","date_ts":1758326400000,"profit_abs":0.0,"wins":0,"draws":0,"losses":0,"trades":0,"profit_factor":0.0},{"date":"21/09/2025","date_ts":1758412800000,"profit_abs":0.0,"wins":0,"draws":0,"losses":0,"trades":0,"profit_factor":0.0},{"date":"22/09/2025","date_ts":1758499200000,"profit_abs":8.08291826,"wins":1,"draws":0,"losses":0,"trades":1,"profit_factor":0.0},{"date":"23/09/2025","date_ts":1758585600000,"profit_abs":3.36720708,"wins":5,"draws":0,"losses":0,"trades":5,"profit_factor":0.0},{"date":"24/09/2025","date_ts":1758672000000,"profit_abs":0.61976201,"wins":1,"draws":0,"losses":0,"trades":1,"profit_factor":0.0},{"date":"25/09/2025","date_ts":1758758400000,"profit_abs":5.43438856,"wins":6,"draws":0,"losses":0,"trades":6,"profit_factor":0.0},{"date":"26/09/2025","date_ts":1758844800000,"profit_abs":1.71068257,"wins":1,"draws":0,"losses":0,"trades":1,"profit_factor":0.0},{"date":"27/09/2025","date_ts":1758931200000,"profit_abs":0.10517492,"wins":1,"draws":0,"losses":0,"trades":1,"profit_factor":0.0},{"date":"28/09/2025","date_ts":1759017600000,"profit_abs":0.0,"wins":0,"draws":0,"losses":0,"trades":0,"profit_factor":0.0},{"date":"29/09/2025","date_ts":1759104000000,"profit_abs":0.0,"wins":0,"draws":0,"losses":0,"trades":0,"profit_factor":0.0},{"date":"30/09/2025","date_ts":1759190400000,"profit_abs":-27.25711003,"wins":0,"draws":0,"losses":1,"trades":1,"profit_factor":0.0}],"week":[{"date":"01/09/2025","date_ts":1756684800000,"profit_abs":3.5007643,"wins":3,"draws":0,"losses":0,"trades":3,"profit_factor":0.0},{"date":"08/09/2025","date_ts":1757289600000,"profit_abs":23.57061814,"wins":17,"draws":0,"losses":0,"trades":17,"profit_factor":0.0},{"date":"15/09/2025","date_ts":1757894400000,"profit_abs":0.82840825,"wins":1,"draws":0,"losses":0,"trades":1,"profit_factor":0.0},{"date":"22/09/2025","date_ts":1758499200000,"profit_abs":8.08291826,"wins":1,"draws":0,"losses":0,"trades":1,"profit_factor":0.0},{"date":"29/09/2025","date_ts":1759104000000,"profit_abs":11.23721514,"wins":14,"draws":0,"losses":0,"trades":14,"profit_factor":0.0},{"date":"06/10/2025","date_ts":1759708800000,"profit_abs":-27.25711003,"wins":0,"draws":0,"losses":1,"trades":1,"profit_factor":0.0}],"month":[{"date":"30/09/2025","date_ts":1759190400000,"profit_abs":19.96281406,"wins":36,"draws":0,"losses":1,"trades":37,"profit_factor":1.73238924}],"year":[{"date":"31/12/2025","date_ts":1767139200000,"profit_abs":19.96281406,"wins":36,"draws":0,"losses":1,"trades":37,"profit_factor":1.73238924}],"weekday":[{"date":"Monday","date_ts":0,"profit_abs":11.94657781,"wins":5,"draws":0,"losses":0,"trades":5,"profit_factor":0.0},{"date":"Tuesday","date_ts":1,"profit_abs":-20.44265726,"wins":10,"draws":0,"losses":1,"trades":11,"profit_factor":0.25000643},{"date":"Wednesday","date_ts":2,"profit_abs":1.10836937,"wins":2,"draws":0,"losses":0,"trades":2,"profit_factor":0.0},{"date":"Thursday","date_ts":3,"profit_abs":6.3983036,"wins":9,"draws":0,"losses":0,"trades":9,"profit_factor":0.0},{"date":"Friday","date_ts":4,"profit_abs":17.65080086,"wins":3,"draws":0,"losses":0,"trades":3,"profit_factor":0.0},{"date":"Saturday","date_ts":5,"profit_abs":1.91855238,"wins":4,"draws":0,"losses":0,"trades":4,"profit_factor":0.0},{"date":"Sunday","date_ts":6,"profit_abs":1.3828673,"wins":3,"draws":0,"losses":0,"trades":3,"profit_factor":0.0}]},"backtest_best_day":0.180752684097386,"backtest_worst_day":-0.03876758657193282,"backtest_best_day_abs":15.94011829,"backtest_worst_day_abs":-27.25711003,"winning_days":15,"draw_days":14,"losing_days":1,"daily_profit":[["2025-09-01",3.5007643],["2025-09-02",2.61883744],["2025-09-03",0.48860736],["2025-09-04",0.96391504],["2025-09-05",15.94011829],["2025-09-06",1.81337746],["2025-09-07",1.3828673],["2025-09-08",0.36289525],["2025-09-09",0.82840825],["2025-09-10",0.0],["2025-09-11",0.0],["2025-09-12",0.0],["2025-09-13",0.0],["2025-09-14",0.0],["2025-09-15",0.0],["2025-09-16",0.0],["2025-09-17",0.0],["2025-09-18",0.0],["2025-09-19",0.0],["2025-09-20",0.0],["2025-09-21",0.0],["2025-09-22",8.08291826],["2025-09-23",3.36720708],["2025-09-24",0.61976201],["2025-09-25",5.43438856],["2025-09-26",1.71068257],["2025-09-27",0.10517492],["2025-09-28",0.0],["2025-09-29",0.0],["2025-09-30",-27.25711003]],"wins":36,"losses":1,"draws":0,"winrate":0.972972972972973,"holding_avg":"1 day, 5:21:00","holding_avg_s":105660.0,"winner_holding_min":"0d 00:05","winner_holding_min_s":300.0,"winner_holding_max":"15d 02:10","winner_holding_max_s":1303800.0,"winner_holding_avg":"1d 04:03","winner_holding_avg_s":100980.0,"loser_holding_min":"3d 04:15","loser_holding_min_s":274500.0,"loser_holding_max":"3d 04:15","loser_holding_max_s":274500.0,"loser_holding_avg":"3d 04:15","loser_holding_avg_s":274500.0,"max_consecutive_wins":36,"max_consecutive_losses":1,"max_drawdown_account":0.02602806669638707,"max_relative_drawdown":0.02602806669638707,"max_drawdown_abs":27.25711003,"drawdown_start":"2025-09-27 06:05:00","drawdown_start_ts":1758953100000.0,"drawdown_end":"2025-09-30 00:00:00","drawdown_end_ts":1759190400000.0,"drawdown_duration":"2 days 17:55:00","drawdown_duration_s":237300.0,"max_drawdown_low":19.96281406,"max_drawdown_high":47.21992409,"csum_min":1001.30860587,"csum_max":1047.21992409}},"strategy_comparison":[{"key":"GKD_FisherTransformV4_ML","trades":37,"profit_mean":0.012947332528005489,"profit_mean_pct":1.29,"profit_total_abs":19.962814060000014,"profit_total":0.019962814060000014,"profit_total_pct":2.0,"duration_avg":"1 day, 5:21:00","wins":36,"draws":0,"losses":1,"winrate":0.972972972972973,"cagr":0.2824612754213942,"expectancy":0.5395355151351355,"expectancy_ratio":0.019794303744648856,"sortino":-100,"sharpe":2.479248759639853,"calmar":50.52755517971713,"sqn":0.6103,"profit_factor":1.7323892385520085,"max_drawdown_account":0.02602806669638707,"max_drawdown_abs":"27.257"}]}