{"strategy":{"GKD_FisherTransformV4_ML":{"trades":[{"pair":"ETH/USDT:USDT","stake_amount":10.804025,"max_stake_amount":10.804025,"amount":0.006,"open_date":"2025-09-01 17:45:00+00:00","close_date":"2025-09-01 20:45:00+00:00","open_rate":4321.61,"close_rate":4258.777441666667,"fee_open":0.0005,"fee_close":0.0005,"trade_duration":180,"profit_ratio":0.03252768342839602,"profit_abs":0.35125419,"exit_reason":"trailing_stop_loss","initial_stop_loss_abs":6122.280833333332,"initial_stop_loss_ratio":-1.0,"stop_loss_abs":4258.777441666667,"stop_loss_ratio":-0.0001,"min_rate":4258.6,"max_rate":4367.81,"is_open":false,"enter_tag":"fisher_short_ml","leverage":2.4000000000000004,"is_short":true,"open_timestamp":1756748700000,"close_timestamp":1756759500000,"orders":[{"amount":0.006,"safe_price":4321.61,"ft_order_side":"sell","order_filled_timestamp":1756748700000,"ft_is_entry":true,"ft_order_tag":"fisher_short_ml","cost":25.942624829999996},{"amount":0.006,"safe_price":4258.777441666667,"ft_order_side":"buy","order_filled_timestamp":1756759500000,"ft_is_entry":false,"ft_order_tag":"trailing_stop_loss","cost":25.565440982325004}],"funding_fees":0.0,"weekday":0},{"pair":"BTC/USDT:USDT","stake_amount":45.59970833,"max_stake_amount":45.59970833,"amount":0.001,"open_date":"2025-09-02 01:45:00+00:00","close_date":"2025-09-02 03:00:00+00:00","open_rate":109439.3,"close_rate":110388.90027083333,"fee_open":0.0005,"fee_close":0.0005,"trade_duration":75,"profit_ratio":0.018405085633368654,"profit_abs":0.83968617,"exit_reason":"trailing_stop_loss","initial_stop_loss_abs":63839.591666666674,"initial_stop_loss_ratio":-1.0,"stop_loss_abs":110388.90027083333,"stop_loss_ratio":-0.0001,"min_rate":109121.1,"max_rate":110393.5,"is_open":false,"enter_tag":"fisher_long_ml","leverage":2.4000000000000004,"is_short":false,"open_timestamp":1756777500000,"close_timestamp":1756782000000,"orders":[{"amount":0.001,"safe_price":109439.3,"ft_order_side":"buy","order_filled_timestamp":1756777500000,"ft_is_entry":true,"ft_order_tag":"fisher_long_ml","cost":109.49401965},{"amount":0.001,"safe_price":110388.90027083333,"ft_order_side":"sell","order_filled_timestamp":1756782000000,"ft_is_entry":false,"ft_order_tag":"trailing_stop_loss","cost":110.44409472096875}],"funding_fees":0.0,"weekday":1},{"pair":"BTC/USDT:USDT","stake_amount":703.13445833,"max_stake_amount":703.13445833,"amount":0.015,"open_date":"2025-09-02 13:00:00+00:00","close_date":"2025-09-05 14:30:00+00:00","open_rate":112501.51333333334,"close_rate":110958.9,"fee_open":0.0005,"fee_close":0.0005,"trade_duration":4410,"profit_ratio":0.03075976901776321,"profit_abs":21.6174394,"exit_reason":"trailing_stop_loss","initial_stop_loss_abs":154061.79166666666,"initial_stop_loss_ratio":-1.0,"stop_loss_abs":110365.39836666668,"stop_loss_ratio":-0.0001,"min_rate":108687.9,"max_rate":113344.3,"is_open":false,"enter_tag":"fisher_short_ml","leverage":2.4000000000000004,"is_short":true,"open_timestamp":1756818000000,"close_timestamp":1757082600000,"orders":[{"amount":0.001,"safe_price":108749.5,"ft_order_side":"sell","order_filled_timestamp":1756818000000,"ft_is_entry":true,"ft_order_tag":"fisher_short_ml","cost":108.80387474999999},{"amount":0.002,"safe_price":110432.6,"ft_order_side":"sell","order_filled_timestamp":1756820700000,"ft_is_entry":true,"ft_order_tag":"","cost":220.9756326},{"amount":0.012,"safe_price":113159.0,"ft_order_side":"sell","order_filled_timestamp":1757077200000,"ft_is_entry":true,"ft_order_tag":"","cost":1358.586954},{"amount":0.015,"safe_price":110958.9,"ft_order_side":"buy","order_filled_timestamp":1757082600000,"ft_is_entry":false,"ft_order_tag":"trailing_stop_loss","cost":1665.21569175}],"funding_fees":0.15419250202278362,"weekday":4},{"pair":"SOL/USDT:USDT","stake_amount":36.62329167,"max_stake_amount":36.62329167,"amount":0.43,"open_date":"2025-09-05 18:00:00+00:00","close_date":"2025-09-05 21:15:00+00:00","open_rate":204.40906976744185,"close_rate":203.7784904166667,"fee_open":0.0005,"fee_close":0.0005,"trade_duration":195,"profit_ratio":0.00500994126743482,"profit_abs":0.1833888,"exit_reason":"trailing_stop_loss","initial_stop_loss_abs":286.63416666666666,"initial_stop_loss_ratio":-1.0,"stop_loss_abs":203.7784904166667,"stop_loss_ratio":-0.0001,"min_rate":201.81,"max_rate":205.65,"is_open":false,"enter_tag":"fisher_short_ml","leverage":2.4000000000000004,"is_short":true,"open_timestamp":1757095200000,"close_timestamp":1757106900000,"orders":[{"amount":0.13,"safe_price":202.33,"ft_order_side":"sell","order_filled_timestamp":1757095200000,"ft_is_entry":true,"ft_order_tag":"fisher_short_ml","cost":26.31605145},{"amount":0.3,"safe_price":205.31,"ft_order_side":"sell","order_filled_timestamp":1757100600000,"ft_is_entry":true,"ft_order_tag":"","cost":61.62379649999999},{"amount":0.43,"safe_price":203.7784904166667,"ft_order_side":"buy","order_filled_timestamp":1757106900000,"ft_is_entry":false,"ft_order_tag":"trailing_stop_loss","cost":87.66856325460625}],"funding_fees":0.0,"weekday":4},{"pair":"BTC/USDT:USDT","stake_amount":138.94870833,"max_stake_amount":138.94870833,"amount":0.003,"open_date":"2025-09-05 17:45:00+00:00","close_date":"2025-09-06 16:00:00+00:00","open_rate":111158.96666666666,"close_rate":110045.78505,"fee_open":0.0005,"fee_close":0.0005,"trade_duration":1335,"profit_ratio":0.021945432680433686,"profit_abs":3.04776488,"exit_reason":"trailing_stop_loss","initial_stop_loss_abs":156277.175,"initial_stop_loss_ratio":-1.0,"stop_loss_abs":110045.78505,"stop_loss_ratio":-0.0001,"min_rate":110041.2,"max_rate":111655.5,"is_open":false,"enter_tag":"fisher_short_ml","leverage":2.4000000000000004,"is_short":true,"open_timestamp":1757094300000,"close_timestamp":1757174400000,"orders":[{"amount":0.001,"safe_price":110313.3,"ft_order_side":"sell","order_filled_timestamp":1757094300000,"ft_is_entry":true,"ft_order_tag":"fisher_short_ml","cost":110.36845665},{"amount":0.002,"safe_price":111581.8,"ft_order_side":"sell","order_filled_timestamp":1757106000000,"ft_is_entry":true,"ft_order_tag":"","cost":223.27518179999998},{"amount":0.003,"safe_price":110045.78505,"ft_order_side":"buy","order_filled_timestamp":1757174400000,"ft_is_entry":false,"ft_order_tag":"trailing_stop_loss","cost":330.302423827575}],"funding_fees":0.040027152639,"weekday":5},{"pair":"BTC/USDT:USDT","stake_amount":37.0361,"max_stake_amount":37.0361,"amount":0.001,"open_date":"2025-09-07 14:15:00+00:00","close_date":"2025-09-07 23:15:00+00:00","open_rate":111108.3,"close_rate":111555.78135,"fee_open":0.0005,"fee_close":0.0005,"trade_duration":540,"profit_ratio":0.008862435434009283,"profit_abs":0.32839416,"exit_reason":"trailing_stop_loss","initial_stop_loss_abs":74072.20000000001,"initial_stop_loss_ratio":-1.0,"stop_loss_abs":111555.78135,"stop_loss_ratio":-0.0001,"min_rate":110817.5,"max_rate":111559.5,"is_open":false,"enter_tag":"fisher_long_ml","leverage":3.0,"is_short":false,"open_timestamp":1757254500000,"close_timestamp":1757286900000,"orders":[{"amount":0.001,"safe_price":111108.3,"ft_order_side":"buy","order_filled_timestamp":1757254500000,"ft_is_entry":true,"ft_order_tag":"fisher_long_ml","cost":111.16385414999999},{"amount":0.001,"safe_price":111555.78135,"ft_order_side":"sell","order_filled_timestamp":1757286900000,"ft_is_entry":false,"ft_order_tag":"trailing_stop_loss","cost":111.61155924067499}],"funding_fees":-0.007755149590310233,"weekday":6},{"pair":"BTC/USDT:USDT","stake_amount":46.727125,"max_stake_amount":46.727125,"amount":0.001,"open_date":"2025-09-08 19:30:00+00:00","close_date":"2025-09-09 00:30:00+00:00","open_rate":112145.1,"close_rate":111516.04630833333,"fee_open":0.0005,"fee_close":0.0005,"trade_duration":300,"profit_ratio":0.011165665332927288,"profit_abs":0.52147857,"exit_reason":"trailing_stop_loss","initial_stop_loss_abs":158872.225,"initial_stop_loss_ratio":-1.0,"stop_loss_abs":111516.04630833333,"stop_loss_ratio":-0.0001,"min_rate":111511.4,"max_rate":112460.4,"is_open":false,"enter_tag":"fisher_short_ml","leverage":2.4000000000000004,"is_short":true,"open_timestamp":1757359800000,"close_timestamp":1757377800000,"orders":[{"amount":0.001,"safe_price":112145.1,"ft_order_side":"sell","order_filled_timestamp":1757359800000,"ft_is_entry":true,"ft_order_tag":"fisher_short_ml","cost":112.20117255000001},{"amount":0.001,"safe_price":111516.04630833333,"ft_order_side":"buy","order_filled_timestamp":1757377800000,"ft_is_entry":false,"ft_order_tag":"trailing_stop_loss","cost":111.57180433148748}],"funding_fees":0.004255453056438438,"weekday":1},{"pair":"BTC/USDT:USDT","stake_amount":140.23495833,"max_stake_amount":140.23495833,"amount":0.003,"open_date":"2025-09-09 02:30:00+00:00","close_date":"2025-09-09 14:30:00+00:00","open_rate":112187.96666666666,"close_rate":111534.84709166667,"fee_open":0.0005,"fee_close":0.0005,"trade_duration":720,"profit_ratio":0.01182650470616022,"profit_abs":1.65766015,"exit_reason":"trailing_stop_loss","initial_stop_loss_abs":157623.8583333333,"initial_stop_loss_ratio":-1.0,"stop_loss_abs":111534.84709166667,"stop_loss_ratio":-0.0001,"min_rate":111165.9,"max_rate":113238.0,"is_open":false,"enter_tag":"fisher_short_ml","leverage":2.4000000000000004,"is_short":true,"open_timestamp":1757385000000,"close_timestamp":1757428200000,"orders":[{"amount":0.001,"safe_price":111263.9,"ft_order_side":"sell","order_filled_timestamp":1757385000000,"ft_is_entry":true,"ft_order_tag":"fisher_short_ml","cost":111.31953194999998},{"amount":0.002,"safe_price":112650.0,"ft_order_side":"sell","order_filled_timestamp":1757398500000,"ft_is_entry":true,"ft_order_tag":"","cost":225.41264999999999},{"amount":0.003,"safe_price":111534.84709166667,"ft_order_side":"buy","order_filled_timestamp":1757428200000,"ft_is_entry":false,"ft_order_tag":"trailing_stop_loss","cost":334.7718435456375}],"funding_fees":0.033885650284782,"weekday":1},{"pair":"BTC/USDT:USDT","stake_amount":38.11596667,"max_stake_amount":38.11596667,"amount":0.001,"open_date":"2025-09-11 06:45:00+00:00","close_date":"2025-09-11 22:15:00+00:00","open_rate":114347.9,"close_rate":115144.46172333334,"fee_open":0.0005,"fee_close":0.0005,"trade_duration":930,"profit_ratio":0.01765136239396662,"profit_abs":0.67313514,"exit_reason":"trailing_stop_loss","initial_stop_loss_abs":76231.93333333333,"initial_stop_loss_ratio":-1.0,"stop_loss_abs":115144.46172333334,"stop_loss_ratio":-0.0001,"min_rate":113340.7,"max_rate":115148.3,"is_open":false,"enter_tag":"fisher_long_ml","leverage":3.0,"is_short":false,"open_timestamp":1757573100000,"close_timestamp":1757628900000,"orders":[{"amount":0.001,"safe_price":114347.9,"ft_order_side":"buy","order_filled_timestamp":1757573100000,"ft_is_entry":true,"ft_order_tag":"fisher_long_ml","cost":114.40507394999999},{"amount":0.001,"safe_price":115144.46172333334,"ft_order_side":"sell","order_filled_timestamp":1757628900000,"ft_is_entry":false,"ft_order_tag":"trailing_stop_loss","cost":115.20203395419502}],"funding_fees":-0.008680405953614218,"weekday":3},{"pair":"BTC/USDT:USDT","stake_amount":48.19029167,"max_stake_amount":48.19029167,"amount":0.001,"open_date":"2025-09-13 06:00:00+00:00","close_date":"2025-09-13 16:30:00+00:00","open_rate":115656.7,"close_rate":115036.793,"fee_open":0.0005,"fee_close":0.0005,"trade_duration":630,"profit_ratio":0.010604849601920834,"profit_abs":0.51079527,"exit_reason":"trailing_stop_loss","initial_stop_loss_abs":163846.99166666664,"initial_stop_loss_ratio":-1.0,"stop_loss_abs":115036.793,"stop_loss_ratio":-0.0001,"min_rate":115032.0,"max_rate":116126.0,"is_open":false,"enter_tag":"fisher_short_ml","leverage":2.4000000000000004,"is_short":true,"open_timestamp":1757743200000,"close_timestamp":1757781000000,"orders":[{"amount":0.001,"safe_price":115656.7,"ft_order_side":"sell","order_filled_timestamp":1757743200000,"ft_is_entry":true,"ft_order_tag":"fisher_short_ml","cost":115.71452835},{"amount":0.001,"safe_price":115036.793,"ft_order_side":"buy","order_filled_timestamp":1757781000000,"ft_is_entry":false,"ft_order_tag":"trailing_stop_loss","cost":115.09431139649999}],"funding_fees":0.00623501933561966,"weekday":5},{"pair":"SOL/USDT:USDT","stake_amount":1019.33791667,"max_stake_amount":1019.33791667,"amount":10.03,"open_date":"2025-09-11 17:00:00+00:00","close_date":"2025-09-14 14:30:00+00:00","open_rate":243.90937188434697,"close_rate":242.77,"fee_open":0.0005,"fee_close":0.0005,"trade_duration":4170,"profit_ratio":0.009033417419178926,"profit_abs":9.20350084,"exit_reason":"trailing_stop_loss","initial_stop_loss_abs":319.8266666666666,"initial_stop_loss_ratio":-1.0,"stop_loss_abs":231.3196379166667,"stop_loss_ratio":-0.0001,"min_rate":225.32,"max_rate":249.55,"is_open":false,"enter_tag":"fisher_short_ml","leverage":2.4000000000000004,"is_short":true,"open_timestamp":1757610000000,"close_timestamp":1757860200000,"orders":[{"amount":0.12,"safe_price":225.76,"ft_order_side":"sell","order_filled_timestamp":1757610000000,"ft_is_entry":true,"ft_order_tag":"fisher_short_ml","cost":27.104745599999994},{"amount":0.28,"safe_price":228.4,"ft_order_side":"sell","order_filled_timestamp":1757629800000,"ft_is_entry":true,"ft_order_tag":"","cost":63.983976},{"amount":1.68,"safe_price":233.26,"ft_order_side":"sell","order_filled_timestamp":1757639700000,"ft_is_entry":true,"ft_order_tag":"","cost":392.07273839999993},{"amount":7.95,"safe_price":246.98,"ft_order_side":"sell","order_filled_timestamp":1757816100000,"ft_is_entry":true,"ft_order_tag":"","cost":1964.4727455},{"amount":10.03,"safe_price":242.77,"ft_order_side":"buy","order_filled_timestamp":1757860200000,"ft_is_entry":false,"ft_order_tag":"trailing_stop_loss","cost":2436.20059155}],"funding_fees":0.2162978891772121,"weekday":6},{"pair":"ETH/USDT:USDT","stake_amount":9.39091667,"max_stake_amount":9.39091667,"amount":0.005,"open_date":"2025-09-15 10:15:00+00:00","close_date":"2025-09-16 13:45:00+00:00","open_rate":4507.64,"close_rate":4427.684479166667,"fee_open":0.0005,"fee_close":0.0005,"trade_duration":1650,"profit_ratio":0.04051553991316234,"profit_abs":0.38028782,"exit_reason":"trailing_stop_loss","initial_stop_loss_abs":6385.823333333333,"initial_stop_loss_ratio":-1.0,"stop_loss_abs":4427.684479166667,"stop_loss_ratio":-0.0001,"min_rate":4427.5,"max_rate":4540.14,"is_open":false,"enter_tag":"fisher_short_ml","leverage":2.4000000000000004,"is_short":true,"open_timestamp":1757931300000,"close_timestamp":1758030300000,"orders":[{"amount":0.005,"safe_price":4507.64,"ft_order_side":"sell","order_filled_timestamp":1757931300000,"ft_is_entry":true,"ft_order_tag":"fisher_short_ml","cost":22.549469100000003},{"amount":0.005,"safe_price":4427.684479166667,"ft_order_side":"buy","order_filled_timestamp":1758030300000,"ft_is_entry":false,"ft_order_tag":"trailing_stop_loss","cost":22.149491607031255}],"funding_fees":0.002848528700870944,"weekday":1},{"pair":"BTC/USDT:USDT","stake_amount":144.22495833,"max_stake_amount":144.22495833,"amount":0.003,"open_date":"2025-09-15 10:30:00+00:00","close_date":"2025-09-17 18:15:00+00:00","open_rate":115379.96666666666,"close_rate":115061.99405000001,"fee_open":0.0005,"fee_close":0.0005,"trade_duration":3345,"profit_ratio":0.0050320119294338115,"profit_abs":0.72537884,"exit_reason":"trailing_stop_loss","initial_stop_loss_abs":162544.79166666666,"initial_stop_loss_ratio":-1.0,"stop_loss_abs":115061.99405000001,"stop_loss_ratio":-0.0001,"min_rate":114338.5,"max_rate":117266.4,"is_open":false,"enter_tag":"fisher_short_ml","leverage":2.4000000000000004,"is_short":true,"open_timestamp":1757932200000,"close_timestamp":1758132900000,"orders":[{"amount":0.001,"safe_price":114737.5,"ft_order_side":"sell","order_filled_timestamp":1757932200000,"ft_is_entry":true,"ft_order_tag":"fisher_short_ml","cost":114.79486874999999},{"amount":0.002,"safe_price":115701.2,"ft_order_side":"sell","order_filled_timestamp":1758011400000,"ft_is_entry":true,"ft_order_tag":"","cost":231.5181012},{"amount":0.003,"safe_price":115061.99405000001,"ft_order_side":"buy","order_filled_timestamp":1758132900000,"ft_is_entry":false,"ft_order_tag":"trailing_stop_loss","cost":345.358575141075}],"funding_fees":0.11712393386935664,"weekday":2},{"pair":"ETH/USDT:USDT","stake_amount":11.204625,"max_stake_amount":11.204625,"amount":0.006,"open_date":"2025-09-17 11:00:00+00:00","close_date":"2025-09-17 18:15:00+00:00","open_rate":4481.85,"close_rate":4435.3247975,"fee_open":0.0005,"fee_close":0.0005,"trade_duration":435,"profit_ratio":0.022643587487597903,"profit_abs":0.25358605,"exit_reason":"trailing_stop_loss","initial_stop_loss_abs":6349.287499999999,"initial_stop_loss_ratio":-1.0,"stop_loss_abs":4435.3247975,"stop_loss_ratio":-0.0001,"min_rate":4404.08,"max_rate":4532.16,"is_open":false,"enter_tag":"fisher_short_ml","leverage":2.4000000000000004,"is_short":true,"open_timestamp":1758106800000,"close_timestamp":1758132900000,"orders":[{"amount":0.006,"safe_price":4481.85,"ft_order_side":"sell","order_filled_timestamp":1758106800000,"ft_is_entry":true,"ft_order_tag":"fisher_short_ml","cost":26.90454555},{"amount":0.006,"safe_price":4435.3247975,"ft_order_side":"buy","order_filled_timestamp":1758132900000,"ft_is_entry":false,"ft_order_tag":"trailing_stop_loss","cost":26.6252547593925}],"funding_fees":0.001186355154,"weekday":2},{"pair":"SOL/USDT:USDT","stake_amount":243.52016667,"max_stake_amount":243.52016667,"amount":2.44,"open_date":"2025-09-15 09:00:00+00:00","close_date":"2025-09-17 20:45:00+00:00","open_rate":239.52803278688523,"close_rate":238.58,"fee_open":0.0005,"fee_close":0.0005,"trade_duration":3585,"profit_ratio":0.007252269005284735,"profit_abs":1.76519072,"exit_reason":"exit_short_ml","initial_stop_loss_abs":328.66666666666663,"initial_stop_loss_ratio":-1.0,"stop_loss_abs":237.19988291666667,"stop_loss_ratio":-0.0001,"min_rate":230.02,"max_rate":241.12,"is_open":false,"enter_tag":"fisher_short_ml","leverage":2.4000000000000004,"is_short":true,"open_timestamp":1757926800000,"close_timestamp":1758141900000,"orders":[{"amount":0.14,"safe_price":232.0,"ft_order_side":"sell","order_filled_timestamp":1757926800000,"ft_is_entry":true,"ft_order_tag":"fisher_short_ml","cost":32.49624},{"amount":0.33,"safe_price":234.83,"ft_order_side":"sell","order_filled_timestamp":1757929500000,"ft_is_entry":true,"ft_order_tag":"","cost":77.53264695},{"amount":1.97,"safe_price":240.85,"ft_order_side":"sell","order_filled_timestamp":1758140100000,"ft_is_entry":true,"ft_order_tag":"","cost":474.71173724999994},{"amount":2.44,"safe_price":238.58,"ft_order_side":"buy","order_filled_timestamp":1758141900000,"ft_is_entry":false,"ft_order_tag":"exit_short_ml","cost":582.4262676000001}],"funding_fees":0.03528251979240509,"weekday":2},{"pair":"BTC/USDT:USDT","stake_amount":48.81375,"max_stake_amount":48.81375,"amount":0.001,"open_date":"2025-09-18 22:15:00+00:00","close_date":"2025-09-18 23:00:00+00:00","open_rate":117153.0,"close_rate":116494.5537375,"fee_open":0.0005,"fee_close":0.0005,"trade_duration":45,"profit_ratio":0.011101245790752794,"profit_abs":0.54162249,"exit_reason":"trailing_stop_loss","initial_stop_loss_abs":165966.74999999997,"initial_stop_loss_ratio":-1.0,"stop_loss_abs":116494.5537375,"stop_loss_ratio":-0.0001,"min_rate":116489.7,"max_rate":117275.7,"is_open":false,"enter_tag":"fisher_short_ml","leverage":2.4000000000000004,"is_short":true,"open_timestamp":1758233700000,"close_timestamp":1758236400000,"orders":[{"amount":0.001,"safe_price":117153.0,"ft_order_side":"sell","order_filled_timestamp":1758233700000,"ft_is_entry":true,"ft_order_tag":"fisher_short_ml","cost":117.21157649999999},{"amount":0.001,"safe_price":116494.5537375,"ft_order_side":"buy","order_filled_timestamp":1758236400000,"ft_is_entry":false,"ft_order_tag":"trailing_stop_loss","cost":116.55280101436874}],"funding_fees":0.0,"weekday":3},{"pair":"BTC/USDT:USDT","stake_amount":48.404,"max_stake_amount":48.404,"amount":0.001,"open_date":"2025-09-19 12:45:00+00:00","close_date":"2025-09-19 14:45:00+00:00","open_rate":116169.6,"close_rate":115734.82208333333,"fee_open":0.0005,"fee_close":0.0005,"trade_duration":120,"profit_ratio":0.006590058726578396,"profit_abs":0.31882571,"exit_reason":"trailing_stop_loss","initial_stop_loss_abs":164573.59999999998,"initial_stop_loss_ratio":-1.0,"stop_loss_abs":115734.82208333333,"stop_loss_ratio":-0.0001,"min_rate":115730.0,"max_rate":116447.3,"is_open":false,"enter_tag":"fisher_short_ml","leverage":2.4000000000000004,"is_short":true,"open_timestamp":1758285900000,"close_timestamp":1758293100000,"orders":[{"amount":0.001,"safe_price":116169.6,"ft_order_side":"sell","order_filled_timestamp":1758285900000,"ft_is_entry":true,"ft_order_tag":"fisher_short_ml","cost":116.22768479999999},{"amount":0.001,"safe_price":115734.82208333333,"ft_order_side":"buy","order_filled_timestamp":1758293100000,"ft_is_entry":false,"ft_order_tag":"trailing_stop_loss","cost":115.792689494375}],"funding_fees":0.0,"weekday":4},{"pair":"SOL/USDT:USDT","stake_amount":14.01166667,"max_stake_amount":14.01166667,"amount":0.14,"open_date":"2025-09-19 11:45:00+00:00","close_date":"2025-09-19 15:00:00+00:00","open_rate":240.2,"close_rate":235.68982000000003,"fee_open":0.0005,"fee_close":0.0005,"trade_duration":195,"profit_ratio":0.04270813246518586,"profit_abs":0.59811291,"exit_reason":"trailing_stop_loss","initial_stop_loss_abs":340.2833333333333,"initial_stop_loss_ratio":-1.0,"stop_loss_abs":235.68982000000003,"stop_loss_ratio":-0.0001,"min_rate":235.68,"max_rate":242.59,"is_open":false,"enter_tag":"fisher_short_ml","leverage":2.4000000000000004,"is_short":true,"open_timestamp":1758282300000,"close_timestamp":1758294000000,"orders":[{"amount":0.14,"safe_price":240.2,"ft_order_side":"sell","order_filled_timestamp":1758282300000,"ft_is_entry":true,"ft_order_tag":"fisher_short_ml","cost":33.644814},{"amount":0.14,"safe_price":235.68982000000003,"ft_order_side":"buy","order_filled_timestamp":1758294000000,"ft_is_entry":false,"ft_order_tag":"trailing_stop_loss","cost":33.0130730874}],"funding_fees":0.0,"weekday":4},{"pair":"ETH/USDT:USDT","stake_amount":37.37658333,"max_stake_amount":37.37658333,"amount":0.02,"open_date":"2025-09-19 18:15:00+00:00","close_date":"2025-09-20 17:15:00+00:00","open_rate":4485.19,"close_rate":4469.066203333334,"fee_open":0.0005,"fee_close":0.0005,"trade_duration":1380,"profit_ratio":0.006300405302212107,"profit_abs":0.23536988,"exit_reason":"trailing_stop_loss","initial_stop_loss_abs":6299.576666666666,"initial_stop_loss_ratio":-1.0,"stop_loss_abs":4469.066203333334,"stop_loss_ratio":-0.0001,"min_rate":4436.21,"max_rate":4506.75,"is_open":false,"enter_tag":"fisher_short_ml","leverage":2.4000000000000004,"is_short":true,"open_timestamp":1758305700000,"close_timestamp":1758388500000,"orders":[{"amount":0.006,"safe_price":4446.76,"ft_order_side":"sell","order_filled_timestamp":1758305700000,"ft_is_entry":true,"ft_order_tag":"fisher_short_ml","cost":26.69390028},{"amount":0.014,"safe_price":4501.66,"ft_order_side":"sell","order_filled_timestamp":1758382200000,"ft_is_entry":true,"ft_order_tag":"","cost":63.05475162},{"amount":0.02,"safe_price":4469.066203333334,"ft_order_side":"buy","order_filled_timestamp":1758388500000,"ft_is_entry":false,"ft_order_tag":"trailing_stop_loss","cost":89.42601472870001}],"funding_fees":0.0024365056463367665,"weekday":5},{"pair":"SOL/USDT:USDT","stake_amount":39.94033333,"max_stake_amount":39.94033333,"amount":0.4,"open_date":"2025-09-20 10:45:00+00:00","close_date":"2025-09-20 18:00:00+00:00","open_rate":239.642,"close_rate":238.60994166666669,"fee_open":0.0005,"fee_close":0.0005,"trade_duration":435,"profit_ratio":0.00787518361712967,"profit_abs":0.31438019,"exit_reason":"trailing_stop_loss","initial_stop_loss_abs":336.1608333333333,"initial_stop_loss_ratio":-1.0,"stop_loss_abs":238.60994166666669,"stop_loss_ratio":-0.0001,"min_rate":236.91,"max_rate":241.13,"is_open":false,"enter_tag":"fisher_short_ml","leverage":2.4000000000000004,"is_short":true,"open_timestamp":1758365100000,"close_timestamp":1758391200000,"orders":[{"amount":0.12,"safe_price":237.29,"ft_order_side":"sell","order_filled_timestamp":1758365100000,"ft_is_entry":true,"ft_order_tag":"fisher_short_ml","cost":28.489037399999997},{"amount":0.28,"safe_price":240.65,"ft_order_side":"sell","order_filled_timestamp":1758382200000,"ft_is_entry":true,"ft_order_tag":"","cost":67.415691},{"amount":0.4,"safe_price":238.60994166666669,"ft_order_side":"buy","order_filled_timestamp":1758391200000,"ft_is_entry":false,"ft_order_tag":"trailing_stop_loss","cost":95.49169865500001}],"funding_fees":-0.0027927563600000003,"weekday":5},{"pair":"BTC/USDT:USDT","stake_amount":48.12120833,"max_stake_amount":48.12120833,"amount":0.001,"open_date":"2025-09-19 18:00:00+00:00","close_date":"2025-09-22 00:30:00+00:00","open_rate":115490.9,"close_rate":114646.57674166668,"fee_open":0.0005,"fee_close":0.0005,"trade_duration":3270,"profit_ratio":0.015410699074584028,"profit_abs":0.74121067,"exit_reason":"trailing_stop_loss","initial_stop_loss_abs":163612.1083333333,"initial_stop_loss_ratio":-1.0,"stop_loss_abs":114646.57674166668,"stop_loss_ratio":-0.0001,"min_rate":114641.8,"max_rate":116059.2,"is_open":false,"enter_tag":"fisher_short_ml","leverage":2.4000000000000004,"is_short":true,"open_timestamp":1758304800000,"close_timestamp":1758501000000,"orders":[{"amount":0.001,"safe_price":115490.9,"ft_order_side":"sell","order_filled_timestamp":1758304800000,"ft_is_entry":true,"ft_order_tag":"fisher_short_ml","cost":115.54864545},{"amount":0.001,"safe_price":114646.57674166668,"ft_order_side":"buy","order_filled_timestamp":1758501000000,"ft_is_entry":false,"ft_order_tag":"trailing_stop_loss","cost":114.7039000300375}],"funding_fees":0.011956154487496398,"weekday":0},{"pair":"ETH/USDT:USDT","stake_amount":12.618025,"max_stake_amount":12.618025,"amount":0.007,"open_date":"2025-09-22 02:15:00+00:00","close_date":"2025-09-22 05:45:00+00:00","open_rate":4326.18,"close_rate":4210.175416666667,"fee_open":0.0005,"fee_close":0.0005,"trade_duration":210,"profit_ratio":0.06201811401202078,"profit_abs":0.78215484,"exit_reason":"trailing_stop_loss","initial_stop_loss_abs":6128.755,"initial_stop_loss_ratio":-1.0,"stop_loss_abs":4210.175416666667,"stop_loss_ratio":-0.0001,"min_rate":4210.0,"max_rate":4330.83,"is_open":false,"enter_tag":"fisher_short_ml","leverage":2.4000000000000004,"is_short":true,"open_timestamp":1758507300000,"close_timestamp":1758519900000,"orders":[{"amount":0.007,"safe_price":4326.18,"ft_order_side":"sell","order_filled_timestamp":1758507300000,"ft_is_entry":true,"ft_order_tag":"fisher_short_ml","cost":30.29840163},{"amount":0.007,"safe_price":4210.175416666667,"ft_order_side":"buy","order_filled_timestamp":1758519900000,"ft_is_entry":false,"ft_order_tag":"trailing_stop_loss","cost":29.485963530625003}],"funding_fees":0.0,"weekday":0},{"pair":"SOL/USDT:USDT","stake_amount":39.754625,"max_stake_amount":39.754625,"amount":0.43,"open_date":"2025-09-22 09:15:00+00:00","close_date":"2025-09-22 19:30:00+00:00","open_rate":221.88627906976745,"close_rate":215.98899916666667,"fee_open":0.0005,"fee_close":0.0005,"trade_duration":615,"profit_ratio":0.061202708247346804,"profit_abs":2.43187417,"exit_reason":"trailing_stop_loss","initial_stop_loss_abs":311.48249999999996,"initial_stop_loss_ratio":-1.0,"stop_loss_abs":215.98899916666667,"stop_loss_ratio":-0.0001,"min_rate":215.98,"max_rate":223.91,"is_open":false,"enter_tag":"fisher_short_ml","leverage":2.4000000000000004,"is_short":true,"open_timestamp":1758532500000,"close_timestamp":1758569400000,"orders":[{"amount":0.13,"safe_price":219.87,"ft_order_side":"sell","order_filled_timestamp":1758532500000,"ft_is_entry":true,"ft_order_tag":"fisher_short_ml","cost":28.59739155},{"amount":0.3,"safe_price":222.76,"ft_order_side":"sell","order_filled_timestamp":1758546000000,"ft_is_entry":true,"ft_order_tag":"","cost":66.86141399999998},{"amount":0.43,"safe_price":215.98899916666667,"ft_order_side":"buy","order_filled_timestamp":1758569400000,"ft_is_entry":false,"ft_order_tag":"trailing_stop_loss","cost":92.9217072764875}],"funding_fees":-0.009813001104,"weekday":0},{"pair":"BTC/USDT:USDT","stake_amount":46.90258333,"max_stake_amount":46.90258333,"amount":0.001,"open_date":"2025-09-22 08:30:00+00:00","close_date":"2025-09-23 02:45:00+00:00","open_rate":112566.2,"close_rate":111596.24965000001,"fee_open":0.0005,"fee_close":0.0005,"trade_duration":1095,"profit_ratio":0.018585604768142888,"profit_abs":0.87127702,"exit_reason":"trailing_stop_loss","initial_stop_loss_abs":159468.78333333333,"initial_stop_loss_ratio":-1.0,"stop_loss_abs":111596.24965000001,"stop_loss_ratio":-0.0001,"min_rate":111591.6,"max_rate":113413.5,"is_open":false,"enter_tag":"fisher_short_ml","leverage":2.4000000000000004,"is_short":true,"open_timestamp":1758529800000,"close_timestamp":1758595500000,"orders":[{"amount":0.001,"safe_price":112566.2,"ft_order_side":"sell","order_filled_timestamp":1758529800000,"ft_is_entry":true,"ft_order_tag":"fisher_short_ml","cost":112.62248309999998},{"amount":0.001,"safe_price":111596.24965000001,"ft_order_side":"buy","order_filled_timestamp":1758595500000,"ft_is_entry":false,"ft_order_tag":"trailing_stop_loss","cost":111.65204777482501}],"funding_fees":0.01340789362,"weekday":1},{"pair":"SOL/USDT:USDT","stake_amount":517.12284848,"max_stake_amount":517.12284848,"amount":7.76,"open_date":"2025-09-23 03:15:00+00:00","close_date":"2025-09-23 09:30:00+00:00","open_rate":219.91048969072165,"close_rate":219.17,"fee_open":0.0005,"fee_close":0.0005,"trade_duration":375,"profit_ratio":0.007844856979883685,"profit_abs":4.05472641,"exit_reason":"exit_short_ml","initial_stop_loss_abs":278.35333333333335,"initial_stop_loss_ratio":-1.0,"stop_loss_abs":218.4066181818182,"stop_loss_ratio":-0.0001,"min_rate":213.46,"max_rate":220.73,"is_open":false,"enter_tag":"fisher_short_ml","leverage":3.3000000000000003,"is_short":true,"open_timestamp":1758597300000,"close_timestamp":1758619800000,"orders":[{"amount":0.27,"safe_price":213.62,"ft_order_side":"sell","order_filled_timestamp":1758597300000,"ft_is_entry":true,"ft_order_tag":"fisher_short_ml","cost":57.7062387},{"amount":0.87,"safe_price":216.54,"ft_order_side":"sell","order_filled_timestamp":1758598200000,"ft_is_entry":true,"ft_order_tag":"","cost":188.48399489999997},{"amount":6.62,"safe_price":220.61,"ft_order_side":"sell","order_filled_timestamp":1758618900000,"ft_is_entry":true,"ft_order_tag":"","cost":1461.1684191},{"amount":7.76,"safe_price":219.17,"ft_order_side":"buy","order_filled_timestamp":1758619800000,"ft_is_entry":false,"ft_order_tag":"exit_short_ml","cost":1701.6095796}],"funding_fees":0.012158710014,"weekday":1},{"pair":"BTC/USDT:USDT","stake_amount":140.02254167,"max_stake_amount":140.02254167,"amount":0.003,"open_date":"2025-09-23 07:45:00+00:00","close_date":"2025-09-24 02:00:00+00:00","open_rate":112018.03333333334,"close_rate":112394.6,"fee_open":0.0005,"fee_close":0.0005,"trade_duration":1095,"profit_ratio":0.005404840115504232,"profit_abs":0.75717785,"exit_reason":"trailing_stop_loss","initial_stop_loss_abs":65860.025,"initial_stop_loss_ratio":-1.0,"stop_loss_abs":112610.60769583333,"stop_loss_ratio":-0.0001,"min_rate":111413.5,"max_rate":113254.8,"is_open":false,"enter_tag":"fisher_long_ml","leverage":2.4000000000000004,"is_short":false,"open_timestamp":1758613500000,"close_timestamp":1758679200000,"orders":[{"amount":0.001,"safe_price":112902.9,"ft_order_side":"buy","order_filled_timestamp":1758613500000,"ft_is_entry":true,"ft_order_tag":"fisher_long_ml","cost":112.95935145},{"amount":0.002,"safe_price":111575.6,"ft_order_side":"buy","order_filled_timestamp":1758656700000,"ft_is_entry":true,"ft_order_tag":"fisher_short_ml","cost":223.2627756},{"amount":0.003,"safe_price":112394.6,"ft_order_side":"sell","order_filled_timestamp":1758679200000,"ft_is_entry":false,"ft_order_tag":"trailing_stop_loss","cost":337.3523919}],"funding_fees":-0.03590320483666071,"weekday":2},{"pair":"ETH/USDT:USDT","stake_amount":12.0663375,"max_stake_amount":12.0663375,"amount":0.007,"open_date":"2025-09-25 00:30:00+00:00","close_date":"2025-09-25 01:15:00+00:00","open_rate":4137.03,"close_rate":4094.4405945833337,"fee_open":0.0005,"fee_close":0.0005,"trade_duration":45,"profit_ratio":0.022330754067471082,"profit_abs":0.26931569,"exit_reason":"trailing_stop_loss","initial_stop_loss_abs":5860.792499999999,"initial_stop_loss_ratio":-1.0,"stop_loss_abs":4094.4405945833337,"stop_loss_ratio":-0.0001,"min_rate":4094.27,"max_rate":4149.34,"is_open":false,"enter_tag":"fisher_short_ml","leverage":2.4000000000000004,"is_short":true,"open_timestamp":1758760200000,"close_timestamp":1758762900000,"orders":[{"amount":0.007,"safe_price":4137.03,"ft_order_side":"sell","order_filled_timestamp":1758760200000,"ft_is_entry":true,"ft_order_tag":"fisher_short_ml","cost":28.973689604999997},{"amount":0.007,"safe_price":4094.4405945833337,"ft_order_side":"buy","order_filled_timestamp":1758762900000,"ft_is_entry":false,"ft_order_tag":"trailing_stop_loss","cost":28.67541470416438}],"funding_fees":0.0,"weekday":3},{"pair":"BTC/USDT:USDT","stake_amount":47.19779167,"max_stake_amount":47.19779167,"amount":0.001,"open_date":"2025-09-24 23:00:00+00:00","close_date":"2025-09-25 01:30:00+00:00","open_rate":113274.7,"close_rate":112591.29110833335,"fee_open":0.0005,"fee_close":0.0005,"trade_duration":150,"profit_ratio":0.012087684102409433,"profit_abs":0.57022674,"exit_reason":"trailing_stop_loss","initial_stop_loss_abs":160472.49166666664,"initial_stop_loss_ratio":-1.0,"stop_loss_abs":112591.29110833335,"stop_loss_ratio":-0.0001,"min_rate":112586.6,"max_rate":113462.1,"is_open":false,"enter_tag":"fisher_short_ml","leverage":2.4000000000000004,"is_short":true,"open_timestamp":1758754800000,"close_timestamp":1758763800000,"orders":[{"amount":0.001,"safe_price":113274.7,"ft_order_side":"sell","order_filled_timestamp":1758754800000,"ft_is_entry":true,"ft_order_tag":"fisher_short_ml","cost":113.33133734999998},{"amount":0.001,"safe_price":112591.29110833335,"ft_order_side":"buy","order_filled_timestamp":1758763800000,"ft_is_entry":false,"ft_order_tag":"trailing_stop_loss","cost":112.64758675388751}],"funding_fees":-0.00024916040705217203,"weekday":3},{"pair":"BTC/USDT:USDT","stake_amount":46.44770833,"max_stake_amount":46.44770833,"amount":0.001,"open_date":"2025-09-25 07:00:00+00:00","close_date":"2025-09-25 13:30:00+00:00","open_rate":111474.5,"close_rate":110559.60645833334,"fee_open":0.0005,"fee_close":0.0005,"trade_duration":390,"profit_ratio":0.017357416437475206,"profit_abs":0.80580911,"exit_reason":"trailing_stop_loss","initial_stop_loss_abs":157922.2083333333,"initial_stop_loss_ratio":-1.0,"stop_loss_abs":110559.60645833334,"stop_loss_ratio":-0.0001,"min_rate":110555.0,"max_rate":112220.3,"is_open":false,"enter_tag":"fisher_short_ml","leverage":2.4000000000000004,"is_short":true,"open_timestamp":1758783600000,"close_timestamp":1758807000000,"orders":[{"amount":0.001,"safe_price":111474.5,"ft_order_side":"sell","order_filled_timestamp":1758783600000,"ft_is_entry":true,"ft_order_tag":"fisher_short_ml","cost":111.53023725},{"amount":0.001,"safe_price":110559.60645833334,"ft_order_side":"buy","order_filled_timestamp":1758807000000,"ft_is_entry":false,"ft_order_tag":"trailing_stop_loss","cost":110.61488626156249}],"funding_fees":0.001932621394717459,"weekday":3},{"pair":"BTC/USDT:USDT","stake_amount":36.45173333,"max_stake_amount":36.45173333,"amount":0.001,"open_date":"2025-09-27 13:00:00+00:00","close_date":"2025-09-28 15:00:00+00:00","open_rate":109355.2,"close_rate":109867.33763333333,"fee_open":0.0005,"fee_close":0.0005,"trade_duration":1560,"profit_ratio":0.010553773254563992,"profit_abs":0.38489568,"exit_reason":"trailing_stop_loss","initial_stop_loss_abs":72903.46666666667,"initial_stop_loss_ratio":-1.0,"stop_loss_abs":109867.33763333333,"stop_loss_ratio":-0.0001,"min_rate":109136.5,"max_rate":109871.0,"is_open":false,"enter_tag":"fisher_long_ml","leverage":3.0,"is_short":false,"open_timestamp":1758978000000,"close_timestamp":1759071600000,"orders":[{"amount":0.001,"safe_price":109355.2,"ft_order_side":"buy","order_filled_timestamp":1758978000000,"ft_is_entry":true,"ft_order_tag":"fisher_long_ml","cost":109.40987759999999},{"amount":0.001,"safe_price":109867.33763333333,"ft_order_side":"sell","order_filled_timestamp":1759071600000,"ft_is_entry":false,"ft_order_tag":"trailing_stop_loss","cost":109.92227130215}],"funding_fees":-0.01763068170386369,"weekday":6},{"pair":"BTC/USDT:USDT","stake_amount":47.62941667,"max_stake_amount":47.62941667,"amount":0.001,"open_date":"2025-09-29 20:15:00+00:00","close_date":"2025-09-30 00:00:00+00:00","open_rate":114310.6,"close_rate":114257.1,"fee_open":0.0005,"fee_close":0.0005,"trade_duration":225,"profit_ratio":-0.0035209333167702745,"profit_abs":-0.16778385,"exit_reason":"force_exit","initial_stop_loss_abs":66681.18333333333,"initial_stop_loss_ratio":-1.0,"stop_loss_abs":66730.475,"stop_loss_ratio":-1.0,"min_rate":113960.6,"max_rate":114395.1,"is_open":false,"enter_tag":"fisher_long_ml","leverage":2.4000000000000004,"is_short":false,"open_timestamp":1759176900000,"close_timestamp":1759190400000,"orders":[{"amount":0.001,"safe_price":114310.6,"ft_order_side":"buy","order_filled_timestamp":1759176900000,"ft_is_entry":true,"ft_order_tag":"fisher_long_ml","cost":114.3677553},{"amount":0.001,"safe_price":114257.1,"ft_order_side":"sell","order_filled_timestamp":1759190400000,"ft_is_entry":false,"ft_order_tag":"force_exit","cost":114.31422855}],"funding_fees":0.0,"weekday":1}],"locks":[],"best_pair":{"key":"BTC/USDT:USDT","trades":18,"profit_mean":0.012767972537956907,"profit_mean_pct":1.28,"profit_total_abs":34.744994,"profit_total":0.034744994,"profit_total_pct":3.47,"duration_avg":"18:44:00","wins":17,"draws":0,"losses":1,"winrate":0.9444444444444444,"cagr":0.5370762448896778,"expectancy":1.9302774444444444,"expectancy_ratio":11.504548527432432,"sortino":-100,"sharpe":4.749745044680857,"calmar":14118.685651454492,"sqn":1.6515,"profit_factor":208.08187349378377,"max_drawdown_account":0.00016212366258417564,"max_drawdown_abs":0.1677838499999993},"worst_pair":{"key":"ETH/USDT:USDT","trades":6,"profit_mean":0.03105601403514337,"profit_mean_pct":3.11,"profit_total_abs":2.27196847,"profit_total":0.00227196847,"profit_total_pct":0.23,"duration_avg":"10:50:00","wins":6,"draws":0,"losses":0,"winrate":1.0,"cagr":0.02897486543263228,"expectancy":0.37866141166666667,"expectancy_ratio":100.0,"sortino":-100,"sharpe":7.968426168783302,"calmar":-100,"sqn":4.5077,"profit_factor":0.0,"max_drawdown_account":0.0,"max_drawdown_abs":0.0},"results_per_pair":[{"key":"BTC/USDT:USDT","trades":18,"profit_mean":0.012767972537956907,"profit_mean_pct":1.28,"profit_total_abs":34.744994,"profit_total":0.034744994,"profit_total_pct":3.47,"duration_avg":"18:44:00","wins":17,"draws":0,"losses":1,"winrate":0.9444444444444444,"cagr":0.5370762448896778,"expectancy":1.9302774444444444,"expectancy_ratio":11.504548527432432,"sortino":-100,"sharpe":4.749745044680857,"calmar":14118.685651454492,"sqn":1.6515,"profit_factor":208.08187349378377,"max_drawdown_account":0.00016212366258417564,"max_drawdown_abs":0.1677838499999993},{"key":"SOL/USDT:USDT","trades":7,"profit_mean":0.020132358428777784,"profit_mean_pct":2.01,"profit_total_abs":18.55117404,"profit_total":0.01855117404,"profit_total_pct":1.86,"duration_avg":"22:47:00","wins":7,"draws":0,"losses":0,"winrate":1.0,"cagr":0.2602997448866613,"expectancy":2.65016772,"expectancy_ratio":100.0,"sortino":-100,"sharpe":4.123115982110881,"calmar":-100,"sqn":2.1901,"profit_factor":0.0,"max_drawdown_account":0.0,"max_drawdown_abs":0.0},{"key":"ETH/USDT:USDT","trades":6,"profit_mean":0.03105601403514337,"profit_mean_pct":3.11,"profit_total_abs":2.27196847,"profit_total":0.00227196847,"profit_total_pct":0.23,"duration_avg":"10:50:00","wins":6,"draws":0,"losses":0,"winrate":1.0,"cagr":0.02897486543263228,"expectancy":0.37866141166666667,"expectancy_ratio":100.0,"sortino":-100,"sharpe":7.968426168783302,"calmar":-100,"sqn":4.5077,"profit_factor":0.0,"max_drawdown_account":0.0,"max_drawdown_abs":0.0},{"key":"TOTAL","trades":31,"profit_mean":0.017970519319210614,"profit_mean_pct":1.8,"profit_total_abs":55.568136509999995,"profit_total":0.05556813651,"profit_total_pct":5.56,"duration_avg":"18:07:00","wins":30,"draws":0,"losses":1,"winrate":0.967741935483871,"cagr":0.9751636285201948,"expectancy":1.792520532580645,"expectancy_ratio":10.683510555876772,"sortino":-100,"sharpe":9.140605594441492,"calmar":23034.532895386594,"sqn":2.4515,"profit_factor":332.1888272321799,"max_drawdown_account":0.00015892596506782175,"max_drawdown_abs":0.1677838499999993}],"results_per_enter_tag":[{"key":"fisher_short_ml","trades":25,"profit_mean":0.01998918141523546,"profit_mean_pct":2.0,"profit_total_abs":52.75263136000001,"profit_total":0.05275263136000001,"profit_total_pct":5.28,"duration_avg":"19:31:00","wins":25,"draws":0,"losses":0,"winrate":1.0,"cagr":0.9098703181997907,"expectancy":2.1101052544000005,"expectancy_ratio":100.0,"sortino":-100,"sharpe":7.9024054551697445,"calmar":-100,"sqn":2.3506,"profit_factor":0.0,"max_drawdown_account":0.0,"max_drawdown_abs":0.0},{"key":"fisher_long_ml","trades":6,"profit_mean":0.009559427252440418,"profit_mean_pct":0.96,"profit_total_abs":2.81550515,"profit_total":0.00281550515,"profit_total_pct":0.28,"duration_avg":"12:18:00","wins":5,"draws":0,"losses":1,"winrate":0.8333333333333334,"cagr":0.03602029965617248,"expectancy":0.46925085833333335,"expectancy_ratio":2.7967582001088505,"sortino":-100,"sharpe":5.45200096358913,"calmar":1108.7874508540162,"sqn":3.0842,"profit_factor":17.780549200653102,"max_drawdown_account":0.00016728479112275416,"max_drawdown_abs":0.16778385000000018},{"key":"TOTAL","trades":31,"profit_mean":0.017970519319210614,"profit_mean_pct":1.8,"profit_total_abs":55.568136509999995,"profit_total":0.05556813651,"profit_total_pct":5.56,"duration_avg":"18:07:00","wins":30,"draws":0,"losses":1,"winrate":0.967741935483871,"cagr":0.9751636285201948,"expectancy":1.792520532580645,"expectancy_ratio":10.683510555876772,"sortino":-100,"sharpe":9.140605594441492,"calmar":23034.532895386594,"sqn":2.4515,"profit_factor":332.1888272321799,"max_drawdown_account":0.00015892596506782175,"max_drawdown_abs":0.1677838499999993}],"exit_reason_summary":[{"key":"trailing_stop_loss","trades":28,"profit_mean":0.01948249665096896,"profit_mean_pct":1.95,"profit_total_abs":49.91600323,"profit_total":0.04991600323,"profit_total_pct":4.99,"duration_avg":"17:34:00","wins":28,"draws":0,"losses":0,"winrate":1.0,"cagr":0.8461016556750538,"expectancy":1.7827144010714286,"expectancy_ratio":100.0,"sortino":-100,"sharpe":7.874761649128877,"calmar":-100,"sqn":2.2183,"profit_factor":0.0,"max_drawdown_account":0.0,"max_drawdown_abs":0.0},{"key":"exit_short_ml","trades":2,"profit_mean":0.00754856299258421,"profit_mean_pct":0.75,"profit_total_abs":5.81991713,"profit_total":0.00581991713,"profit_total_pct":0.58,"duration_avg":"1 day, 9:00:00","wins":2,"draws":0,"losses":0,"winrate":1.0,"cagr":0.07577178994301148,"expectancy":2.909958565,"expectancy_ratio":100.0,"sortino":-100,"sharpe":3.3492519038822097,"calmar":-100,"sqn":2.542,"profit_factor":0.0,"max_drawdown_account":0.0,"max_drawdown_abs":0.0},{"key":"force_exit","trades":1,"profit_mean":-0.0035209333167702745,"profit_mean_pct":-0.35,"profit_total_abs":-0.16778385,"profit_total":-0.00016778385,"profit_total_pct":-0.02,"duration_avg":"3:45:00","wins":0,"draws":0,"losses":1,"winrate":0.0,"cagr":-0.0021097108546890286,"expectancy":-0.16778385,"expectancy_ratio":-1.0,"sortino":-100,"sharpe":-100,"calmar":-100,"sqn":-100.0,"profit_factor":0.0,"max_drawdown_account":0.0,"max_drawdown_abs":0.0},{"key":"TOTAL","trades":31,"profit_mean":0.017970519319210614,"profit_mean_pct":1.8,"profit_total_abs":55.568136509999995,"profit_total":0.05556813651,"profit_total_pct":5.56,"duration_avg":"18:07:00","wins":30,"draws":0,"losses":1,"winrate":0.967741935483871,"cagr":0.9751636285201948,"expectancy":1.792520532580645,"expectancy_ratio":10.683510555876772,"sortino":-100,"sharpe":9.140605594441492,"calmar":23034.532895386594,"sqn":2.4515,"profit_factor":332.1888272321799,"max_drawdown_account":0.00015892596506782175,"max_drawdown_abs":0.1677838499999993}],"mix_tag_stats":[{"key":["fisher_short_ml","trailing_stop_loss"],"trades":23,"profit_mean":0.02107097432155296,"profit_mean_pct":2.11,"profit_total_abs":46.932714229999995,"profit_total":0.04693271422999999,"profit_total_pct":4.69,"duration_avg":"18:21:00","wins":23,"draws":0,"losses":0,"winrate":1.0,"cagr":0.7811552255674674,"expectancy":2.0405527926086955,"expectancy_ratio":100.0,"sortino":-100,"sharpe":6.771642041203781,"calmar":-100,"sqn":2.0962,"profit_factor":0.0,"max_drawdown_account":0.0,"max_drawdown_abs":0.0},{"key":["fisher_short_ml","exit_short_ml"],"trades":2,"profit_mean":0.00754856299258421,"profit_mean_pct":0.75,"profit_total_abs":5.81991713,"profit_total":0.00581991713,"profit_total_pct":0.58,"duration_avg":"1 day, 9:00:00","wins":2,"draws":0,"losses":0,"winrate":1.0,"cagr":0.07577178994301148,"expectancy":2.909958565,"expectancy_ratio":100.0,"sortino":-100,"sharpe":3.3492519038822097,"calmar":-100,"sqn":2.542,"profit_factor":0.0,"max_drawdown_account":0.0,"max_drawdown_abs":0.0},{"key":["fisher_long_ml","trailing_stop_loss"],"trades":5,"profit_mean":0.012175499366282556,"profit_mean_pct":1.22,"profit_total_abs":2.983289,"profit_total":0.002983289,"profit_total_pct":0.3,"duration_avg":"14:00:00","wins":5,"draws":0,"losses":0,"winrate":1.0,"cagr":0.03820410153751275,"expectancy":0.5966578,"expectancy_ratio":100.0,"sortino":-100,"sharpe":9.647915490368726,"calmar":-100,"sqn":5.8579,"profit_factor":0.0,"max_drawdown_account":0.0,"max_drawdown_abs":0.0},{"key":["fisher_long_ml","force_exit"],"trades":1,"profit_mean":-0.0035209333167702745,"profit_mean_pct":-0.35,"profit_total_abs":-0.16778385,"profit_total":-0.00016778385,"profit_total_pct":-0.02,"duration_avg":"3:45:00","wins":0,"draws":0,"losses":1,"winrate":0.0,"cagr":-0.0021097108546890286,"expectancy":-0.16778385,"expectancy_ratio":-1.0,"sortino":-100,"sharpe":-100,"calmar":-100,"sqn":-100.0,"profit_factor":0.0,"max_drawdown_account":0.0,"max_drawdown_abs":0.0},{"key":"TOTAL","trades":31,"profit_mean":0.017970519319210614,"profit_mean_pct":1.8,"profit_total_abs":55.568136509999995,"profit_total":0.05556813651,"profit_total_pct":5.56,"duration_avg":"18:07:00","wins":30,"draws":0,"losses":1,"winrate":0.967741935483871,"cagr":0.9751636285201948,"expectancy":1.792520532580645,"expectancy_ratio":10.683510555876772,"sortino":-100,"sharpe":9.140605594441492,"calmar":23034.532895386594,"sqn":2.4515,"profit_factor":332.1888272321799,"max_drawdown_account":0.00015892596506782175,"max_drawdown_abs":0.1677838499999993}],"left_open_trades":[{"key":"BTC/USDT:USDT","trades":1,"profit_mean":-0.0035209333167702745,"profit_mean_pct":-0.35,"profit_total_abs":-0.16778385,"profit_total":-0.00016778385,"profit_total_pct":-0.02,"duration_avg":"3:45:00","wins":0,"draws":0,"losses":1,"winrate":0.0,"cagr":-0.0021097108546890286,"expectancy":-0.16778385,"expectancy_ratio":-1.0,"sortino":-100,"sharpe":-100,"calmar":-100,"sqn":-100.0,"profit_factor":0.0,"max_drawdown_account":0.0,"max_drawdown_abs":0.0},{"key":"TOTAL","trades":1,"profit_mean":-0.0035209333167702745,"profit_mean_pct":-0.35,"profit_total_abs":-0.16778385,"profit_total":-0.00016778385,"profit_total_pct":-0.02,"duration_avg":"3:45:00","wins":0,"draws":0,"losses":1,"winrate":0.0,"cagr":-0.0021097108546890286,"expectancy":-0.16778385,"expectancy_ratio":-1.0,"sortino":-100,"sharpe":-100,"calmar":-100,"sqn":-100.0,"profit_factor":0.0,"max_drawdown_account":0.0,"max_drawdown_abs":0.0}],"total_trades":31,"trade_count_long":6,"trade_count_short":25,"total_volume":19525.988887990057,"avg_stake_amount":124.38626997774192,"profit_mean":0.017970519319210614,"profit_median":0.01182650470616022,"profit_total":0.05556813651,"profit_total_long":0.00281550515,"profit_total_short":0.05275263136000001,"profit_total_abs":55.568136509999995,"profit_total_long_abs":2.81550515,"profit_total_short_abs":52.75263136000001,"cagr":0.9751636285201948,"expectancy":1.792520532580645,"expectancy_ratio":10.683510555876772,"sortino":-100,"sharpe":9.140605594441492,"calmar":23034.532895386594,"sqn":2.4515,"profit_factor":332.1888272321799,"backtest_start":"2025-09-01 00:00:00","backtest_start_ts":1756684800000,"backtest_end":"2025-09-30 00:00:00","backtest_end_ts":1759190400000,"backtest_days":29,"backtest_run_start_ts":1761138866,"backtest_run_end_ts":1761138888,"trades_per_day":1.07,"market_change":0.027894619936904227,"pairlist":["BTC/USDT:USDT","ETH/USDT:USDT","SOL/USDT:USDT"],"stake_amount":100,"stake_currency":"USDT","stake_currency_decimals":3,"starting_balance":1000,"dry_run_wallet":1000,"final_balance":1055.56813651,"rejected_signals":0,"timedout_entry_orders":0,"timedout_exit_orders":0,"canceled_trade_entries":0,"canceled_entry_orders":0,"replaced_entry_orders":0,"max_open_trades":3,"max_open_trades_setting":3,"timeframe":"15m","timeframe_detail":"","timerange":"20250901-20250930","enable_protections":false,"strategy_name":"GKD_FisherTransformV4_ML","freqaimodel":null,"freqai_identifier":null,"stoploss":-1,"trailing_stop":false,"trailing_stop_positive":0.127,"trailing_stop_positive_offset":0.208,"trailing_only_offset_is_reached":true,"use_custom_stoploss":true,"minimal_roi":{"0":0.373,"1019":0.22,"3124":0.076,"4482":0},"use_exit_signal":true,"exit_profit_only":false,"exit_profit_offset":0.0,"ignore_roi_if_entry_signal":false,"trading_mode":"futures","margin_mode":"isolated","periodic_breakdown":{"day":[{"date":"01/09/2025","date_ts":1756684800000,"profit_abs":0.35125419,"wins":1,"draws":0,"losses":0,"trades":1,"profit_factor":0.0},{"date":"02/09/2025","date_ts":1756771200000,"profit_abs":0.83968617,"wins":1,"draws":0,"losses":0,"trades":1,"profit_factor":0.0},{"date":"03/09/2025","date_ts":1756857600000,"profit_abs":0.0,"wins":0,"draws":0,"losses":0,"trades":0,"profit_factor":0.0},{"date":"04/09/2025","date_ts":1756944000000,"profit_abs":0.0,"wins":0,"draws":0,"losses":0,"trades":0,"profit_factor":0.0},{"date":"05/09/2025","date_ts":1757030400000,"profit_abs":21.8008282,"wins":2,"draws":0,"losses":0,"trades":2,"profit_factor":0.0},{"date":"06/09/2025","date_ts":1757116800000,"profit_abs":3.04776488,"wins":1,"draws":0,"losses":0,"trades":1,"profit_factor":0.0},{"date":"07/09/2025","date_ts":1757203200000,"profit_abs":0.32839416,"wins":1,"draws":0,"losses":0,"trades":1,"profit_factor":0.0},{"date":"08/09/2025","date_ts":1757289600000,"profit_abs":0.0,"wins":0,"draws":0,"losses":0,"trades":0,"profit_factor":0.0},{"date":"09/09/2025","date_ts":1757376000000,"profit_abs":2.17913872,"wins":2,"draws":0,"losses":0,"trades":2,"profit_factor":0.0},{"date":"10/09/2025","date_ts":1757462400000,"profit_abs":0.0,"wins":0,"draws":0,"losses":0,"trades":0,"profit_factor":0.0},{"date":"11/09/2025","date_ts":1757548800000,"profit_abs":0.67313514,"wins":1,"draws":0,"losses":0,"trades":1,"profit_factor":0.0},{"date":"12/09/2025","date_ts":1757635200000,"profit_abs":0.0,"wins":0,"draws":0,"losses":0,"trades":0,"profit_factor":0.0},{"date":"13/09/2025","date_ts":1757721600000,"profit_abs":0.51079527,"wins":1,"draws":0,"losses":0,"trades":1,"profit_factor":0.0},{"date":"14/09/2025","date_ts":1757808000000,"profit_abs":9.20350084,"wins":1,"draws":0,"losses":0,"trades":1,"profit_factor":0.0},{"date":"15/09/2025","date_ts":1757894400000,"profit_abs":0.0,"wins":0,"draws":0,"losses":0,"trades":0,"profit_factor":0.0},{"date":"16/09/2025","date_ts":1757980800000,"profit_abs":0.38028782,"wins":1,"draws":0,"losses":0,"trades":1,"profit_factor":0.0},{"date":"17/09/2025","date_ts":1758067200000,"profit_abs":2.74415561,"wins":3,"draws":0,"losses":0,"trades":3,"profit_factor":0.0},{"date":"18/09/2025","date_ts":1758153600000,"profit_abs":0.54162249,"wins":1,"draws":0,"losses":0,"trades":1,"profit_factor":0.0},{"date":"19/09/2025","date_ts":1758240000000,"profit_abs":0.91693862,"wins":2,"draws":0,"losses":0,"trades":2,"profit_factor":0.0},{"date":"20/09/2025","date_ts":1758326400000,"profit_abs":0.54975007,"wins":2,"draws":0,"losses":0,"trades":2,"profit_factor":0.0},{"date":"21/09/2025","date_ts":1758412800000,"profit_abs":0.0,"wins":0,"draws":0,"losses":0,"trades":0,"profit_factor":0.0},{"date":"22/09/2025","date_ts":1758499200000,"profit_abs":3.95523968,"wins":3,"draws":0,"losses":0,"trades":3,"profit_factor":0.0},{"date":"23/09/2025","date_ts":1758585600000,"profit_abs":4.92600343,"wins":2,"draws":0,"losses":0,"trades":2,"profit_factor":0.0},{"date":"24/09/2025","date_ts":1758672000000,"profit_abs":0.75717785,"wins":1,"draws":0,"losses":0,"trades":1,"profit_factor":0.0},{"date":"25/09/2025","date_ts":1758758400000,"profit_abs":1.64535154,"wins":3,"draws":0,"losses":0,"trades":3,"profit_factor":0.0},{"date":"26/09/2025","date_ts":1758844800000,"profit_abs":0.0,"wins":0,"draws":0,"losses":0,"trades":0,"profit_factor":0.0},{"date":"27/09/2025","date_ts":1758931200000,"profit_abs":0.0,"wins":0,"draws":0,"losses":0,"trades":0,"profit_factor":0.0},{"date":"28/09/2025","date_ts":1759017600000,"profit_abs":0.38489568,"wins":1,"draws":0,"losses":0,"trades":1,"profit_factor":0.0},{"date":"29/09/2025","date_ts":1759104000000,"profit_abs":0.0,"wins":0,"draws":0,"losses":0,"trades":0,"profit_factor":0.0},{"date":"30/09/2025","date_ts":1759190400000,"profit_abs":-0.16778385,"wins":0,"draws":0,"losses":1,"trades":1,"profit_factor":0.0}],"week":[{"date":"01/09/2025","date_ts":1756684800000,"profit_abs":0.35125419,"wins":1,"draws":0,"losses":0,"trades":1,"profit_factor":0.0},{"date":"08/09/2025","date_ts":1757289600000,"profit_abs":26.01667341,"wins":5,"draws":0,"losses":0,"trades":5,"profit_factor":0.0},{"date":"15/09/2025","date_ts":1757894400000,"profit_abs":12.56656997,"wins":5,"draws":0,"losses":0,"trades":5,"profit_factor":0.0},{"date":"22/09/2025","date_ts":1758499200000,"profit_abs":9.08799429,"wins":12,"draws":0,"losses":0,"trades":12,"profit_factor":0.0},{"date":"29/09/2025","date_ts":1759104000000,"profit_abs":7.7134285,"wins":7,"draws":0,"losses":0,"trades":7,"profit_factor":0.0},{"date":"06/10/2025","date_ts":1759708800000,"profit_abs":-0.16778385,"wins":0,"draws":0,"losses":1,"trades":1,"profit_factor":0.0}],"month":[{"date":"30/09/2025","date_ts":1759190400000,"profit_abs":55.56813651,"wins":30,"draws":0,"losses":1,"trades":31,"profit_factor":332.18882723}],"year":[{"date":"31/12/2025","date_ts":1767139200000,"profit_abs":55.56813651,"wins":30,"draws":0,"losses":1,"trades":31,"profit_factor":332.18882723}],"weekday":[{"date":"Monday","date_ts":0,"profit_abs":4.30649387,"wins":4,"draws":0,"losses":0,"trades":4,"profit_factor":0.0},{"date":"Tuesday","date_ts":1,"profit_abs":8.15733229,"wins":6,"draws":0,"losses":1,"trades":7,"profit_factor":49.61810174},{"date":"Wednesday","date_ts":2,"profit_abs":3.50133346,"wins":4,"draws":0,"losses":0,"trades":4,"profit_factor":0.0},{"date":"Thursday","date_ts":3,"profit_abs":2.86010917,"wins":5,"draws":0,"losses":0,"trades":5,"profit_factor":0.0},{"date":"Friday","date_ts":4,"profit_abs":22.71776682,"wins":4,"draws":0,"losses":0,"trades":4,"profit_factor":0.0},{"date":"Saturday","date_ts":5,"profit_abs":4.10831022,"wins":4,"draws":0,"losses":0,"trades":4,"profit_factor":0.0},{"date":"Sunday","date_ts":6,"profit_abs":9.91679068,"wins":3,"draws":0,"losses":0,"trades":3,"profit_factor":0.0}]},"backtest_best_day":0.13863152133395162,"backtest_worst_day":-0.0035209333167702745,"backtest_best_day_abs":21.8008282,"backtest_worst_day_abs":-0.16778385,"winning_days":19,"draw_days":10,"losing_days":1,"daily_profit":[["2025-09-01",0.35125419],["2025-09-02",0.83968617],["2025-09-03",0.0],["2025-09-04",0.0],["2025-09-05",21.8008282],["2025-09-06",3.04776488],["2025-09-07",0.32839416],["2025-09-08",0.0],["2025-09-09",2.17913872],["2025-09-10",0.0],["2025-09-11",0.67313514],["2025-09-12",0.0],["2025-09-13",0.51079527],["2025-09-14",9.20350084],["2025-09-15",0.0],["2025-09-16",0.38028782],["2025-09-17",2.74415561],["2025-09-18",0.54162249],["2025-09-19",0.91693862],["2025-09-20",0.54975007],["2025-09-21",0.0],["2025-09-22",3.95523968],["2025-09-23",4.92600343],["2025-09-24",0.75717785],["2025-09-25",1.64535154],["2025-09-26",0.0],["2025-09-27",0.0],["2025-09-28",0.38489568],["2025-09-29",0.0],["2025-09-30",-0.16778385]],"wins":30,"losses":1,"draws":0,"winrate":0.967741935483871,"holding_avg":"18:07:00","holding_avg_s":65220.0,"winner_holding_min":"0d 00:45","winner_holding_min_s":2700.0,"winner_holding_max":"3d 01:30","winner_holding_max_s":264600.0,"winner_holding_avg":"0d 18:36","winner_holding_avg_s":66960.0,"loser_holding_min":"0d 03:45","loser_holding_min_s":13500.0,"loser_holding_max":"0d 03:45","loser_holding_max_s":13500.0,"loser_holding_avg":"0d 03:45","loser_holding_avg_s":13500.0,"max_consecutive_wins":30,"max_consecutive_losses":1,"max_drawdown_account":0.00015892596506782175,"max_relative_drawdown":0.00015892596506782175,"max_drawdown_abs":0.1677838499999993,"drawdown_start":"2025-09-28 15:00:00","drawdown_start_ts":1759071600000.0,"drawdown_end":"2025-09-30 00:00:00","drawdown_end_ts":1759190400000.0,"drawdown_duration":"1 days 09:00:00","drawdown_duration_s":118800.0,"max_drawdown_low":55.56813650999999,"max_drawdown_high":55.73592035999999,"csum_min":1000.35125419,"csum_max":1055.73592036}},"strategy_comparison":[{"key":"GKD_FisherTransformV4_ML","trades":31,"profit_mean":0.017970519319210614,"profit_mean_pct":1.8,"profit_total_abs":55.568136509999995,"profit_total":0.05556813651,"profit_total_pct":5.56,"duration_avg":"18:07:00","wins":30,"draws":0,"losses":1,"winrate":0.967741935483871,"cagr":0.9751636285201948,"expectancy":1.792520532580645,"expectancy_ratio":10.683510555876772,"sortino":-100,"sharpe":9.140605594441492,"calmar":23034.532895386594,"sqn":2.4515,"profit_factor":332.1888272321799,"max_drawdown_account":0.00015892596506782175,"max_drawdown_abs":"0.168"}]}