{"strategy":{"SampleStrategy":{"trades":[{"pair":"ETH/USDT:USDT","stake_amount":99.43398,"max_stake_amount":99.43398,"amount":0.054,"open_date":"2025-03-31 16:00:00+00:00","close_date":"2025-04-01 00:00:00+00:00","open_rate":1841.37,"close_rate":1861.6352026013003,"fee_open":0.0005,"fee_close":0.0005,"trade_duration":480,"profit_ratio":0.009981369008630768,"profit_abs":0.99298349,"exit_reason":"roi","initial_stop_loss_abs":1657.233,"initial_stop_loss_ratio":-0.1,"stop_loss_abs":1657.233,"stop_loss_ratio":-0.1,"min_rate":1815.22,"max_rate":1866.98,"is_open":false,"enter_tag":"","leverage":1.0,"is_short":false,"open_timestamp":1743436800000,"close_timestamp":1743465600000,"orders":[{"amount":0.054,"safe_price":1841.37,"ft_order_side":"buy","order_filled_timestamp":1743436800000,"ft_is_entry":true,"ft_order_tag":"","cost":99.48369698999998},{"amount":0.054,"safe_price":1861.6352026013003,"ft_order_side":"sell","order_filled_timestamp":1743465600000,"ft_is_entry":false,"ft_order_tag":"roi","cost":100.57856509094044}],"funding_fees":-0.0013563062827513777,"weekday":1},{"pair":"ETH/USDT:USDT","stake_amount":98.4533,"max_stake_amount":98.4533,"amount":0.059,"open_date":"2025-04-10 00:00:00+00:00","close_date":"2025-04-10 08:00:00+00:00","open_rate":1668.7,"close_rate":1501.8300000000002,"fee_open":0.0005,"fee_close":0.0005,"trade_duration":480,"profit_ratio":-0.10102856199171416,"profit_abs":-9.95156862,"exit_reason":"stop_loss","initial_stop_loss_abs":1501.8300000000002,"initial_stop_loss_ratio":-0.1,"stop_loss_abs":1501.8300000000002,"stop_loss_ratio":-0.1,"min_rate":1482.56,"max_rate":1669.19,"is_open":false,"enter_tag":"","leverage":1.0,"is_short":false,"open_timestamp":1744243200000,"close_timestamp":1744272000000,"orders":[{"amount":0.059,"safe_price":1668.7,"ft_order_side":"buy","order_filled_timestamp":1744243200000,"ft_is_entry":true,"ft_order_tag":"","cost":98.50252665},{"amount":0.059,"safe_price":1501.8300000000002,"ft_order_side":"sell","order_filled_timestamp":1744272000000,"ft_is_entry":false,"ft_order_tag":"stop_loss","cost":88.65227398500001}],"funding_fees":-0.0127079809956,"weekday":3},{"pair":"SOL/USDT:USDT","stake_amount":99.2943,"max_stake_amount":99.2943,"amount":0.63,"open_date":"2025-06-02 00:00:00+00:00","close_date":"2025-06-03 00:00:00+00:00","open_rate":157.61,"close_rate":159.3445772886443,"fee_open":0.0005,"fee_close":0.0005,"trade_duration":1440,"profit_ratio":0.009865983365046916,"profit_abs":0.98012573,"exit_reason":"roi","initial_stop_loss_abs":141.84900000000002,"initial_stop_loss_ratio":-0.1,"stop_loss_abs":141.84900000000002,"stop_loss_ratio":-0.1,"min_rate":151.52,"max_rate":162.31,"is_open":false,"enter_tag":"","leverage":1.0,"is_short":false,"open_timestamp":1748822400000,"close_timestamp":1748908800000,"orders":[{"amount":0.63,"safe_price":157.61,"ft_order_side":"buy","order_filled_timestamp":1748822400000,"ft_is_entry":true,"ft_order_tag":"","cost":99.34394715},{"amount":0.63,"safe_price":159.3445772886443,"ft_order_side":"sell","order_filled_timestamp":1748908800000,"ft_is_entry":false,"ft_order_tag":"roi","cost":100.43727723369183}],"funding_fees":-0.012817272795251336,"weekday":1},{"pair":"SOL/USDT:USDT","stake_amount":99.9812,"max_stake_amount":99.9812,"amount":0.62,"open_date":"2025-08-03 08:00:00+00:00","close_date":"2025-08-03 16:00:00+00:00","open_rate":161.26,"close_rate":163.0347473736868,"fee_open":0.0005,"fee_close":0.0005,"trade_duration":480,"profit_ratio":0.010130188633384116,"profit_abs":1.01333483,"exit_reason":"roi","initial_stop_loss_abs":145.134,"initial_stop_loss_ratio":-0.1,"stop_loss_abs":145.134,"stop_loss_ratio":-0.1,"min_rate":160.27,"max_rate":163.07,"is_open":false,"enter_tag":"","leverage":1.0,"is_short":false,"open_timestamp":1754208000000,"close_timestamp":1754236800000,"orders":[{"amount":0.62,"safe_price":161.26,"ft_order_side":"buy","order_filled_timestamp":1754208000000,"ft_is_entry":true,"ft_order_tag":"","cost":100.03119059999999},{"amount":0.62,"safe_price":163.0347473736868,"ft_order_side":"sell","order_filled_timestamp":1754236800000,"ft_is_entry":false,"ft_order_tag":"roi","cost":101.13208414337164}],"funding_fees":0.0135228324,"weekday":6},{"pair":"ETH/USDT:USDT","stake_amount":96.72408,"max_stake_amount":96.72408,"amount":0.024,"open_date":"2025-09-27 00:00:00+00:00","close_date":"2025-09-28 16:00:00+00:00","open_rate":4030.17,"close_rate":4074.5240470235117,"fee_open":0.0005,"fee_close":0.0005,"trade_duration":2400,"profit_ratio":0.009664572995000138,"profit_abs":0.93526433,"exit_reason":"roi","initial_stop_loss_abs":3627.1530000000002,"initial_stop_loss_ratio":-0.1,"stop_loss_abs":3627.1530000000002,"stop_loss_ratio":-0.1,"min_rate":3963.1,"max_rate":4143.05,"is_open":false,"enter_tag":"","leverage":1.0,"is_short":false,"open_timestamp":1758931200000,"close_timestamp":1759075200000,"orders":[{"amount":0.024,"safe_price":4030.17,"ft_order_side":"buy","order_filled_timestamp":1758931200000,"ft_is_entry":true,"ft_order_tag":"","cost":96.77244204},{"amount":0.024,"safe_price":4074.5240470235117,"ft_order_side":"sell","order_filled_timestamp":1759075200000,"ft_is_entry":false,"ft_order_tag":"roi","cost":97.83747141712855}],"funding_fees":-0.03197647455042818,"weekday":6},{"pair":"SOL/USDT:USDT","stake_amount":98.4,"max_stake_amount":98.4,"amount":0.48,"open_date":"2025-09-27 00:00:00+00:00","close_date":"2025-09-28 16:00:00+00:00","open_rate":205.0,"close_rate":207.256128064032,"fee_open":0.0005,"fee_close":0.0005,"trade_duration":2400,"profit_ratio":0.010044035705724373,"profit_abs":0.98882728,"exit_reason":"roi","initial_stop_loss_abs":184.5,"initial_stop_loss_ratio":-0.1,"stop_loss_abs":184.5,"stop_loss_ratio":-0.1,"min_rate":197.85,"max_rate":210.88,"is_open":false,"enter_tag":"","leverage":1.0,"is_short":false,"open_timestamp":1758931200000,"close_timestamp":1759075200000,"orders":[{"amount":0.48,"safe_price":205.0,"ft_order_side":"buy","order_filled_timestamp":1758931200000,"ft_is_entry":true,"ft_order_tag":"","cost":98.44919999999999},{"amount":0.48,"safe_price":207.256128064032,"ft_order_side":"sell","order_filled_timestamp":1759075200000,"ft_is_entry":false,"ft_order_tag":"roi","cost":99.53268294147071}],"funding_fees":0.004827279879867792,"weekday":6},{"pair":"ETH/USDT:USDT","stake_amount":99.45676,"max_stake_amount":99.45676,"amount":0.026,"open_date":"2025-10-12 08:00:00+00:00","close_date":"2025-10-12 08:00:00+00:00","open_rate":3825.26,"close_rate":3982.174117058529,"fee_open":0.0005,"fee_close":0.0005,"trade_duration":0,"profit_ratio":0.03997162320522038,"profit_abs":3.97743586,"exit_reason":"roi","initial_stop_loss_abs":3442.7340000000004,"initial_stop_loss_ratio":-0.1,"stop_loss_abs":3442.7340000000004,"stop_loss_ratio":-0.1,"min_rate":3791.79,"max_rate":4077.96,"is_open":false,"enter_tag":"","leverage":1.0,"is_short":false,"open_timestamp":1760256000000,"close_timestamp":1760256000000,"orders":[{"amount":0.026,"safe_price":3825.26,"ft_order_side":"buy","order_filled_timestamp":1760256000000,"ft_is_entry":true,"ft_order_tag":"","cost":99.50648838},{"amount":0.026,"safe_price":3982.174117058529,"ft_order_side":"sell","order_filled_timestamp":1760256000000,"ft_is_entry":false,"ft_order_tag":"roi","cost":103.58829530704351}],"funding_fees":-0.0008345364833170742,"weekday":6},{"pair":"SOL/USDT:USDT","stake_amount":99.2992,"max_stake_amount":99.2992,"amount":0.52,"open_date":"2025-10-12 16:00:00+00:00","close_date":"2025-10-12 16:00:00+00:00","open_rate":190.96,"close_rate":198.79327663831913,"fee_open":0.0005,"fee_close":0.0005,"trade_duration":0,"profit_ratio":0.040551822353461865,"profit_abs":4.0287769,"exit_reason":"roi","initial_stop_loss_abs":171.864,"initial_stop_loss_ratio":-0.1,"stop_loss_abs":171.864,"stop_loss_ratio":-0.1,"min_rate":190.96,"max_rate":198.83,"is_open":false,"enter_tag":"","leverage":1.0,"is_short":false,"open_timestamp":1760284800000,"close_timestamp":1760284800000,"orders":[{"amount":0.52,"safe_price":190.96,"ft_order_side":"buy","order_filled_timestamp":1760284800000,"ft_is_entry":true,"ft_order_tag":"","cost":99.34884960000001},{"amount":0.52,"safe_price":198.79327663831913,"ft_order_side":"sell","order_filled_timestamp":1760284800000,"ft_is_entry":false,"ft_order_tag":"roi","cost":103.42419010385191}],"funding_fees":0.05680889798010882,"weekday":6}],"locks":[],"best_pair":{"key":"SOL/USDT:USDT","trades":4,"profit_mean":0.017648007514404318,"profit_mean_pct":1.76,"profit_total_abs":7.01106474,"profit_total":0.0070110647400000005,"profit_total_pct":0.7,"duration_avg":"18:00:00","wins":4,"draws":0,"losses":0,"winrate":1.0,"cagr":0.011347571295714287,"expectancy":1.752766185,"expectancy_ratio":100.0,"sortino":-100,"sharpe":0.451013613773943,"calmar":-100,"sqn":2.3102,"profit_factor":0.0,"max_drawdown_account":0.0,"max_drawdown_abs":0.0},"worst_pair":{"key":"ETH/USDT:USDT","trades":4,"profit_mean":-0.01035274919571572,"profit_mean_pct":-1.04,"profit_total_abs":-4.045884939999999,"profit_total":-0.0040458849399999984,"profit_total_pct":-0.4,"duration_avg":"14:00:00","wins":3,"draws":0,"losses":1,"winrate":0.75,"cagr":-0.006526149023399985,"expectancy":-1.011471235,"expectancy_ratio":-0.10163937702918635,"sortino":-100,"sharpe":-0.06445692796997234,"calmar":-3.44025799010453,"sqn":-0.3302,"profit_factor":0.5934424918832545,"max_drawdown_account":0.009941696679334821,"max_drawdown_abs":9.95156862},"results_per_pair":[{"key":"SOL/USDT:USDT","trades":4,"profit_mean":0.017648007514404318,"profit_mean_pct":1.76,"profit_total_abs":7.01106474,"profit_total":0.0070110647400000005,"profit_total_pct":0.7,"duration_avg":"18:00:00","wins":4,"draws":0,"losses":0,"winrate":1.0,"cagr":0.011347571295714287,"expectancy":1.752766185,"expectancy_ratio":100.0,"sortino":-100,"sharpe":0.451013613773943,"calmar":-100,"sqn":2.3102,"profit_factor":0.0,"max_drawdown_account":0.0,"max_drawdown_abs":0.0},{"key":"BTC/USDT:USDT","trades":0,"profit_mean":0.0,"profit_mean_pct":0.0,"profit_total_abs":0.0,"profit_total":0.0,"profit_total_pct":0.0,"duration_avg":"0:00","wins":0,"draws":0,"losses":0,"winrate":0.0,"cagr":0.0,"expectancy":0.0,"expectancy_ratio":100.0,"sortino":0,"sharpe":0,"calmar":0,"sqn":0.0,"profit_factor":0.0,"max_drawdown_account":0.0,"max_drawdown_abs":0.0},{"key":"ETH/USDT:USDT","trades":4,"profit_mean":-0.01035274919571572,"profit_mean_pct":-1.04,"profit_total_abs":-4.045884939999999,"profit_total":-0.0040458849399999984,"profit_total_pct":-0.4,"duration_avg":"14:00:00","wins":3,"draws":0,"losses":1,"winrate":0.75,"cagr":-0.006526149023399985,"expectancy":-1.011471235,"expectancy_ratio":-0.10163937702918635,"sortino":-100,"sharpe":-0.06445692796997234,"calmar":-3.44025799010453,"sqn":-0.3302,"profit_factor":0.5934424918832545,"max_drawdown_account":0.009941696679334821,"max_drawdown_abs":9.95156862},{"key":"TOTAL","trades":8,"profit_mean":0.0036476291593442994,"profit_mean_pct":0.36,"profit_total_abs":2.9651798000000005,"profit_total":0.0029651798000000004,"profit_total_pct":0.3,"duration_avg":"16:00:00","wins":7,"draws":0,"losses":1,"winrate":0.875,"cagr":0.00479326171536143,"expectancy":0.37064747500000017,"expectancy_ratio":0.037245130808332805,"sortino":-100,"sharpe":0.06106188103666468,"calmar":2.521323184006947,"sqn":0.2389,"profit_factor":1.2979610464666627,"max_drawdown_account":0.009941696679334821,"max_drawdown_abs":9.95156862}],"results_per_enter_tag":[{"key":"","trades":8,"profit_mean":0.0036476291593442994,"profit_mean_pct":0.36,"profit_total_abs":2.9651798000000005,"profit_total":0.0029651798000000004,"profit_total_pct":0.3,"duration_avg":"16:00:00","wins":7,"draws":0,"losses":1,"winrate":0.875,"cagr":0.00479326171536143,"expectancy":0.37064747500000017,"expectancy_ratio":0.037245130808332805,"sortino":-100,"sharpe":0.06106188103666468,"calmar":2.521323184006947,"sqn":0.2389,"profit_factor":1.2979610464666627,"max_drawdown_account":0.009941696679334821,"max_drawdown_abs":9.95156862},{"key":"TOTAL","trades":8,"profit_mean":0.0036476291593442994,"profit_mean_pct":0.36,"profit_total_abs":2.9651798000000005,"profit_total":0.0029651798000000004,"profit_total_pct":0.3,"duration_avg":"16:00:00","wins":7,"draws":0,"losses":1,"winrate":0.875,"cagr":0.00479326171536143,"expectancy":0.37064747500000017,"expectancy_ratio":0.037245130808332805,"sortino":-100,"sharpe":0.06106188103666468,"calmar":2.521323184006947,"sqn":0.2389,"profit_factor":1.2979610464666627,"max_drawdown_account":0.009941696679334821,"max_drawdown_abs":9.95156862}],"exit_reason_summary":[{"key":"roi","trades":7,"profit_mean":0.01860137075235265,"profit_mean_pct":1.86,"profit_total_abs":12.916748420000001,"profit_total":0.01291674842,"profit_total_pct":1.29,"duration_avg":"17:09:00","wins":7,"draws":0,"losses":0,"winrate":1.0,"cagr":0.020943847750066746,"expectancy":1.8452497742857144,"expectancy_ratio":100.0,"sortino":-100,"sharpe":0.7999467985042028,"calmar":-100,"sqn":3.3113,"profit_factor":0.0,"max_drawdown_account":0.0,"max_drawdown_abs":0.0},{"key":"stop_loss","trades":1,"profit_mean":-0.10102856199171416,"profit_mean_pct":-10.1,"profit_total_abs":-9.95156862,"profit_total":-0.00995156862,"profit_total_pct":-1.0,"duration_avg":"8:00:00","wins":0,"draws":0,"losses":1,"winrate":0.0,"cagr":-0.016022974360964226,"expectancy":-9.95156862,"expectancy_ratio":-1.0,"sortino":-100,"sharpe":-100,"calmar":-100,"sqn":-100.0,"profit_factor":0.0,"max_drawdown_account":0.0,"max_drawdown_abs":0.0},{"key":"TOTAL","trades":8,"profit_mean":0.0036476291593442994,"profit_mean_pct":0.36,"profit_total_abs":2.9651798000000005,"profit_total":0.0029651798000000004,"profit_total_pct":0.3,"duration_avg":"16:00:00","wins":7,"draws":0,"losses":1,"winrate":0.875,"cagr":0.00479326171536143,"expectancy":0.37064747500000017,"expectancy_ratio":0.037245130808332805,"sortino":-100,"sharpe":0.06106188103666468,"calmar":2.521323184006947,"sqn":0.2389,"profit_factor":1.2979610464666627,"max_drawdown_account":0.009941696679334821,"max_drawdown_abs":9.95156862}],"mix_tag_stats":[{"key":["","roi"],"trades":7,"profit_mean":0.01860137075235265,"profit_mean_pct":1.86,"profit_total_abs":12.916748420000001,"profit_total":0.01291674842,"profit_total_pct":1.29,"duration_avg":"17:09:00","wins":7,"draws":0,"losses":0,"winrate":1.0,"cagr":0.020943847750066746,"expectancy":1.8452497742857144,"expectancy_ratio":100.0,"sortino":-100,"sharpe":0.7999467985042028,"calmar":-100,"sqn":3.3113,"profit_factor":0.0,"max_drawdown_account":0.0,"max_drawdown_abs":0.0},{"key":["","stop_loss"],"trades":1,"profit_mean":-0.10102856199171416,"profit_mean_pct":-10.1,"profit_total_abs":-9.95156862,"profit_total":-0.00995156862,"profit_total_pct":-1.0,"duration_avg":"8:00:00","wins":0,"draws":0,"losses":1,"winrate":0.0,"cagr":-0.016022974360964226,"expectancy":-9.95156862,"expectancy_ratio":-1.0,"sortino":-100,"sharpe":-100,"calmar":-100,"sqn":-100.0,"profit_factor":0.0,"max_drawdown_account":0.0,"max_drawdown_abs":0.0},{"key":"TOTAL","trades":8,"profit_mean":0.0036476291593442994,"profit_mean_pct":0.36,"profit_total_abs":2.9651798000000005,"profit_total":0.0029651798000000004,"profit_total_pct":0.3,"duration_avg":"16:00:00","wins":7,"draws":0,"losses":1,"winrate":0.875,"cagr":0.00479326171536143,"expectancy":0.37064747500000017,"expectancy_ratio":0.037245130808332805,"sortino":-100,"sharpe":0.06106188103666468,"calmar":2.521323184006947,"sqn":0.2389,"profit_factor":1.2979610464666627,"max_drawdown_account":0.009941696679334821,"max_drawdown_abs":9.95156862}],"left_open_trades":[{"key":"TOTAL","trades":0,"profit_mean":0.0,"profit_mean_pct":0.0,"profit_total_abs":0.0,"profit_total":0.0,"profit_total_pct":0.0,"duration_avg":"0:00","wins":0,"draws":0,"losses":0,"winrate":0.0,"cagr":0.0,"expectancy":0.0,"expectancy_ratio":100.0,"sortino":0,"sharpe":0,"calmar":0,"sqn":0.0,"profit_factor":0.0,"max_drawdown_account":0.0,"max_drawdown_abs":0.0}],"total_trades":8,"trade_count_long":8,"trade_count_short":0,"total_volume":1586.6211816324985,"avg_stake_amount":98.8803525,"profit_mean":0.0036476291593442994,"profit_median":0.01001270235717757,"profit_total":0.0029651798000000004,"profit_total_long":0.0029651798000000004,"profit_total_short":0.0,"profit_total_abs":2.9651798000000005,"profit_total_long_abs":2.9651798000000005,"profit_total_short_abs":0.0,"cagr":0.00479326171536143,"expectancy":0.37064747500000017,"expectancy_ratio":0.037245130808332805,"sortino":-100,"sharpe":0.06106188103666468,"calmar":2.521323184006947,"sqn":0.2389,"profit_factor":1.2979610464666627,"backtest_start":"2025-03-08 16:00:00","backtest_start_ts":1741449600000,"backtest_end":"2025-10-20 16:00:00","backtest_end_ts":1760976000000,"backtest_days":226,"backtest_run_start_ts":1761011683,"backtest_run_end_ts":1761011683,"trades_per_day":0.04,"market_change":0.49079733531352976,"pairlist":["BTC/USDT:USDT","ETH/USDT:USDT","SOL/USDT:USDT"],"stake_amount":100,"stake_currency":"USDT","stake_currency_decimals":3,"starting_balance":1000,"dry_run_wallet":1000,"final_balance":1002.9651798,"rejected_signals":0,"timedout_entry_orders":0,"timedout_exit_orders":0,"canceled_trade_entries":0,"canceled_entry_orders":0,"replaced_entry_orders":0,"max_open_trades":3,"max_open_trades_setting":3,"timeframe":"8h","timeframe_detail":"","timerange":"","enable_protections":false,"strategy_name":"SampleStrategy","freqaimodel":null,"freqai_identifier":null,"stoploss":-0.1,"trailing_stop":false,"trailing_stop_positive":null,"trailing_stop_positive_offset":0.0,"trailing_only_offset_is_reached":false,"use_custom_stoploss":false,"minimal_roi":{"60":0.01,"30":0.02,"0":0.04},"use_exit_signal":true,"exit_profit_only":false,"exit_profit_offset":0.0,"ignore_roi_if_entry_signal":false,"trading_mode":"futures","margin_mode":"isolated","periodic_breakdown":{"day":[{"date":"01/04/2025","date_ts":1743465600000,"profit_abs":0.99298349,"wins":1,"draws":0,"losses":0,"trades":1,"profit_factor":0.0},{"date":"02/04/2025","date_ts":1743552000000,"profit_abs":0.0,"wins":0,"draws":0,"losses":0,"trades":0,"profit_factor":0.0},{"date":"03/04/2025","date_ts":1743638400000,"profit_abs":0.0,"wins":0,"draws":0,"losses":0,"trades":0,"profit_factor":0.0},{"date":"04/04/2025","date_ts":1743724800000,"profit_abs":0.0,"wins":0,"draws":0,"losses":0,"trades":0,"profit_factor":0.0},{"date":"05/04/2025","date_ts":1743811200000,"profit_abs":0.0,"wins":0,"draws":0,"losses":0,"trades":0,"profit_factor":0.0},{"date":"06/04/2025","date_ts":1743897600000,"profit_abs":0.0,"wins":0,"draws":0,"losses":0,"trades":0,"profit_factor":0.0},{"date":"07/04/2025","date_ts":1743984000000,"profit_abs":0.0,"wins":0,"draws":0,"losses":0,"trades":0,"profit_factor":0.0},{"date":"08/04/2025","date_ts":1744070400000,"profit_abs":0.0,"wins":0,"draws":0,"losses":0,"trades":0,"profit_factor":0.0},{"date":"09/04/2025","date_ts":1744156800000,"profit_abs":0.0,"wins":0,"draws":0,"losses":0,"trades":0,"profit_factor":0.0},{"date":"10/04/2025","date_ts":1744243200000,"profit_abs":-9.95156862,"wins":0,"draws":0,"losses":1,"trades":1,"profit_factor":0.0},{"date":"11/04/2025","date_ts":1744329600000,"profit_abs":0.0,"wins":0,"draws":0,"losses":0,"trades":0,"profit_factor":0.0},{"date":"12/04/2025","date_ts":1744416000000,"profit_abs":0.0,"wins":0,"draws":0,"losses":0,"trades":0,"profit_factor":0.0},{"date":"13/04/2025","date_ts":1744502400000,"profit_abs":0.0,"wins":0,"draws":0,"losses":0,"trades":0,"profit_factor":0.0},{"date":"14/04/2025","date_ts":1744588800000,"profit_abs":0.0,"wins":0,"draws":0,"losses":0,"trades":0,"profit_factor":0.0},{"date":"15/04/2025","date_ts":1744675200000,"profit_abs":0.0,"wins":0,"draws":0,"losses":0,"trades":0,"profit_factor":0.0},{"date":"16/04/2025","date_ts":1744761600000,"profit_abs":0.0,"wins":0,"draws":0,"losses":0,"trades":0,"profit_factor":0.0},{"date":"17/04/2025","date_ts":1744848000000,"profit_abs":0.0,"wins":0,"draws":0,"losses":0,"trades":0,"profit_factor":0.0},{"date":"18/04/2025","date_ts":1744934400000,"profit_abs":0.0,"wins":0,"draws":0,"losses":0,"trades":0,"profit_factor":0.0},{"date":"19/04/2025","date_ts":1745020800000,"profit_abs":0.0,"wins":0,"draws":0,"losses":0,"trades":0,"profit_factor":0.0},{"date":"20/04/2025","date_ts":1745107200000,"profit_abs":0.0,"wins":0,"draws":0,"losses":0,"trades":0,"profit_factor":0.0},{"date":"21/04/2025","date_ts":1745193600000,"profit_abs":0.0,"wins":0,"draws":0,"losses":0,"trades":0,"profit_factor":0.0},{"date":"22/04/2025","date_ts":1745280000000,"profit_abs":0.0,"wins":0,"draws":0,"losses":0,"trades":0,"profit_factor":0.0},{"date":"23/04/2025","date_ts":1745366400000,"profit_abs":0.0,"wins":0,"draws":0,"losses":0,"trades":0,"profit_factor":0.0},{"date":"24/04/2025","date_ts":1745452800000,"profit_abs":0.0,"wins":0,"draws":0,"losses":0,"trades":0,"profit_factor":0.0},{"date":"25/04/2025","date_ts":1745539200000,"profit_abs":0.0,"wins":0,"draws":0,"losses":0,"trades":0,"profit_factor":0.0},{"date":"26/04/2025","date_ts":1745625600000,"profit_abs":0.0,"wins":0,"draws":0,"losses":0,"trades":0,"profit_factor":0.0},{"date":"27/04/2025","date_ts":1745712000000,"profit_abs":0.0,"wins":0,"draws":0,"losses":0,"trades":0,"profit_factor":0.0},{"date":"28/04/2025","date_ts":1745798400000,"profit_abs":0.0,"wins":0,"draws":0,"losses":0,"trades":0,"profit_factor":0.0},{"date":"29/04/2025","date_ts":1745884800000,"profit_abs":0.0,"wins":0,"draws":0,"losses":0,"trades":0,"profit_factor":0.0},{"date":"30/04/2025","date_ts":1745971200000,"profit_abs":0.0,"wins":0,"draws":0,"losses":0,"trades":0,"profit_factor":0.0},{"date":"01/05/2025","date_ts":1746057600000,"profit_abs":0.0,"wins":0,"draws":0,"losses":0,"trades":0,"profit_factor":0.0},{"date":"02/05/2025","date_ts":1746144000000,"profit_abs":0.0,"wins":0,"draws":0,"losses":0,"trades":0,"profit_factor":0.0},{"date":"03/05/2025","date_ts":1746230400000,"profit_abs":0.0,"wins":0,"draws":0,"losses":0,"trades":0,"profit_factor":0.0},{"date":"04/05/2025","date_ts":1746316800000,"profit_abs":0.0,"wins":0,"draws":0,"losses":0,"trades":0,"profit_factor":0.0},{"date":"05/05/2025","date_ts":1746403200000,"profit_abs":0.0,"wins":0,"draws":0,"losses":0,"trades":0,"profit_factor":0.0},{"date":"06/05/2025","date_ts":1746489600000,"profit_abs":0.0,"wins":0,"draws":0,"losses":0,"trades":0,"profit_factor":0.0},{"date":"07/05/2025","date_ts":1746576000000,"profit_abs":0.0,"wins":0,"draws":0,"losses":0,"trades":0,"profit_factor":0.0},{"date":"08/05/2025","date_ts":1746662400000,"profit_abs":0.0,"wins":0,"draws":0,"losses":0,"trades":0,"profit_factor":0.0},{"date":"09/05/2025","date_ts":1746748800000,"profit_abs":0.0,"wins":0,"draws":0,"losses":0,"trades":0,"profit_factor":0.0},{"date":"10/05/2025","date_ts":1746835200000,"profit_abs":0.0,"wins":0,"draws":0,"losses":0,"trades":0,"profit_factor":0.0},{"date":"11/05/2025","date_ts":1746921600000,"profit_abs":0.0,"wins":0,"draws":0,"losses":0,"trades":0,"profit_factor":0.0},{"date":"12/05/2025","date_ts":1747008000000,"profit_abs":0.0,"wins":0,"draws":0,"losses":0,"trades":0,"profit_factor":0.0},{"date":"13/05/2025","date_ts":1747094400000,"profit_abs":0.0,"wins":0,"draws":0,"losses":0,"trades":0,"profit_factor":0.0},{"date":"14/05/2025","date_ts":1747180800000,"profit_abs":0.0,"wins":0,"draws":0,"losses":0,"trades":0,"profit_factor":0.0},{"date":"15/05/2025","date_ts":1747267200000,"profit_abs":0.0,"wins":0,"draws":0,"losses":0,"trades":0,"profit_factor":0.0},{"date":"16/05/2025","date_ts":1747353600000,"profit_abs":0.0,"wins":0,"draws":0,"losses":0,"trades":0,"profit_factor":0.0},{"date":"17/05/2025","date_ts":1747440000000,"profit_abs":0.0,"wins":0,"draws":0,"losses":0,"trades":0,"profit_factor":0.0},{"date":"18/05/2025","date_ts":1747526400000,"profit_abs":0.0,"wins":0,"draws":0,"losses":0,"trades":0,"profit_factor":0.0},{"date":"19/05/2025","date_ts":1747612800000,"profit_abs":0.0,"wins":0,"draws":0,"losses":0,"trades":0,"profit_factor":0.0},{"date":"20/05/2025","date_ts":1747699200000,"profit_abs":0.0,"wins":0,"draws":0,"losses":0,"trades":0,"profit_factor":0.0},{"date":"21/05/2025","date_ts":1747785600000,"profit_abs":0.0,"wins":0,"draws":0,"losses":0,"trades":0,"profit_factor":0.0},{"date":"22/05/2025","date_ts":1747872000000,"profit_abs":0.0,"wins":0,"draws":0,"losses":0,"trades":0,"profit_factor":0.0},{"date":"23/05/2025","date_ts":1747958400000,"profit_abs":0.0,"wins":0,"draws":0,"losses":0,"trades":0,"profit_factor":0.0},{"date":"24/05/2025","date_ts":1748044800000,"profit_abs":0.0,"wins":0,"draws":0,"losses":0,"trades":0,"profit_factor":0.0},{"date":"25/05/2025","date_ts":1748131200000,"profit_abs":0.0,"wins":0,"draws":0,"losses":0,"trades":0,"profit_factor":0.0},{"date":"26/05/2025","date_ts":1748217600000,"profit_abs":0.0,"wins":0,"draws":0,"losses":0,"trades":0,"profit_factor":0.0},{"date":"27/05/2025","date_ts":1748304000000,"profit_abs":0.0,"wins":0,"draws":0,"losses":0,"trades":0,"profit_factor":0.0},{"date":"28/05/2025","date_ts":1748390400000,"profit_abs":0.0,"wins":0,"draws":0,"losses":0,"trades":0,"profit_factor":0.0},{"date":"29/05/2025","date_ts":1748476800000,"profit_abs":0.0,"wins":0,"draws":0,"losses":0,"trades":0,"profit_factor":0.0},{"date":"30/05/2025","date_ts":1748563200000,"profit_abs":0.0,"wins":0,"draws":0,"losses":0,"trades":0,"profit_factor":0.0},{"date":"31/05/2025","date_ts":1748649600000,"profit_abs":0.0,"wins":0,"draws":0,"losses":0,"trades":0,"profit_factor":0.0},{"date":"01/06/2025","date_ts":1748736000000,"profit_abs":0.0,"wins":0,"draws":0,"losses":0,"trades":0,"profit_factor":0.0},{"date":"02/06/2025","date_ts":1748822400000,"profit_abs":0.0,"wins":0,"draws":0,"losses":0,"trades":0,"profit_factor":0.0},{"date":"03/06/2025","date_ts":1748908800000,"profit_abs":0.98012573,"wins":1,"draws":0,"losses":0,"trades":1,"profit_factor":0.0},{"date":"04/06/2025","date_ts":1748995200000,"profit_abs":0.0,"wins":0,"draws":0,"losses":0,"trades":0,"profit_factor":0.0},{"date":"05/06/2025","date_ts":1749081600000,"profit_abs":0.0,"wins":0,"draws":0,"losses":0,"trades":0,"profit_factor":0.0},{"date":"06/06/2025","date_ts":1749168000000,"profit_abs":0.0,"wins":0,"draws":0,"losses":0,"trades":0,"profit_factor":0.0},{"date":"07/06/2025","date_ts":1749254400000,"profit_abs":0.0,"wins":0,"draws":0,"losses":0,"trades":0,"profit_factor":0.0},{"date":"08/06/2025","date_ts":1749340800000,"profit_abs":0.0,"wins":0,"draws":0,"losses":0,"trades":0,"profit_factor":0.0},{"date":"09/06/2025","date_ts":1749427200000,"profit_abs":0.0,"wins":0,"draws":0,"losses":0,"trades":0,"profit_factor":0.0},{"date":"10/06/2025","date_ts":1749513600000,"profit_abs":0.0,"wins":0,"draws":0,"losses":0,"trades":0,"profit_factor":0.0},{"date":"11/06/2025","date_ts":1749600000000,"profit_abs":0.0,"wins":0,"draws":0,"losses":0,"trades":0,"profit_factor":0.0},{"date":"12/06/2025","date_ts":1749686400000,"profit_abs":0.0,"wins":0,"draws":0,"losses":0,"trades":0,"profit_factor":0.0},{"date":"13/06/2025","date_ts":1749772800000,"profit_abs":0.0,"wins":0,"draws":0,"losses":0,"trades":0,"profit_factor":0.0},{"date":"14/06/2025","date_ts":1749859200000,"profit_abs":0.0,"wins":0,"draws":0,"losses":0,"trades":0,"profit_factor":0.0},{"date":"15/06/2025","date_ts":1749945600000,"profit_abs":0.0,"wins":0,"draws":0,"losses":0,"trades":0,"profit_factor":0.0},{"date":"16/06/2025","date_ts":1750032000000,"profit_abs":0.0,"wins":0,"draws":0,"losses":0,"trades":0,"profit_factor":0.0},{"date":"17/06/2025","date_ts":1750118400000,"profit_abs":0.0,"wins":0,"draws":0,"losses":0,"trades":0,"profit_factor":0.0},{"date":"18/06/2025","date_ts":1750204800000,"profit_abs":0.0,"wins":0,"draws":0,"losses":0,"trades":0,"profit_factor":0.0},{"date":"19/06/2025","date_ts":1750291200000,"profit_abs":0.0,"wins":0,"draws":0,"losses":0,"trades":0,"profit_factor":0.0},{"date":"20/06/2025","date_ts":1750377600000,"profit_abs":0.0,"wins":0,"draws":0,"losses":0,"trades":0,"profit_factor":0.0},{"date":"21/06/2025","date_ts":1750464000000,"profit_abs":0.0,"wins":0,"draws":0,"losses":0,"trades":0,"profit_factor":0.0},{"date":"22/06/2025","date_ts":1750550400000,"profit_abs":0.0,"wins":0,"draws":0,"losses":0,"trades":0,"profit_factor":0.0},{"date":"23/06/2025","date_ts":1750636800000,"profit_abs":0.0,"wins":0,"draws":0,"losses":0,"trades":0,"profit_factor":0.0},{"date":"24/06/2025","date_ts":1750723200000,"profit_abs":0.0,"wins":0,"draws":0,"losses":0,"trades":0,"profit_factor":0.0},{"date":"25/06/2025","date_ts":1750809600000,"profit_abs":0.0,"wins":0,"draws":0,"losses":0,"trades":0,"profit_factor":0.0},{"date":"26/06/2025","date_ts":1750896000000,"profit_abs":0.0,"wins":0,"draws":0,"losses":0,"trades":0,"profit_factor":0.0},{"date":"27/06/2025","date_ts":1750982400000,"profit_abs":0.0,"wins":0,"draws":0,"losses":0,"trades":0,"profit_factor":0.0},{"date":"28/06/2025","date_ts":1751068800000,"profit_abs":0.0,"wins":0,"draws":0,"losses":0,"trades":0,"profit_factor":0.0},{"date":"29/06/2025","date_ts":1751155200000,"profit_abs":0.0,"wins":0,"draws":0,"losses":0,"trades":0,"profit_factor":0.0},{"date":"30/06/2025","date_ts":1751241600000,"profit_abs":0.0,"wins":0,"draws":0,"losses":0,"trades":0,"profit_factor":0.0},{"date":"01/07/2025","date_ts":1751328000000,"profit_abs":0.0,"wins":0,"draws":0,"losses":0,"trades":0,"profit_factor":0.0},{"date":"02/07/2025","date_ts":1751414400000,"profit_abs":0.0,"wins":0,"draws":0,"losses":0,"trades":0,"profit_factor":0.0},{"date":"03/07/2025","date_ts":1751500800000,"profit_abs":0.0,"wins":0,"draws":0,"losses":0,"trades":0,"profit_factor":0.0},{"date":"04/07/2025","date_ts":1751587200000,"profit_abs":0.0,"wins":0,"draws":0,"losses":0,"trades":0,"profit_factor":0.0},{"date":"05/07/2025","date_ts":1751673600000,"profit_abs":0.0,"wins":0,"draws":0,"losses":0,"trades":0,"profit_factor":0.0},{"date":"06/07/2025","date_ts":1751760000000,"profit_abs":0.0,"wins":0,"draws":0,"losses":0,"trades":0,"profit_factor":0.0},{"date":"07/07/2025","date_ts":1751846400000,"profit_abs":0.0,"wins":0,"draws":0,"losses":0,"trades":0,"profit_factor":0.0},{"date":"08/07/2025","date_ts":1751932800000,"profit_abs":0.0,"wins":0,"draws":0,"losses":0,"trades":0,"profit_factor":0.0},{"date":"09/07/2025","date_ts":1752019200000,"profit_abs":0.0,"wins":0,"draws":0,"losses":0,"trades":0,"profit_factor":0.0},{"date":"10/07/2025","date_ts":1752105600000,"profit_abs":0.0,"wins":0,"draws":0,"losses":0,"trades":0,"profit_factor":0.0},{"date":"11/07/2025","date_ts":1752192000000,"profit_abs":0.0,"wins":0,"draws":0,"losses":0,"trades":0,"profit_factor":0.0},{"date":"12/07/2025","date_ts":1752278400000,"profit_abs":0.0,"wins":0,"draws":0,"losses":0,"trades":0,"profit_factor":0.0},{"date":"13/07/2025","date_ts":1752364800000,"profit_abs":0.0,"wins":0,"draws":0,"losses":0,"trades":0,"profit_factor":0.0},{"date":"14/07/2025","date_ts":1752451200000,"profit_abs":0.0,"wins":0,"draws":0,"losses":0,"trades":0,"profit_factor":0.0},{"date":"15/07/2025","date_ts":1752537600000,"profit_abs":0.0,"wins":0,"draws":0,"losses":0,"trades":0,"profit_factor":0.0},{"date":"16/07/2025","date_ts":1752624000000,"profit_abs":0.0,"wins":0,"draws":0,"losses":0,"trades":0,"profit_factor":0.0},{"date":"17/07/2025","date_ts":1752710400000,"profit_abs":0.0,"wins":0,"draws":0,"losses":0,"trades":0,"profit_factor":0.0},{"date":"18/07/2025","date_ts":1752796800000,"profit_abs":0.0,"wins":0,"draws":0,"losses":0,"trades":0,"profit_factor":0.0},{"date":"19/07/2025","date_ts":1752883200000,"profit_abs":0.0,"wins":0,"draws":0,"losses":0,"trades":0,"profit_factor":0.0},{"date":"20/07/2025","date_ts":1752969600000,"profit_abs":0.0,"wins":0,"draws":0,"losses":0,"trades":0,"profit_factor":0.0},{"date":"21/07/2025","date_ts":1753056000000,"profit_abs":0.0,"wins":0,"draws":0,"losses":0,"trades":0,"profit_factor":0.0},{"date":"22/07/2025","date_ts":1753142400000,"profit_abs":0.0,"wins":0,"draws":0,"losses":0,"trades":0,"profit_factor":0.0},{"date":"23/07/2025","date_ts":1753228800000,"profit_abs":0.0,"wins":0,"draws":0,"losses":0,"trades":0,"profit_factor":0.0},{"date":"24/07/2025","date_ts":1753315200000,"profit_abs":0.0,"wins":0,"draws":0,"losses":0,"trades":0,"profit_factor":0.0},{"date":"25/07/2025","date_ts":1753401600000,"profit_abs":0.0,"wins":0,"draws":0,"losses":0,"trades":0,"profit_factor":0.0},{"date":"26/07/2025","date_ts":1753488000000,"profit_abs":0.0,"wins":0,"draws":0,"losses":0,"trades":0,"profit_factor":0.0},{"date":"27/07/2025","date_ts":1753574400000,"profit_abs":0.0,"wins":0,"draws":0,"losses":0,"trades":0,"profit_factor":0.0},{"date":"28/07/2025","date_ts":1753660800000,"profit_abs":0.0,"wins":0,"draws":0,"losses":0,"trades":0,"profit_factor":0.0},{"date":"29/07/2025","date_ts":1753747200000,"profit_abs":0.0,"wins":0,"draws":0,"losses":0,"trades":0,"profit_factor":0.0},{"date":"30/07/2025","date_ts":1753833600000,"profit_abs":0.0,"wins":0,"draws":0,"losses":0,"trades":0,"profit_factor":0.0},{"date":"31/07/2025","date_ts":1753920000000,"profit_abs":0.0,"wins":0,"draws":0,"losses":0,"trades":0,"profit_factor":0.0},{"date":"01/08/2025","date_ts":1754006400000,"profit_abs":0.0,"wins":0,"draws":0,"losses":0,"trades":0,"profit_factor":0.0},{"date":"02/08/2025","date_ts":1754092800000,"profit_abs":0.0,"wins":0,"draws":0,"losses":0,"trades":0,"profit_factor":0.0},{"date":"03/08/2025","date_ts":1754179200000,"profit_abs":1.01333483,"wins":1,"draws":0,"losses":0,"trades":1,"profit_factor":0.0},{"date":"04/08/2025","date_ts":1754265600000,"profit_abs":0.0,"wins":0,"draws":0,"losses":0,"trades":0,"profit_factor":0.0},{"date":"05/08/2025","date_ts":1754352000000,"profit_abs":0.0,"wins":0,"draws":0,"losses":0,"trades":0,"profit_factor":0.0},{"date":"06/08/2025","date_ts":1754438400000,"profit_abs":0.0,"wins":0,"draws":0,"losses":0,"trades":0,"profit_factor":0.0},{"date":"07/08/2025","date_ts":1754524800000,"profit_abs":0.0,"wins":0,"draws":0,"losses":0,"trades":0,"profit_factor":0.0},{"date":"08/08/2025","date_ts":1754611200000,"profit_abs":0.0,"wins":0,"draws":0,"losses":0,"trades":0,"profit_factor":0.0},{"date":"09/08/2025","date_ts":1754697600000,"profit_abs":0.0,"wins":0,"draws":0,"losses":0,"trades":0,"profit_factor":0.0},{"date":"10/08/2025","date_ts":1754784000000,"profit_abs":0.0,"wins":0,"draws":0,"losses":0,"trades":0,"profit_factor":0.0},{"date":"11/08/2025","date_ts":1754870400000,"profit_abs":0.0,"wins":0,"draws":0,"losses":0,"trades":0,"profit_factor":0.0},{"date":"12/08/2025","date_ts":1754956800000,"profit_abs":0.0,"wins":0,"draws":0,"losses":0,"trades":0,"profit_factor":0.0},{"date":"13/08/2025","date_ts":1755043200000,"profit_abs":0.0,"wins":0,"draws":0,"losses":0,"trades":0,"profit_factor":0.0},{"date":"14/08/2025","date_ts":1755129600000,"profit_abs":0.0,"wins":0,"draws":0,"losses":0,"trades":0,"profit_factor":0.0},{"date":"15/08/2025","date_ts":1755216000000,"profit_abs":0.0,"wins":0,"draws":0,"losses":0,"trades":0,"profit_factor":0.0},{"date":"16/08/2025","date_ts":1755302400000,"profit_abs":0.0,"wins":0,"draws":0,"losses":0,"trades":0,"profit_factor":0.0},{"date":"17/08/2025","date_ts":1755388800000,"profit_abs":0.0,"wins":0,"draws":0,"losses":0,"trades":0,"profit_factor":0.0},{"date":"18/08/2025","date_ts":1755475200000,"profit_abs":0.0,"wins":0,"draws":0,"losses":0,"trades":0,"profit_factor":0.0},{"date":"19/08/2025","date_ts":1755561600000,"profit_abs":0.0,"wins":0,"draws":0,"losses":0,"trades":0,"profit_factor":0.0},{"date":"20/08/2025","date_ts":1755648000000,"profit_abs":0.0,"wins":0,"draws":0,"losses":0,"trades":0,"profit_factor":0.0},{"date":"21/08/2025","date_ts":1755734400000,"profit_abs":0.0,"wins":0,"draws":0,"losses":0,"trades":0,"profit_factor":0.0},{"date":"22/08/2025","date_ts":1755820800000,"profit_abs":0.0,"wins":0,"draws":0,"losses":0,"trades":0,"profit_factor":0.0},{"date":"23/08/2025","date_ts":1755907200000,"profit_abs":0.0,"wins":0,"draws":0,"losses":0,"trades":0,"profit_factor":0.0},{"date":"24/08/2025","date_ts":1755993600000,"profit_abs":0.0,"wins":0,"draws":0,"losses":0,"trades":0,"profit_factor":0.0},{"date":"25/08/2025","date_ts":1756080000000,"profit_abs":0.0,"wins":0,"draws":0,"losses":0,"trades":0,"profit_factor":0.0},{"date":"26/08/2025","date_ts":1756166400000,"profit_abs":0.0,"wins":0,"draws":0,"losses":0,"trades":0,"profit_factor":0.0},{"date":"27/08/2025","date_ts":1756252800000,"profit_abs":0.0,"wins":0,"draws":0,"losses":0,"trades":0,"profit_factor":0.0},{"date":"28/08/2025","date_ts":1756339200000,"profit_abs":0.0,"wins":0,"draws":0,"losses":0,"trades":0,"profit_factor":0.0},{"date":"29/08/2025","date_ts":1756425600000,"profit_abs":0.0,"wins":0,"draws":0,"losses":0,"trades":0,"profit_factor":0.0},{"date":"30/08/2025","date_ts":1756512000000,"profit_abs":0.0,"wins":0,"draws":0,"losses":0,"trades":0,"profit_factor":0.0},{"date":"31/08/2025","date_ts":1756598400000,"profit_abs":0.0,"wins":0,"draws":0,"losses":0,"trades":0,"profit_factor":0.0},{"date":"01/09/2025","date_ts":1756684800000,"profit_abs":0.0,"wins":0,"draws":0,"losses":0,"trades":0,"profit_factor":0.0},{"date":"02/09/2025","date_ts":1756771200000,"profit_abs":0.0,"wins":0,"draws":0,"losses":0,"trades":0,"profit_factor":0.0},{"date":"03/09/2025","date_ts":1756857600000,"profit_abs":0.0,"wins":0,"draws":0,"losses":0,"trades":0,"profit_factor":0.0},{"date":"04/09/2025","date_ts":1756944000000,"profit_abs":0.0,"wins":0,"draws":0,"losses":0,"trades":0,"profit_factor":0.0},{"date":"05/09/2025","date_ts":1757030400000,"profit_abs":0.0,"wins":0,"draws":0,"losses":0,"trades":0,"profit_factor":0.0},{"date":"06/09/2025","date_ts":1757116800000,"profit_abs":0.0,"wins":0,"draws":0,"losses":0,"trades":0,"profit_factor":0.0},{"date":"07/09/2025","date_ts":1757203200000,"profit_abs":0.0,"wins":0,"draws":0,"losses":0,"trades":0,"profit_factor":0.0},{"date":"08/09/2025","date_ts":1757289600000,"profit_abs":0.0,"wins":0,"draws":0,"losses":0,"trades":0,"profit_factor":0.0},{"date":"09/09/2025","date_ts":1757376000000,"profit_abs":0.0,"wins":0,"draws":0,"losses":0,"trades":0,"profit_factor":0.0},{"date":"10/09/2025","date_ts":1757462400000,"profit_abs":0.0,"wins":0,"draws":0,"losses":0,"trades":0,"profit_factor":0.0},{"date":"11/09/2025","date_ts":1757548800000,"profit_abs":0.0,"wins":0,"draws":0,"losses":0,"trades":0,"profit_factor":0.0},{"date":"12/09/2025","date_ts":1757635200000,"profit_abs":0.0,"wins":0,"draws":0,"losses":0,"trades":0,"profit_factor":0.0},{"date":"13/09/2025","date_ts":1757721600000,"profit_abs":0.0,"wins":0,"draws":0,"losses":0,"trades":0,"profit_factor":0.0},{"date":"14/09/2025","date_ts":1757808000000,"profit_abs":0.0,"wins":0,"draws":0,"losses":0,"trades":0,"profit_factor":0.0},{"date":"15/09/2025","date_ts":1757894400000,"profit_abs":0.0,"wins":0,"draws":0,"losses":0,"trades":0,"profit_factor":0.0},{"date":"16/09/2025","date_ts":1757980800000,"profit_abs":0.0,"wins":0,"draws":0,"losses":0,"trades":0,"profit_factor":0.0},{"date":"17/09/2025","date_ts":1758067200000,"profit_abs":0.0,"wins":0,"draws":0,"losses":0,"trades":0,"profit_factor":0.0},{"date":"18/09/2025","date_ts":1758153600000,"profit_abs":0.0,"wins":0,"draws":0,"losses":0,"trades":0,"profit_factor":0.0},{"date":"19/09/2025","date_ts":1758240000000,"profit_abs":0.0,"wins":0,"draws":0,"losses":0,"trades":0,"profit_factor":0.0},{"date":"20/09/2025","date_ts":1758326400000,"profit_abs":0.0,"wins":0,"draws":0,"losses":0,"trades":0,"profit_factor":0.0},{"date":"21/09/2025","date_ts":1758412800000,"profit_abs":0.0,"wins":0,"draws":0,"losses":0,"trades":0,"profit_factor":0.0},{"date":"22/09/2025","date_ts":1758499200000,"profit_abs":0.0,"wins":0,"draws":0,"losses":0,"trades":0,"profit_factor":0.0},{"date":"23/09/2025","date_ts":1758585600000,"profit_abs":0.0,"wins":0,"draws":0,"losses":0,"trades":0,"profit_factor":0.0},{"date":"24/09/2025","date_ts":1758672000000,"profit_abs":0.0,"wins":0,"draws":0,"losses":0,"trades":0,"profit_factor":0.0},{"date":"25/09/2025","date_ts":1758758400000,"profit_abs":0.0,"wins":0,"draws":0,"losses":0,"trades":0,"profit_factor":0.0},{"date":"26/09/2025","date_ts":1758844800000,"profit_abs":0.0,"wins":0,"draws":0,"losses":0,"trades":0,"profit_factor":0.0},{"date":"27/09/2025","date_ts":1758931200000,"profit_abs":0.0,"wins":0,"draws":0,"losses":0,"trades":0,"profit_factor":0.0},{"date":"28/09/2025","date_ts":1759017600000,"profit_abs":1.92409161,"wins":2,"draws":0,"losses":0,"trades":2,"profit_factor":0.0},{"date":"29/09/2025","date_ts":1759104000000,"profit_abs":0.0,"wins":0,"draws":0,"losses":0,"trades":0,"profit_factor":0.0},{"date":"30/09/2025","date_ts":1759190400000,"profit_abs":0.0,"wins":0,"draws":0,"losses":0,"trades":0,"profit_factor":0.0},{"date":"01/10/2025","date_ts":1759276800000,"profit_abs":0.0,"wins":0,"draws":0,"losses":0,"trades":0,"profit_factor":0.0},{"date":"02/10/2025","date_ts":1759363200000,"profit_abs":0.0,"wins":0,"draws":0,"losses":0,"trades":0,"profit_factor":0.0},{"date":"03/10/2025","date_ts":1759449600000,"profit_abs":0.0,"wins":0,"draws":0,"losses":0,"trades":0,"profit_factor":0.0},{"date":"04/10/2025","date_ts":1759536000000,"profit_abs":0.0,"wins":0,"draws":0,"losses":0,"trades":0,"profit_factor":0.0},{"date":"05/10/2025","date_ts":1759622400000,"profit_abs":0.0,"wins":0,"draws":0,"losses":0,"trades":0,"profit_factor":0.0},{"date":"06/10/2025","date_ts":1759708800000,"profit_abs":0.0,"wins":0,"draws":0,"losses":0,"trades":0,"profit_factor":0.0},{"date":"07/10/2025","date_ts":1759795200000,"profit_abs":0.0,"wins":0,"draws":0,"losses":0,"trades":0,"profit_factor":0.0},{"date":"08/10/2025","date_ts":1759881600000,"profit_abs":0.0,"wins":0,"draws":0,"losses":0,"trades":0,"profit_factor":0.0},{"date":"09/10/2025","date_ts":1759968000000,"profit_abs":0.0,"wins":0,"draws":0,"losses":0,"trades":0,"profit_factor":0.0},{"date":"10/10/2025","date_ts":1760054400000,"profit_abs":0.0,"wins":0,"draws":0,"losses":0,"trades":0,"profit_factor":0.0},{"date":"11/10/2025","date_ts":1760140800000,"profit_abs":0.0,"wins":0,"draws":0,"losses":0,"trades":0,"profit_factor":0.0},{"date":"12/10/2025","date_ts":1760227200000,"profit_abs":8.00621276,"wins":2,"draws":0,"losses":0,"trades":2,"profit_factor":0.0}],"week":[{"date":"07/04/2025","date_ts":1743984000000,"profit_abs":0.99298349,"wins":1,"draws":0,"losses":0,"trades":1,"profit_factor":0.0},{"date":"14/04/2025","date_ts":1744588800000,"profit_abs":-9.95156862,"wins":0,"draws":0,"losses":1,"trades":1,"profit_factor":0.0},{"date":"21/04/2025","date_ts":1745193600000,"profit_abs":0.0,"wins":0,"draws":0,"losses":0,"trades":0,"profit_factor":0.0},{"date":"28/04/2025","date_ts":1745798400000,"profit_abs":0.0,"wins":0,"draws":0,"losses":0,"trades":0,"profit_factor":0.0},{"date":"05/05/2025","date_ts":1746403200000,"profit_abs":0.0,"wins":0,"draws":0,"losses":0,"trades":0,"profit_factor":0.0},{"date":"12/05/2025","date_ts":1747008000000,"profit_abs":0.0,"wins":0,"draws":0,"losses":0,"trades":0,"profit_factor":0.0},{"date":"19/05/2025","date_ts":1747612800000,"profit_abs":0.0,"wins":0,"draws":0,"losses":0,"trades":0,"profit_factor":0.0},{"date":"26/05/2025","date_ts":1748217600000,"profit_abs":0.0,"wins":0,"draws":0,"losses":0,"trades":0,"profit_factor":0.0},{"date":"02/06/2025","date_ts":1748822400000,"profit_abs":0.0,"wins":0,"draws":0,"losses":0,"trades":0,"profit_factor":0.0},{"date":"09/06/2025","date_ts":1749427200000,"profit_abs":0.98012573,"wins":1,"draws":0,"losses":0,"trades":1,"profit_factor":0.0},{"date":"16/06/2025","date_ts":1750032000000,"profit_abs":0.0,"wins":0,"draws":0,"losses":0,"trades":0,"profit_factor":0.0},{"date":"23/06/2025","date_ts":1750636800000,"profit_abs":0.0,"wins":0,"draws":0,"losses":0,"trades":0,"profit_factor":0.0},{"date":"30/06/2025","date_ts":1751241600000,"profit_abs":0.0,"wins":0,"draws":0,"losses":0,"trades":0,"profit_factor":0.0},{"date":"07/07/2025","date_ts":1751846400000,"profit_abs":0.0,"wins":0,"draws":0,"losses":0,"trades":0,"profit_factor":0.0},{"date":"14/07/2025","date_ts":1752451200000,"profit_abs":0.0,"wins":0,"draws":0,"losses":0,"trades":0,"profit_factor":0.0},{"date":"21/07/2025","date_ts":1753056000000,"profit_abs":0.0,"wins":0,"draws":0,"losses":0,"trades":0,"profit_factor":0.0},{"date":"28/07/2025","date_ts":1753660800000,"profit_abs":0.0,"wins":0,"draws":0,"losses":0,"trades":0,"profit_factor":0.0},{"date":"04/08/2025","date_ts":1754265600000,"profit_abs":1.01333483,"wins":1,"draws":0,"losses":0,"trades":1,"profit_factor":0.0},{"date":"11/08/2025","date_ts":1754870400000,"profit_abs":0.0,"wins":0,"draws":0,"losses":0,"trades":0,"profit_factor":0.0},{"date":"18/08/2025","date_ts":1755475200000,"profit_abs":0.0,"wins":0,"draws":0,"losses":0,"trades":0,"profit_factor":0.0},{"date":"25/08/2025","date_ts":1756080000000,"profit_abs":0.0,"wins":0,"draws":0,"losses":0,"trades":0,"profit_factor":0.0},{"date":"01/09/2025","date_ts":1756684800000,"profit_abs":0.0,"wins":0,"draws":0,"losses":0,"trades":0,"profit_factor":0.0},{"date":"08/09/2025","date_ts":1757289600000,"profit_abs":0.0,"wins":0,"draws":0,"losses":0,"trades":0,"profit_factor":0.0},{"date":"15/09/2025","date_ts":1757894400000,"profit_abs":0.0,"wins":0,"draws":0,"losses":0,"trades":0,"profit_factor":0.0},{"date":"22/09/2025","date_ts":1758499200000,"profit_abs":0.0,"wins":0,"draws":0,"losses":0,"trades":0,"profit_factor":0.0},{"date":"29/09/2025","date_ts":1759104000000,"profit_abs":1.92409161,"wins":2,"draws":0,"losses":0,"trades":2,"profit_factor":0.0},{"date":"06/10/2025","date_ts":1759708800000,"profit_abs":0.0,"wins":0,"draws":0,"losses":0,"trades":0,"profit_factor":0.0},{"date":"13/10/2025","date_ts":1760313600000,"profit_abs":8.00621276,"wins":2,"draws":0,"losses":0,"trades":2,"profit_factor":0.0}],"month":[{"date":"30/04/2025","date_ts":1745971200000,"profit_abs":-8.95858513,"wins":1,"draws":0,"losses":1,"trades":2,"profit_factor":0.09978161},{"date":"31/05/2025","date_ts":1748649600000,"profit_abs":0.0,"wins":0,"draws":0,"losses":0,"trades":0,"profit_factor":0.0},{"date":"30/06/2025","date_ts":1751241600000,"profit_abs":0.98012573,"wins":1,"draws":0,"losses":0,"trades":1,"profit_factor":0.0},{"date":"31/07/2025","date_ts":1753920000000,"profit_abs":0.0,"wins":0,"draws":0,"losses":0,"trades":0,"profit_factor":0.0},{"date":"31/08/2025","date_ts":1756598400000,"profit_abs":1.01333483,"wins":1,"draws":0,"losses":0,"trades":1,"profit_factor":0.0},{"date":"30/09/2025","date_ts":1759190400000,"profit_abs":1.92409161,"wins":2,"draws":0,"losses":0,"trades":2,"profit_factor":0.0},{"date":"31/10/2025","date_ts":1761868800000,"profit_abs":8.00621276,"wins":2,"draws":0,"losses":0,"trades":2,"profit_factor":0.0}],"year":[{"date":"31/12/2025","date_ts":1767139200000,"profit_abs":2.9651798,"wins":7,"draws":0,"losses":1,"trades":8,"profit_factor":1.29796105}],"weekday":[{"date":"Tuesday","date_ts":1,"profit_abs":1.97310922,"wins":2,"draws":0,"losses":0,"trades":2,"profit_factor":0.0},{"date":"Thursday","date_ts":3,"profit_abs":-9.95156862,"wins":0,"draws":0,"losses":1,"trades":1,"profit_factor":0.0},{"date":"Sunday","date_ts":6,"profit_abs":10.9436392,"wins":5,"draws":0,"losses":0,"trades":5,"profit_factor":0.0}]},"backtest_best_day":0.08052344555868224,"backtest_worst_day":-0.10102856199171416,"backtest_best_day_abs":8.00621276,"backtest_worst_day_abs":-9.95156862,"winning_days":5,"draw_days":189,"losing_days":1,"daily_profit":[["2025-04-01",0.99298349],["2025-04-02",0.0],["2025-04-03",0.0],["2025-04-04",0.0],["2025-04-05",0.0],["2025-04-06",0.0],["2025-04-07",0.0],["2025-04-08",0.0],["2025-04-09",0.0],["2025-04-10",-9.95156862],["2025-04-11",0.0],["2025-04-12",0.0],["2025-04-13",0.0],["2025-04-14",0.0],["2025-04-15",0.0],["2025-04-16",0.0],["2025-04-17",0.0],["2025-04-18",0.0],["2025-04-19",0.0],["2025-04-20",0.0],["2025-04-21",0.0],["2025-04-22",0.0],["2025-04-23",0.0],["2025-04-24",0.0],["2025-04-25",0.0],["2025-04-26",0.0],["2025-04-27",0.0],["2025-04-28",0.0],["2025-04-29",0.0],["2025-04-30",0.0],["2025-05-01",0.0],["2025-05-02",0.0],["2025-05-03",0.0],["2025-05-04",0.0],["2025-05-05",0.0],["2025-05-06",0.0],["2025-05-07",0.0],["2025-05-08",0.0],["2025-05-09",0.0],["2025-05-10",0.0],["2025-05-11",0.0],["2025-05-12",0.0],["2025-05-13",0.0],["2025-05-14",0.0],["2025-05-15",0.0],["2025-05-16",0.0],["2025-05-17",0.0],["2025-05-18",0.0],["2025-05-19",0.0],["2025-05-20",0.0],["2025-05-21",0.0],["2025-05-22",0.0],["2025-05-23",0.0],["2025-05-24",0.0],["2025-05-25",0.0],["2025-05-26",0.0],["2025-05-27",0.0],["2025-05-28",0.0],["2025-05-29",0.0],["2025-05-30",0.0],["2025-05-31",0.0],["2025-06-01",0.0],["2025-06-02",0.0],["2025-06-03",0.98012573],["2025-06-04",0.0],["2025-06-05",0.0],["2025-06-06",0.0],["2025-06-07",0.0],["2025-06-08",0.0],["2025-06-09",0.0],["2025-06-10",0.0],["2025-06-11",0.0],["2025-06-12",0.0],["2025-06-13",0.0],["2025-06-14",0.0],["2025-06-15",0.0],["2025-06-16",0.0],["2025-06-17",0.0],["2025-06-18",0.0],["2025-06-19",0.0],["2025-06-20",0.0],["2025-06-21",0.0],["2025-06-22",0.0],["2025-06-23",0.0],["2025-06-24",0.0],["2025-06-25",0.0],["2025-06-26",0.0],["2025-06-27",0.0],["2025-06-28",0.0],["2025-06-29",0.0],["2025-06-30",0.0],["2025-07-01",0.0],["2025-07-02",0.0],["2025-07-03",0.0],["2025-07-04",0.0],["2025-07-05",0.0],["2025-07-06",0.0],["2025-07-07",0.0],["2025-07-08",0.0],["2025-07-09",0.0],["2025-07-10",0.0],["2025-07-11",0.0],["2025-07-12",0.0],["2025-07-13",0.0],["2025-07-14",0.0],["2025-07-15",0.0],["2025-07-16",0.0],["2025-07-17",0.0],["2025-07-18",0.0],["2025-07-19",0.0],["2025-07-20",0.0],["2025-07-21",0.0],["2025-07-22",0.0],["2025-07-23",0.0],["2025-07-24",0.0],["2025-07-25",0.0],["2025-07-26",0.0],["2025-07-27",0.0],["2025-07-28",0.0],["2025-07-29",0.0],["2025-07-30",0.0],["2025-07-31",0.0],["2025-08-01",0.0],["2025-08-02",0.0],["2025-08-03",1.01333483],["2025-08-04",0.0],["2025-08-05",0.0],["2025-08-06",0.0],["2025-08-07",0.0],["2025-08-08",0.0],["2025-08-09",0.0],["2025-08-10",0.0],["2025-08-11",0.0],["2025-08-12",0.0],["2025-08-13",0.0],["2025-08-14",0.0],["2025-08-15",0.0],["2025-08-16",0.0],["2025-08-17",0.0],["2025-08-18",0.0],["2025-08-19",0.0],["2025-08-20",0.0],["2025-08-21",0.0],["2025-08-22",0.0],["2025-08-23",0.0],["2025-08-24",0.0],["2025-08-25",0.0],["2025-08-26",0.0],["2025-08-27",0.0],["2025-08-28",0.0],["2025-08-29",0.0],["2025-08-30",0.0],["2025-08-31",0.0],["2025-09-01",0.0],["2025-09-02",0.0],["2025-09-03",0.0],["2025-09-04",0.0],["2025-09-05",0.0],["2025-09-06",0.0],["2025-09-07",0.0],["2025-09-08",0.0],["2025-09-09",0.0],["2025-09-10",0.0],["2025-09-11",0.0],["2025-09-12",0.0],["2025-09-13",0.0],["2025-09-14",0.0],["2025-09-15",0.0],["2025-09-16",0.0],["2025-09-17",0.0],["2025-09-18",0.0],["2025-09-19",0.0],["2025-09-20",0.0],["2025-09-21",0.0],["2025-09-22",0.0],["2025-09-23",0.0],["2025-09-24",0.0],["2025-09-25",0.0],["2025-09-26",0.0],["2025-09-27",0.0],["2025-09-28",1.92409161],["2025-09-29",0.0],["2025-09-30",0.0],["2025-10-01",0.0],["2025-10-02",0.0],["2025-10-03",0.0],["2025-10-04",0.0],["2025-10-05",0.0],["2025-10-06",0.0],["2025-10-07",0.0],["2025-10-08",0.0],["2025-10-09",0.0],["2025-10-10",0.0],["2025-10-11",0.0],["2025-10-12",8.00621276]],"wins":7,"losses":1,"draws":0,"winrate":0.875,"holding_avg":"16:00:00","holding_avg_s":57600.0,"winner_holding_min":"0d 00:00","winner_holding_min_s":0.0,"winner_holding_max":"1d 16:00","winner_holding_max_s":144000.0,"winner_holding_avg":"0d 17:09","winner_holding_avg_s":61740.0,"loser_holding_min":"0d 08:00","loser_holding_min_s":28800.0,"loser_holding_max":"0d 08:00","loser_holding_max_s":28800.0,"loser_holding_avg":"0d 08:00","loser_holding_avg_s":28800.0,"max_consecutive_wins":6,"max_consecutive_losses":1,"max_drawdown_account":0.009941696679334821,"max_relative_drawdown":0.009941696679334821,"max_drawdown_abs":9.95156862,"drawdown_start":"2025-04-01 00:00:00","drawdown_start_ts":1743465600000.0,"drawdown_end":"2025-04-10 08:00:00","drawdown_end_ts":1744272000000.0,"drawdown_duration":"9 days 08:00:00","drawdown_duration_s":806400.0,"max_drawdown_low":-8.95858513,"max_drawdown_high":0.99298349,"csum_min":991.04141487,"csum_max":1002.9651798}},"strategy_comparison":[{"key":"SampleStrategy","trades":8,"profit_mean":0.0036476291593442994,"profit_mean_pct":0.36,"profit_total_abs":2.9651798000000005,"profit_total":0.0029651798000000004,"profit_total_pct":0.3,"duration_avg":"16:00:00","wins":7,"draws":0,"losses":1,"winrate":0.875,"cagr":0.00479326171536143,"expectancy":0.37064747500000017,"expectancy_ratio":0.037245130808332805,"sortino":-100,"sharpe":0.06106188103666468,"calmar":2.521323184006947,"sqn":0.2389,"profit_factor":1.2979610464666627,"max_drawdown_account":0.009941696679334821,"max_drawdown_abs":"9.952"}]}