{"strategy":{"AggressiveScalpStrategy":{"trades":[{"pair":"SOL/USDT:USDT","stake_amount":99.768,"max_stake_amount":99.768,"amount":0.48,"open_date":"2025-01-02 11:30:00+00:00","close_date":"2025-01-02 11:55:00+00:00","open_rate":207.85,"close_rate":208.43,"fee_open":0.0005,"fee_close":0.0005,"trade_duration":25,"profit_ratio":0.001788184570211887,"profit_abs":0.1784928,"exit_reason":"exit_signal","initial_stop_loss_abs":204.1087,"initial_stop_loss_ratio":-0.018,"stop_loss_abs":204.1087,"stop_loss_ratio":-0.018,"min_rate":207.79,"max_rate":208.78,"is_open":false,"enter_tag":"","leverage":1.0,"is_short":false,"open_timestamp":1735817400000,"close_timestamp":1735818900000,"orders":[{"amount":0.48,"safe_price":207.85,"ft_order_side":"buy","order_filled_timestamp":1735817400000,"ft_is_entry":true,"ft_order_tag":"","cost":99.81788399999999},{"amount":0.48,"safe_price":208.43,"ft_order_side":"sell","order_filled_timestamp":1735818900000,"ft_is_entry":false,"ft_order_tag":"exit_signal","cost":100.0964232}],"funding_fees":0.0,"weekday":3},{"pair":"BTC/USDT:USDT","stake_amount":95.8041,"max_stake_amount":95.8041,"amount":0.001,"open_date":"2025-01-08 15:05:00+00:00","close_date":"2025-01-08 15:15:00+00:00","open_rate":95804.1,"close_rate":95128.7,"fee_open":0.0005,"fee_close":0.0005,"trade_duration":10,"profit_ratio":-0.008042256640585213,"profit_abs":-0.7708664,"exit_reason":"exit_signal","initial_stop_loss_abs":94079.6262,"initial_stop_loss_ratio":-0.018,"stop_loss_abs":94079.6262,"stop_loss_ratio":-0.018,"min_rate":94888.0,"max_rate":96064.5,"is_open":false,"enter_tag":"","leverage":1.0,"is_short":false,"open_timestamp":1736348700000,"close_timestamp":1736349300000,"orders":[{"amount":0.001,"safe_price":95804.1,"ft_order_side":"buy","order_filled_timestamp":1736348700000,"ft_is_entry":true,"ft_order_tag":"","cost":95.85200205},{"amount":0.001,"safe_price":95128.7,"ft_order_side":"sell","order_filled_timestamp":1736349300000,"ft_is_entry":false,"ft_order_tag":"exit_signal","cost":95.17626435}],"funding_fees":0.0,"weekday":2},{"pair":"SOL/USDT:USDT","stake_amount":99.446,"max_stake_amount":99.446,"amount":0.38,"open_date":"2025-01-22 19:35:00+00:00","close_date":"2025-01-22 19:50:00+00:00","open_rate":261.7,"close_rate":264.17952,"fee_open":0.0005,"fee_close":0.0005,"trade_duration":15,"profit_ratio":0.008465695455069963,"profit_abs":0.84230049,"exit_reason":"trailing_stop_loss","initial_stop_loss_abs":256.9894,"initial_stop_loss_ratio":-0.018,"stop_loss_abs":264.17952,"stop_loss_ratio":-0.008,"min_rate":260.3,"max_rate":266.31,"is_open":false,"enter_tag":"","leverage":1.0,"is_short":false,"open_timestamp":1737574500000,"close_timestamp":1737575400000,"orders":[{"amount":0.38,"safe_price":261.7,"ft_order_side":"buy","order_filled_timestamp":1737574500000,"ft_is_entry":true,"ft_order_tag":"","cost":99.495723},{"amount":0.38,"safe_price":264.17952,"ft_order_side":"sell","order_filled_timestamp":1737575400000,"ft_is_entry":false,"ft_order_tag":"trailing_stop_loss","cost":100.4384117088}],"funding_fees":0.0,"weekday":2},{"pair":"BTC/USDT:USDT","stake_amount":100.0062,"max_stake_amount":100.0062,"amount":0.001,"open_date":"2025-02-04 14:35:00+00:00","close_date":"2025-02-04 14:50:00+00:00","open_rate":100006.2,"close_rate":99837.4,"fee_open":0.0005,"fee_close":0.0005,"trade_duration":15,"profit_ratio":-0.0026857085485387563,"profit_abs":-0.2687218,"exit_reason":"exit_signal","initial_stop_loss_abs":98206.0884,"initial_stop_loss_ratio":-0.018,"stop_loss_abs":98206.0884,"stop_loss_ratio":-0.018,"min_rate":99599.5,"max_rate":100369.0,"is_open":false,"enter_tag":"","leverage":1.0,"is_short":false,"open_timestamp":1738679700000,"close_timestamp":1738680600000,"orders":[{"amount":0.001,"safe_price":100006.2,"ft_order_side":"buy","order_filled_timestamp":1738679700000,"ft_is_entry":true,"ft_order_tag":"","cost":100.05620309999999},{"amount":0.001,"safe_price":99837.4,"ft_order_side":"sell","order_filled_timestamp":1738680600000,"ft_is_entry":false,"ft_order_tag":"exit_signal","cost":99.8873187}],"funding_fees":0.0,"weekday":1},{"pair":"SOL/USDT:USDT","stake_amount":98.9457,"max_stake_amount":98.9457,"amount":0.53,"open_date":"2025-02-17 14:15:00+00:00","close_date":"2025-02-17 14:20:00+00:00","open_rate":186.69,"close_rate":186.39,"fee_open":0.0005,"fee_close":0.0005,"trade_duration":5,"profit_ratio":-0.002604836100349311,"profit_abs":-0.2578662,"exit_reason":"exit_signal","initial_stop_loss_abs":183.32958,"initial_stop_loss_ratio":-0.018,"stop_loss_abs":183.32958,"stop_loss_ratio":-0.018,"min_rate":185.29,"max_rate":186.84,"is_open":false,"enter_tag":"","leverage":1.0,"is_short":false,"open_timestamp":1739801700000,"close_timestamp":1739802000000,"orders":[{"amount":0.53,"safe_price":186.69,"ft_order_side":"buy","order_filled_timestamp":1739801700000,"ft_is_entry":true,"ft_order_tag":"","cost":98.99517285},{"amount":0.53,"safe_price":186.39,"ft_order_side":"sell","order_filled_timestamp":1739802000000,"ft_is_entry":false,"ft_order_tag":"exit_signal","cost":98.83609334999998}],"funding_fees":0.0,"weekday":0},{"pair":"SOL/USDT:USDT","stake_amount":99.7848,"max_stake_amount":99.7848,"amount":0.72,"open_date":"2025-02-27 05:10:00+00:00","close_date":"2025-02-27 05:20:00+00:00","open_rate":138.59,"close_rate":138.83,"fee_open":0.0005,"fee_close":0.0005,"trade_duration":10,"profit_ratio":0.0007304955646860891,"profit_abs":0.0729288,"exit_reason":"exit_signal","initial_stop_loss_abs":136.09538,"initial_stop_loss_ratio":-0.018,"stop_loss_abs":136.09538,"stop_loss_ratio":-0.018,"min_rate":138.22,"max_rate":139.33,"is_open":false,"enter_tag":"","leverage":1.0,"is_short":false,"open_timestamp":1740633000000,"close_timestamp":1740633600000,"orders":[{"amount":0.72,"safe_price":138.59,"ft_order_side":"buy","order_filled_timestamp":1740633000000,"ft_is_entry":true,"ft_order_tag":"","cost":99.8346924},{"amount":0.72,"safe_price":138.83,"ft_order_side":"sell","order_filled_timestamp":1740633600000,"ft_is_entry":false,"ft_order_tag":"exit_signal","cost":100.00757879999999}],"funding_fees":0.0,"weekday":3},{"pair":"BTC/USDT:USDT","stake_amount":86.3767,"max_stake_amount":86.3767,"amount":0.001,"open_date":"2025-03-02 15:30:00+00:00","close_date":"2025-03-02 15:35:00+00:00","open_rate":86376.7,"close_rate":87934.848,"fee_open":0.0005,"fee_close":0.0005,"trade_duration":5,"profit_ratio":0.01702145487671184,"profit_abs":1.47099223,"exit_reason":"trailing_stop_loss","initial_stop_loss_abs":84821.9194,"initial_stop_loss_ratio":-0.018,"stop_loss_abs":87934.848,"stop_loss_ratio":-0.008,"min_rate":86287.4,"max_rate":88644.0,"is_open":false,"enter_tag":"","leverage":1.0,"is_short":false,"open_timestamp":1740929400000,"close_timestamp":1740929700000,"orders":[{"amount":0.001,"safe_price":86376.7,"ft_order_side":"buy","order_filled_timestamp":1740929400000,"ft_is_entry":true,"ft_order_tag":"","cost":86.41988835},{"amount":0.001,"safe_price":87934.848,"ft_order_side":"sell","order_filled_timestamp":1740929700000,"ft_is_entry":false,"ft_order_tag":"trailing_stop_loss","cost":87.978815424}],"funding_fees":0.0,"weekday":6},{"pair":"BTC/USDT:USDT","stake_amount":84.5603,"max_stake_amount":84.5603,"amount":0.001,"open_date":"2025-03-04 14:40:00+00:00","close_date":"2025-03-04 14:55:00+00:00","open_rate":84560.3,"close_rate":83790.5,"fee_open":0.0005,"fee_close":0.0005,"trade_duration":15,"profit_ratio":-0.010093964019606796,"profit_abs":-0.8539754,"exit_reason":"exit_signal","initial_stop_loss_abs":83038.2146,"initial_stop_loss_ratio":-0.018,"stop_loss_abs":83038.2146,"stop_loss_ratio":-0.018,"min_rate":83001.9,"max_rate":84852.8,"is_open":false,"enter_tag":"","leverage":1.0,"is_short":false,"open_timestamp":1741099200000,"close_timestamp":1741100100000,"orders":[{"amount":0.001,"safe_price":84560.3,"ft_order_side":"buy","order_filled_timestamp":1741099200000,"ft_is_entry":true,"ft_order_tag":"","cost":84.60258015},{"amount":0.001,"safe_price":83790.5,"ft_order_side":"sell","order_filled_timestamp":1741100100000,"ft_is_entry":false,"ft_order_tag":"exit_signal","cost":83.83239525}],"funding_fees":0.0,"weekday":1},{"pair":"SOL/USDT:USDT","stake_amount":99.6495,"max_stake_amount":99.6495,"amount":0.93,"open_date":"2025-04-09 07:05:00+00:00","close_date":"2025-04-09 07:20:00+00:00","open_rate":107.15,"close_rate":107.06,"fee_open":0.0005,"fee_close":0.0005,"trade_duration":15,"profit_ratio":-0.0018386047293665346,"profit_abs":-0.18330765,"exit_reason":"exit_signal","initial_stop_loss_abs":105.2213,"initial_stop_loss_ratio":-0.018,"stop_loss_abs":105.2213,"stop_loss_ratio":-0.018,"min_rate":106.71,"max_rate":107.55,"is_open":false,"enter_tag":"","leverage":1.0,"is_short":false,"open_timestamp":1744182300000,"close_timestamp":1744183200000,"orders":[{"amount":0.93,"safe_price":107.15,"ft_order_side":"buy","order_filled_timestamp":1744182300000,"ft_is_entry":true,"ft_order_tag":"","cost":99.69932475000002},{"amount":0.93,"safe_price":107.06,"ft_order_side":"sell","order_filled_timestamp":1744183200000,"ft_is_entry":false,"ft_order_tag":"exit_signal","cost":99.6155829}],"funding_fees":0.0,"weekday":2},{"pair":"BTC/USDT:USDT","stake_amount":83.888,"max_stake_amount":83.888,"amount":0.001,"open_date":"2025-04-16 10:20:00+00:00","close_date":"2025-04-16 10:25:00+00:00","open_rate":83888.0,"close_rate":83813.3,"fee_open":0.0005,"fee_close":0.0005,"trade_duration":5,"profit_ratio":-0.0018890832335119868,"profit_abs":-0.15855065,"exit_reason":"exit_signal","initial_stop_loss_abs":82378.016,"initial_stop_loss_ratio":-0.018,"stop_loss_abs":82378.016,"stop_loss_ratio":-0.018,"min_rate":83773.2,"max_rate":83917.1,"is_open":false,"enter_tag":"","leverage":1.0,"is_short":false,"open_timestamp":1744798800000,"close_timestamp":1744799100000,"orders":[{"amount":0.001,"safe_price":83888.0,"ft_order_side":"buy","order_filled_timestamp":1744798800000,"ft_is_entry":true,"ft_order_tag":"","cost":83.929944},{"amount":0.001,"safe_price":83813.3,"ft_order_side":"sell","order_filled_timestamp":1744799100000,"ft_is_entry":false,"ft_order_tag":"exit_signal","cost":83.85520665}],"funding_fees":0.0,"weekday":2},{"pair":"BTC/USDT:USDT","stake_amount":104.3556,"max_stake_amount":104.3556,"amount":0.001,"open_date":"2025-05-11 18:40:00+00:00","close_date":"2025-05-11 19:00:00+00:00","open_rate":104355.6,"close_rate":104490.6,"fee_open":0.0005,"fee_close":0.0005,"trade_duration":20,"profit_ratio":0.00029286036581079305,"profit_abs":0.0305769,"exit_reason":"exit_signal","initial_stop_loss_abs":102477.1992,"initial_stop_loss_ratio":-0.018,"stop_loss_abs":102477.1992,"stop_loss_ratio":-0.018,"min_rate":104306.6,"max_rate":104800.0,"is_open":false,"enter_tag":"","leverage":1.0,"is_short":false,"open_timestamp":1746988800000,"close_timestamp":1746990000000,"orders":[{"amount":0.001,"safe_price":104355.6,"ft_order_side":"buy","order_filled_timestamp":1746988800000,"ft_is_entry":true,"ft_order_tag":"","cost":104.4077778},{"amount":0.001,"safe_price":104490.6,"ft_order_side":"sell","order_filled_timestamp":1746990000000,"ft_is_entry":false,"ft_order_tag":"exit_signal","cost":104.54284530000001}],"funding_fees":0.0,"weekday":6},{"pair":"BTC/USDT:USDT","stake_amount":104.6467,"max_stake_amount":104.6467,"amount":0.001,"open_date":"2025-05-18 22:25:00+00:00","close_date":"2025-05-18 22:40:00+00:00","open_rate":104646.7,"close_rate":104956.9,"fee_open":0.0005,"fee_close":0.0005,"trade_duration":15,"profit_ratio":0.001961796714314814,"profit_abs":0.2053982,"exit_reason":"exit_signal","initial_stop_loss_abs":102763.0594,"initial_stop_loss_ratio":-0.018,"stop_loss_abs":102763.0594,"stop_loss_ratio":-0.018,"min_rate":104646.7,"max_rate":105372.5,"is_open":false,"enter_tag":"","leverage":1.0,"is_short":false,"open_timestamp":1747607100000,"close_timestamp":1747608000000,"orders":[{"amount":0.001,"safe_price":104646.7,"ft_order_side":"buy","order_filled_timestamp":1747607100000,"ft_is_entry":true,"ft_order_tag":"","cost":104.69902334999999},{"amount":0.001,"safe_price":104956.9,"ft_order_side":"sell","order_filled_timestamp":1747608000000,"ft_is_entry":false,"ft_order_tag":"exit_signal","cost":105.00937844999999}],"funding_fees":0.0,"weekday":6},{"pair":"SOL/USDT:USDT","stake_amount":99.684,"max_stake_amount":99.684,"amount":0.6,"open_date":"2025-06-11 12:35:00+00:00","close_date":"2025-06-11 12:40:00+00:00","open_rate":166.14,"close_rate":165.41,"fee_open":0.0005,"fee_close":0.0005,"trade_duration":5,"profit_ratio":-0.005388993236618719,"profit_abs":-0.537465,"exit_reason":"exit_signal","initial_stop_loss_abs":163.14947999999998,"initial_stop_loss_ratio":-0.018,"stop_loss_abs":163.14947999999998,"stop_loss_ratio":-0.018,"min_rate":165.31,"max_rate":167.27,"is_open":false,"enter_tag":"","leverage":1.0,"is_short":false,"open_timestamp":1749645300000,"close_timestamp":1749645600000,"orders":[{"amount":0.6,"safe_price":166.14,"ft_order_side":"buy","order_filled_timestamp":1749645300000,"ft_is_entry":true,"ft_order_tag":"","cost":99.73384199999998},{"amount":0.6,"safe_price":165.41,"ft_order_side":"sell","order_filled_timestamp":1749645600000,"ft_is_entry":false,"ft_order_tag":"exit_signal","cost":99.29562299999999}],"funding_fees":0.0,"weekday":2},{"pair":"BTC/USDT:USDT","stake_amount":105.1906,"max_stake_amount":105.1906,"amount":0.001,"open_date":"2025-06-13 13:40:00+00:00","close_date":"2025-06-13 13:50:00+00:00","open_rate":105190.6,"close_rate":105003.3,"fee_open":0.0005,"fee_close":0.0005,"trade_duration":10,"profit_ratio":-0.00277829791433556,"profit_abs":-0.29239695,"exit_reason":"exit_signal","initial_stop_loss_abs":103297.1692,"initial_stop_loss_ratio":-0.018,"stop_loss_abs":103297.1692,"stop_loss_ratio":-0.018,"min_rate":104684.2,"max_rate":105247.1,"is_open":false,"enter_tag":"","leverage":1.0,"is_short":false,"open_timestamp":1749822000000,"close_timestamp":1749822600000,"orders":[{"amount":0.001,"safe_price":105190.6,"ft_order_side":"buy","order_filled_timestamp":1749822000000,"ft_is_entry":true,"ft_order_tag":"","cost":105.2431953},{"amount":0.001,"safe_price":105003.3,"ft_order_side":"sell","order_filled_timestamp":1749822600000,"ft_is_entry":false,"ft_order_tag":"exit_signal","cost":105.05580165}],"funding_fees":0.0,"weekday":4},{"pair":"SOL/USDT:USDT","stake_amount":99.9189,"max_stake_amount":99.9189,"amount":0.69,"open_date":"2025-06-26 01:30:00+00:00","close_date":"2025-06-26 02:35:00+00:00","open_rate":144.81,"close_rate":145.28,"fee_open":0.0005,"fee_close":0.0005,"trade_duration":65,"profit_ratio":0.0022428879476427796,"profit_abs":0.22421895,"exit_reason":"exit_signal","initial_stop_loss_abs":142.20342,"initial_stop_loss_ratio":-0.018,"stop_loss_abs":142.20342,"stop_loss_ratio":-0.018,"min_rate":144.37,"max_rate":146.25,"is_open":false,"enter_tag":"","leverage":1.0,"is_short":false,"open_timestamp":1750901400000,"close_timestamp":1750905300000,"orders":[{"amount":0.69,"safe_price":144.81,"ft_order_side":"buy","order_filled_timestamp":1750901400000,"ft_is_entry":true,"ft_order_tag":"","cost":99.96885944999998},{"amount":0.69,"safe_price":145.28,"ft_order_side":"sell","order_filled_timestamp":1750905300000,"ft_is_entry":false,"ft_order_tag":"exit_signal","cost":100.29332159999998}],"funding_fees":0.0,"weekday":3},{"pair":"SOL/USDT:USDT","stake_amount":99.1575,"max_stake_amount":99.1575,"amount":0.65,"open_date":"2025-07-04 05:10:00+00:00","close_date":"2025-07-04 05:20:00+00:00","open_rate":152.55,"close_rate":152.57,"fee_open":0.0005,"fee_close":0.0005,"trade_duration":10,"profit_ratio":-0.0008685267330281108,"profit_abs":-0.086164,"exit_reason":"exit_signal","initial_stop_loss_abs":149.8041,"initial_stop_loss_ratio":-0.018,"stop_loss_abs":149.8041,"stop_loss_ratio":-0.018,"min_rate":152.25,"max_rate":152.88,"is_open":false,"enter_tag":"","leverage":1.0,"is_short":false,"open_timestamp":1751605800000,"close_timestamp":1751606400000,"orders":[{"amount":0.65,"safe_price":152.55,"ft_order_side":"buy","order_filled_timestamp":1751605800000,"ft_is_entry":true,"ft_order_tag":"","cost":99.20707875000001},{"amount":0.65,"safe_price":152.57,"ft_order_side":"sell","order_filled_timestamp":1751606400000,"ft_is_entry":false,"ft_order_tag":"exit_signal","cost":99.22008525}],"funding_fees":0.0,"weekday":4},{"pair":"SOL/USDT:USDT","stake_amount":99.003,"max_stake_amount":99.003,"amount":0.61,"open_date":"2025-07-13 11:05:00+00:00","close_date":"2025-07-13 11:20:00+00:00","open_rate":162.3,"close_rate":162.19,"fee_open":0.0005,"fee_close":0.0005,"trade_duration":15,"profit_ratio":-0.0016765800710242537,"profit_abs":-0.16606945,"exit_reason":"exit_signal","initial_stop_loss_abs":159.3786,"initial_stop_loss_ratio":-0.018,"stop_loss_abs":159.3786,"stop_loss_ratio":-0.018,"min_rate":162.08,"max_rate":162.68,"is_open":false,"enter_tag":"","leverage":1.0,"is_short":false,"open_timestamp":1752404700000,"close_timestamp":1752405600000,"orders":[{"amount":0.61,"safe_price":162.3,"ft_order_side":"buy","order_filled_timestamp":1752404700000,"ft_is_entry":true,"ft_order_tag":"","cost":99.05250149999999},{"amount":0.61,"safe_price":162.19,"ft_order_side":"sell","order_filled_timestamp":1752405600000,"ft_is_entry":false,"ft_order_tag":"exit_signal","cost":98.98536794999998}],"funding_fees":0.0,"weekday":6},{"pair":"SOL/USDT:USDT","stake_amount":99.7696,"max_stake_amount":99.7696,"amount":0.56,"open_date":"2025-08-08 21:00:00+00:00","close_date":"2025-08-08 21:10:00+00:00","open_rate":178.16,"close_rate":177.5,"fee_open":0.0005,"fee_close":0.0005,"trade_duration":10,"profit_ratio":-0.004700332815181992,"profit_abs":-0.4691848,"exit_reason":"exit_signal","initial_stop_loss_abs":174.95311999999998,"initial_stop_loss_ratio":-0.018,"stop_loss_abs":174.95311999999998,"stop_loss_ratio":-0.018,"min_rate":177.39,"max_rate":178.56,"is_open":false,"enter_tag":"","leverage":1.0,"is_short":false,"open_timestamp":1754686800000,"close_timestamp":1754687400000,"orders":[{"amount":0.56,"safe_price":178.16,"ft_order_side":"buy","order_filled_timestamp":1754686800000,"ft_is_entry":true,"ft_order_tag":"","cost":99.81948480000001},{"amount":0.56,"safe_price":177.5,"ft_order_side":"sell","order_filled_timestamp":1754687400000,"ft_is_entry":false,"ft_order_tag":"exit_signal","cost":99.4497}],"funding_fees":0.0,"weekday":4},{"pair":"BTC/USDT:USDT","stake_amount":119.7436,"max_stake_amount":119.7436,"amount":0.001,"open_date":"2025-08-11 01:35:00+00:00","close_date":"2025-08-11 01:50:00+00:00","open_rate":119743.6,"close_rate":119621.9,"fee_open":0.0005,"fee_close":0.0005,"trade_duration":15,"profit_ratio":-0.002014822662259442,"profit_abs":-0.24138275,"exit_reason":"exit_signal","initial_stop_loss_abs":117588.2152,"initial_stop_loss_ratio":-0.018,"stop_loss_abs":117588.2152,"stop_loss_ratio":-0.018,"min_rate":119452.5,"max_rate":119800.0,"is_open":false,"enter_tag":"","leverage":1.0,"is_short":false,"open_timestamp":1754876100000,"close_timestamp":1754877000000,"orders":[{"amount":0.001,"safe_price":119743.6,"ft_order_side":"buy","order_filled_timestamp":1754876100000,"ft_is_entry":true,"ft_order_tag":"","cost":119.80347180000001},{"amount":0.001,"safe_price":119621.9,"ft_order_side":"sell","order_filled_timestamp":1754877000000,"ft_is_entry":false,"ft_order_tag":"exit_signal","cost":119.68171095}],"funding_fees":0.0,"weekday":0},{"pair":"SOL/USDT:USDT","stake_amount":98.7504,"max_stake_amount":98.7504,"amount":0.48,"open_date":"2025-08-24 14:20:00+00:00","close_date":"2025-08-24 14:30:00+00:00","open_rate":205.73,"close_rate":205.55,"fee_open":0.0005,"fee_close":0.0005,"trade_duration":10,"profit_ratio":-0.00187355891878588,"profit_abs":-0.1851072,"exit_reason":"exit_signal","initial_stop_loss_abs":202.02686,"initial_stop_loss_ratio":-0.018,"stop_loss_abs":202.02686,"stop_loss_ratio":-0.018,"min_rate":205.26,"max_rate":206.09,"is_open":false,"enter_tag":"","leverage":1.0,"is_short":false,"open_timestamp":1756045200000,"close_timestamp":1756045800000,"orders":[{"amount":0.48,"safe_price":205.73,"ft_order_side":"buy","order_filled_timestamp":1756045200000,"ft_is_entry":true,"ft_order_tag":"","cost":98.79977519999998},{"amount":0.48,"safe_price":205.55,"ft_order_side":"sell","order_filled_timestamp":1756045800000,"ft_is_entry":false,"ft_order_tag":"exit_signal","cost":98.713332}],"funding_fees":0.0,"weekday":6},{"pair":"SOL/USDT:USDT","stake_amount":99.8172,"max_stake_amount":99.8172,"amount":0.42,"open_date":"2025-09-17 18:05:00+00:00","close_date":"2025-09-17 18:10:00+00:00","open_rate":237.66,"close_rate":236.21,"fee_open":0.0005,"fee_close":0.0005,"trade_duration":5,"profit_ratio":-0.007094555053534413,"profit_abs":-0.7085127,"exit_reason":"exit_signal","initial_stop_loss_abs":233.38212,"initial_stop_loss_ratio":-0.018,"stop_loss_abs":233.38212,"stop_loss_ratio":-0.018,"min_rate":234.05,"max_rate":238.38,"is_open":false,"enter_tag":"","leverage":1.0,"is_short":false,"open_timestamp":1758132300000,"close_timestamp":1758132600000,"orders":[{"amount":0.42,"safe_price":237.66,"ft_order_side":"buy","order_filled_timestamp":1758132300000,"ft_is_entry":true,"ft_order_tag":"","cost":99.8671086},{"amount":0.42,"safe_price":236.21,"ft_order_side":"sell","order_filled_timestamp":1758132600000,"ft_is_entry":false,"ft_order_tag":"exit_signal","cost":99.2578041}],"funding_fees":0.0,"weekday":2},{"pair":"SOL/USDT:USDT","stake_amount":98.1036,"max_stake_amount":98.1036,"amount":0.42,"open_date":"2025-10-06 08:35:00+00:00","close_date":"2025-10-06 09:35:00+00:00","open_rate":233.58,"close_rate":233.12,"fee_open":0.0005,"fee_close":0.0005,"trade_duration":60,"profit_ratio":-0.002966878578006998,"profit_abs":-0.291207,"exit_reason":"exit_signal","initial_stop_loss_abs":229.37556,"initial_stop_loss_ratio":-0.018,"stop_loss_abs":229.37556,"stop_loss_ratio":-0.018,"min_rate":232.69,"max_rate":234.05,"is_open":false,"enter_tag":"","leverage":1.0,"is_short":false,"open_timestamp":1759739700000,"close_timestamp":1759743300000,"orders":[{"amount":0.42,"safe_price":233.58,"ft_order_side":"buy","order_filled_timestamp":1759739700000,"ft_is_entry":true,"ft_order_tag":"","cost":98.1526518},{"amount":0.42,"safe_price":233.12,"ft_order_side":"sell","order_filled_timestamp":1759743300000,"ft_is_entry":false,"ft_order_tag":"exit_signal","cost":97.95935519999999}],"funding_fees":0.0,"weekday":0},{"pair":"SOL/USDT:USDT","stake_amount":99.8028,"max_stake_amount":99.8028,"amount":0.54,"open_date":"2025-10-12 14:50:00+00:00","close_date":"2025-10-12 14:55:00+00:00","open_rate":184.82,"close_rate":187.30944,"fee_open":0.0005,"fee_close":0.0005,"trade_duration":5,"profit_ratio":0.012456574860377288,"profit_abs":1.24382265,"exit_reason":"trailing_stop_loss","initial_stop_loss_abs":181.49324,"initial_stop_loss_ratio":-0.018,"stop_loss_abs":187.30944,"stop_loss_ratio":-0.008,"min_rate":183.56,"max_rate":188.82,"is_open":false,"enter_tag":"","leverage":1.0,"is_short":false,"open_timestamp":1760280600000,"close_timestamp":1760280900000,"orders":[{"amount":0.54,"safe_price":184.82,"ft_order_side":"buy","order_filled_timestamp":1760280600000,"ft_is_entry":true,"ft_order_tag":"","cost":99.8527014},{"amount":0.54,"safe_price":187.30944,"ft_order_side":"sell","order_filled_timestamp":1760280900000,"ft_is_entry":false,"ft_order_tag":"trailing_stop_loss","cost":101.1976711488}],"funding_fees":0.0,"weekday":6},{"pair":"BTC/USDT:USDT","stake_amount":115.0784,"max_stake_amount":115.0784,"amount":0.001,"open_date":"2025-10-13 13:35:00+00:00","close_date":"2025-10-13 13:40:00+00:00","open_rate":115078.4,"close_rate":114719.8,"fee_open":0.0005,"fee_close":0.0005,"trade_duration":5,"profit_ratio":-0.004112522148080068,"profit_abs":-0.4734991,"exit_reason":"exit_signal","initial_stop_loss_abs":113006.98879999999,"initial_stop_loss_ratio":-0.018,"stop_loss_abs":113006.98879999999,"stop_loss_ratio":-0.018,"min_rate":114438.6,"max_rate":115096.4,"is_open":false,"enter_tag":"","leverage":1.0,"is_short":false,"open_timestamp":1760362500000,"close_timestamp":1760362800000,"orders":[{"amount":0.001,"safe_price":115078.4,"ft_order_side":"buy","order_filled_timestamp":1760362500000,"ft_is_entry":true,"ft_order_tag":"","cost":115.1359392},{"amount":0.001,"safe_price":114719.8,"ft_order_side":"sell","order_filled_timestamp":1760362800000,"ft_is_entry":false,"ft_order_tag":"exit_signal","cost":114.7771599}],"funding_fees":0.0,"weekday":0},{"pair":"BTC/USDT:USDT","stake_amount":114.9901,"max_stake_amount":114.9901,"amount":0.001,"open_date":"2025-10-13 18:00:00+00:00","close_date":"2025-10-13 18:35:00+00:00","open_rate":114990.1,"close_rate":115031.9,"fee_open":0.0005,"fee_close":0.0005,"trade_duration":35,"profit_ratio":-0.0006363540234646565,"profit_abs":-0.073211,"exit_reason":"exit_signal","initial_stop_loss_abs":112920.2782,"initial_stop_loss_ratio":-0.018,"stop_loss_abs":112920.2782,"stop_loss_ratio":-0.018,"min_rate":114653.2,"max_rate":115332.7,"is_open":false,"enter_tag":"","leverage":1.0,"is_short":false,"open_timestamp":1760378400000,"close_timestamp":1760380500000,"orders":[{"amount":0.001,"safe_price":114990.1,"ft_order_side":"buy","order_filled_timestamp":1760378400000,"ft_is_entry":true,"ft_order_tag":"","cost":115.04759505000001},{"amount":0.001,"safe_price":115031.9,"ft_order_side":"sell","order_filled_timestamp":1760380500000,"ft_is_entry":false,"ft_order_tag":"exit_signal","cost":115.08941594999999}],"funding_fees":0.0,"weekday":0}],"locks":[],"best_pair":{"key":"SOL/USDT:USDT","trades":14,"profit_mean":-0.00023778770270772902,"profit_mean_pct":-0.02,"profit_total_abs":-0.32312030999999997,"profit_total":-0.00032312031,"profit_total_pct":-0.03,"duration_avg":"0:18:00","wins":5,"draws":0,"losses":9,"winrate":0.35714285714285715,"cagr":-0.00040388407262970105,"expectancy":-0.023080022142857176,"expectancy_ratio":-0.07200296416969088,"sortino":-0.10870125102504866,"sharpe":-0.041680885337318806,"calmar":-0.8178071942955939,"sqn":-0.1641,"profit_factor":0.8879953890693698,"max_drawdown_account":0.0025850973999201996,"max_drawdown_abs":2.58773625},"worst_pair":{"key":"BTC/USDT:USDT","trades":11,"profit_mean":-0.0011797179303222754,"profit_mean_pct":-0.12,"profit_total_abs":-1.4256367199999997,"profit_total":-0.0014256367199999998,"profit_total_pct":-0.14,"duration_avg":"0:14:00","wins":3,"draws":0,"losses":8,"winrate":0.2727272727272727,"cagr":-0.001781728217985945,"expectancy":-0.12960333818181816,"expectancy_ratio":-0.3309791754417687,"sortino":-0.3502053908047865,"sharpe":-0.15835958978924627,"calmar":-5.025026262833939,"sqn":-0.6958,"profit_factor":0.544903633767568,"max_drawdown_account":0.0018562399606002465,"max_drawdown_abs":1.85704075},"results_per_pair":[{"key":"SOL/USDT:USDT","trades":14,"profit_mean":-0.00023778770270772902,"profit_mean_pct":-0.02,"profit_total_abs":-0.32312030999999997,"profit_total":-0.00032312031,"profit_total_pct":-0.03,"duration_avg":"0:18:00","wins":5,"draws":0,"losses":9,"winrate":0.35714285714285715,"cagr":-0.00040388407262970105,"expectancy":-0.023080022142857176,"expectancy_ratio":-0.07200296416969088,"sortino":-0.10870125102504866,"sharpe":-0.041680885337318806,"calmar":-0.8178071942955939,"sqn":-0.1641,"profit_factor":0.8879953890693698,"max_drawdown_account":0.0025850973999201996,"max_drawdown_abs":2.58773625},{"key":"BTC/USDT:USDT","trades":11,"profit_mean":-0.0011797179303222754,"profit_mean_pct":-0.12,"profit_total_abs":-1.4256367199999997,"profit_total":-0.0014256367199999998,"profit_total_pct":-0.14,"duration_avg":"0:14:00","wins":3,"draws":0,"losses":8,"winrate":0.2727272727272727,"cagr":-0.001781728217985945,"expectancy":-0.12960333818181816,"expectancy_ratio":-0.3309791754417687,"sortino":-0.3502053908047865,"sharpe":-0.15835958978924627,"calmar":-5.025026262833939,"sqn":-0.6958,"profit_factor":0.544903633767568,"max_drawdown_account":0.0018562399606002465,"max_drawdown_abs":1.85704075},{"key":"TOTAL","trades":25,"profit_mean":-0.000652237002858129,"profit_mean_pct":-0.07,"profit_total_abs":-1.7487570299999995,"profit_total":-0.0017487570299999995,"profit_total_pct":-0.17,"duration_avg":"0:16:00","wins":8,"draws":0,"losses":17,"winrate":0.32,"cagr":-0.0021854682423180227,"expectancy":-0.06995028120000002,"expectancy_ratio":-0.19761647559898343,"sortino":-0.48936421181139844,"sharpe":-0.20906479240964276,"calmar":-3.085339602339388,"sqn":-0.6262,"profit_factor":0.7093875358838478,"max_drawdown_account":0.003708429955351492,"max_drawdown_abs":3.7131295}],"results_per_enter_tag":[{"key":"","trades":25,"profit_mean":-0.000652237002858129,"profit_mean_pct":-0.07,"profit_total_abs":-1.7487570299999995,"profit_total":-0.0017487570299999995,"profit_total_pct":-0.17,"duration_avg":"0:16:00","wins":8,"draws":0,"losses":17,"winrate":0.32,"cagr":-0.0021854682423180227,"expectancy":-0.06995028120000002,"expectancy_ratio":-0.19761647559898343,"sortino":-0.48936421181139844,"sharpe":-0.20906479240964276,"calmar":-3.085339602339388,"sqn":-0.6262,"profit_factor":0.7093875358838478,"max_drawdown_account":0.003708429955351492,"max_drawdown_abs":3.7131295},{"key":"TOTAL","trades":25,"profit_mean":-0.000652237002858129,"profit_mean_pct":-0.07,"profit_total_abs":-1.7487570299999995,"profit_total":-0.0017487570299999995,"profit_total_pct":-0.17,"duration_avg":"0:16:00","wins":8,"draws":0,"losses":17,"winrate":0.32,"cagr":-0.0021854682423180227,"expectancy":-0.06995028120000002,"expectancy_ratio":-0.19761647559898343,"sortino":-0.48936421181139844,"sharpe":-0.20906479240964276,"calmar":-3.085339602339388,"sqn":-0.6262,"profit_factor":0.7093875358838478,"max_drawdown_account":0.003708429955351492,"max_drawdown_abs":3.7131295}],"exit_reason_summary":[{"key":"trailing_stop_loss","trades":3,"profit_mean":0.012647908397386365,"profit_mean_pct":1.26,"profit_total_abs":3.55711537,"profit_total":0.00355711537,"profit_total_pct":0.36,"duration_avg":"0:08:00","wins":3,"draws":0,"losses":0,"winrate":1.0,"cagr":0.004448369499238325,"expectancy":1.1857051233333333,"expectancy_ratio":100.0,"sortino":-100,"sharpe":0.8953702349827698,"calmar":-100,"sqn":6.4511,"profit_factor":0.0,"max_drawdown_account":0.0,"max_drawdown_abs":0.0},{"key":"exit_signal","trades":22,"profit_mean":-0.0024658931938005605,"profit_mean_pct":-0.25,"profit_total_abs":-5.305872399999999,"profit_total":-0.005305872399999999,"profit_total_pct":-0.53,"duration_avg":"0:17:00","wins":5,"draws":0,"losses":17,"winrate":0.22727272727272727,"cagr":-0.006627935857504985,"expectancy":-0.24117601818181816,"expectancy_ratio":-0.6813461489285233,"sortino":-1.4847711948856916,"sharpe":-1.1781066821125734,"calmar":-6.3309885395723535,"sqn":-3.7507,"profit_factor":0.11825792491602874,"max_drawdown_account":0.005483386454998122,"max_drawdown_abs":5.484365200000001},{"key":"TOTAL","trades":25,"profit_mean":-0.000652237002858129,"profit_mean_pct":-0.07,"profit_total_abs":-1.7487570299999995,"profit_total":-0.0017487570299999995,"profit_total_pct":-0.17,"duration_avg":"0:16:00","wins":8,"draws":0,"losses":17,"winrate":0.32,"cagr":-0.0021854682423180227,"expectancy":-0.06995028120000002,"expectancy_ratio":-0.19761647559898343,"sortino":-0.48936421181139844,"sharpe":-0.20906479240964276,"calmar":-3.085339602339388,"sqn":-0.6262,"profit_factor":0.7093875358838478,"max_drawdown_account":0.003708429955351492,"max_drawdown_abs":3.7131295}],"mix_tag_stats":[{"key":["","trailing_stop_loss"],"trades":3,"profit_mean":0.012647908397386365,"profit_mean_pct":1.26,"profit_total_abs":3.55711537,"profit_total":0.00355711537,"profit_total_pct":0.36,"duration_avg":"0:08:00","wins":3,"draws":0,"losses":0,"winrate":1.0,"cagr":0.004448369499238325,"expectancy":1.1857051233333333,"expectancy_ratio":100.0,"sortino":-100,"sharpe":0.8953702349827698,"calmar":-100,"sqn":6.4511,"profit_factor":0.0,"max_drawdown_account":0.0,"max_drawdown_abs":0.0},{"key":["","exit_signal"],"trades":22,"profit_mean":-0.0024658931938005605,"profit_mean_pct":-0.25,"profit_total_abs":-5.305872399999999,"profit_total":-0.005305872399999999,"profit_total_pct":-0.53,"duration_avg":"0:17:00","wins":5,"draws":0,"losses":17,"winrate":0.22727272727272727,"cagr":-0.006627935857504985,"expectancy":-0.24117601818181816,"expectancy_ratio":-0.6813461489285233,"sortino":-1.4847711948856916,"sharpe":-1.1781066821125734,"calmar":-6.3309885395723535,"sqn":-3.7507,"profit_factor":0.11825792491602874,"max_drawdown_account":0.005483386454998122,"max_drawdown_abs":5.484365200000001},{"key":"TOTAL","trades":25,"profit_mean":-0.000652237002858129,"profit_mean_pct":-0.07,"profit_total_abs":-1.7487570299999995,"profit_total":-0.0017487570299999995,"profit_total_pct":-0.17,"duration_avg":"0:16:00","wins":8,"draws":0,"losses":17,"winrate":0.32,"cagr":-0.0021854682423180227,"expectancy":-0.06995028120000002,"expectancy_ratio":-0.19761647559898343,"sortino":-0.48936421181139844,"sharpe":-0.20906479240964276,"calmar":-3.085339602339388,"sqn":-0.6262,"profit_factor":0.7093875358838478,"max_drawdown_account":0.003708429955351492,"max_drawdown_abs":3.7131295}],"left_open_trades":[{"key":"TOTAL","trades":0,"profit_mean":0.0,"profit_mean_pct":0.0,"profit_total_abs":0.0,"profit_total":0.0,"profit_total_pct":0.0,"duration_avg":"0:00","wins":0,"draws":0,"losses":0,"winrate":0.0,"cagr":0.0,"expectancy":0.0,"expectancy_ratio":100.0,"sortino":0,"sharpe":0,"calmar":0,"sqn":0.0,"profit_factor":0.0,"max_drawdown_account":0.0,"max_drawdown_abs":0.0}],"total_trades":25,"trade_count_long":25,"trade_count_short":0,"total_volume":5015.7470834316,"avg_stake_amount":100.24965200000001,"profit_mean":-0.000652237002858129,"profit_median":-0.00187355891878588,"profit_total":-0.0017487570299999995,"profit_total_long":-0.0017487570299999995,"profit_total_short":0.0,"profit_total_abs":-1.7487570299999995,"profit_total_long_abs":-1.7487570299999995,"profit_total_short_abs":0.0,"cagr":-0.0021854682423180227,"expectancy":-0.06995028120000002,"expectancy_ratio":-0.19761647559898343,"sortino":-0.48936421181139844,"sharpe":-0.20906479240964276,"calmar":-3.085339602339388,"sqn":-0.6262,"profit_factor":0.7093875358838478,"backtest_start":"2025-01-01 04:10:00","backtest_start_ts":1735704600000,"backtest_end":"2025-10-21 01:45:00","backtest_end_ts":1761011100000,"backtest_days":292,"backtest_run_start_ts":1761134079,"backtest_run_end_ts":1761134079,"trades_per_day":0.09,"market_change":0.0800677634771544,"pairlist":["BTC/USDT:USDT","SOL/USDT:USDT"],"stake_amount":100,"stake_currency":"USDT","stake_currency_decimals":3,"starting_balance":1000,"dry_run_wallet":1000,"final_balance":998.25124297,"rejected_signals":0,"timedout_entry_orders":0,"timedout_exit_orders":0,"canceled_trade_entries":0,"canceled_entry_orders":0,"replaced_entry_orders":0,"max_open_trades":2,"max_open_trades_setting":3,"timeframe":"5m","timeframe_detail":"","timerange":"","enable_protections":false,"strategy_name":"AggressiveScalpStrategy","freqaimodel":null,"freqai_identifier":null,"stoploss":-0.018,"trailing_stop":true,"trailing_stop_positive":0.008,"trailing_stop_positive_offset":0.015,"trailing_only_offset_is_reached":true,"use_custom_stoploss":false,"minimal_roi":{"0":0.04,"20":0.025,"40":0.015,"80":0.008},"use_exit_signal":true,"exit_profit_only":false,"exit_profit_offset":0.0,"ignore_roi_if_entry_signal":false,"trading_mode":"futures","margin_mode":"isolated","periodic_breakdown":{"day":[{"date":"02/01/2025","date_ts":1735776000000,"profit_abs":0.1784928,"wins":1,"draws":0,"losses":0,"trades":1,"profit_factor":0.0},{"date":"03/01/2025","date_ts":1735862400000,"profit_abs":0.0,"wins":0,"draws":0,"losses":0,"trades":0,"profit_factor":0.0},{"date":"04/01/2025","date_ts":1735948800000,"profit_abs":0.0,"wins":0,"draws":0,"losses":0,"trades":0,"profit_factor":0.0},{"date":"05/01/2025","date_ts":1736035200000,"profit_abs":0.0,"wins":0,"draws":0,"losses":0,"trades":0,"profit_factor":0.0},{"date":"06/01/2025","date_ts":1736121600000,"profit_abs":0.0,"wins":0,"draws":0,"losses":0,"trades":0,"profit_factor":0.0},{"date":"07/01/2025","date_ts":1736208000000,"profit_abs":0.0,"wins":0,"draws":0,"losses":0,"trades":0,"profit_factor":0.0},{"date":"08/01/2025","date_ts":1736294400000,"profit_abs":-0.7708664,"wins":0,"draws":0,"losses":1,"trades":1,"profit_factor":0.0},{"date":"09/01/2025","date_ts":1736380800000,"profit_abs":0.0,"wins":0,"draws":0,"losses":0,"trades":0,"profit_factor":0.0},{"date":"10/01/2025","date_ts":1736467200000,"profit_abs":0.0,"wins":0,"draws":0,"losses":0,"trades":0,"profit_factor":0.0},{"date":"11/01/2025","date_ts":1736553600000,"profit_abs":0.0,"wins":0,"draws":0,"losses":0,"trades":0,"profit_factor":0.0},{"date":"12/01/2025","date_ts":1736640000000,"profit_abs":0.0,"wins":0,"draws":0,"losses":0,"trades":0,"profit_factor":0.0},{"date":"13/01/2025","date_ts":1736726400000,"profit_abs":0.0,"wins":0,"draws":0,"losses":0,"trades":0,"profit_factor":0.0},{"date":"14/01/2025","date_ts":1736812800000,"profit_abs":0.0,"wins":0,"draws":0,"losses":0,"trades":0,"profit_factor":0.0},{"date":"15/01/2025","date_ts":1736899200000,"profit_abs":0.0,"wins":0,"draws":0,"losses":0,"trades":0,"profit_factor":0.0},{"date":"16/01/2025","date_ts":1736985600000,"profit_abs":0.0,"wins":0,"draws":0,"losses":0,"trades":0,"profit_factor":0.0},{"date":"17/01/2025","date_ts":1737072000000,"profit_abs":0.0,"wins":0,"draws":0,"losses":0,"trades":0,"profit_factor":0.0},{"date":"18/01/2025","date_ts":1737158400000,"profit_abs":0.0,"wins":0,"draws":0,"losses":0,"trades":0,"profit_factor":0.0},{"date":"19/01/2025","date_ts":1737244800000,"profit_abs":0.0,"wins":0,"draws":0,"losses":0,"trades":0,"profit_factor":0.0},{"date":"20/01/2025","date_ts":1737331200000,"profit_abs":0.0,"wins":0,"draws":0,"losses":0,"trades":0,"profit_factor":0.0},{"date":"21/01/2025","date_ts":1737417600000,"profit_abs":0.0,"wins":0,"draws":0,"losses":0,"trades":0,"profit_factor":0.0},{"date":"22/01/2025","date_ts":1737504000000,"profit_abs":0.84230049,"wins":1,"draws":0,"losses":0,"trades":1,"profit_factor":0.0},{"date":"23/01/2025","date_ts":1737590400000,"profit_abs":0.0,"wins":0,"draws":0,"losses":0,"trades":0,"profit_factor":0.0},{"date":"24/01/2025","date_ts":1737676800000,"profit_abs":0.0,"wins":0,"draws":0,"losses":0,"trades":0,"profit_factor":0.0},{"date":"25/01/2025","date_ts":1737763200000,"profit_abs":0.0,"wins":0,"draws":0,"losses":0,"trades":0,"profit_factor":0.0},{"date":"26/01/2025","date_ts":1737849600000,"profit_abs":0.0,"wins":0,"draws":0,"losses":0,"trades":0,"profit_factor":0.0},{"date":"27/01/2025","date_ts":1737936000000,"profit_abs":0.0,"wins":0,"draws":0,"losses":0,"trades":0,"profit_factor":0.0},{"date":"28/01/2025","date_ts":1738022400000,"profit_abs":0.0,"wins":0,"draws":0,"losses":0,"trades":0,"profit_factor":0.0},{"date":"29/01/2025","date_ts":1738108800000,"profit_abs":0.0,"wins":0,"draws":0,"losses":0,"trades":0,"profit_factor":0.0},{"date":"30/01/2025","date_ts":1738195200000,"profit_abs":0.0,"wins":0,"draws":0,"losses":0,"trades":0,"profit_factor":0.0},{"date":"31/01/2025","date_ts":1738281600000,"profit_abs":0.0,"wins":0,"draws":0,"losses":0,"trades":0,"profit_factor":0.0},{"date":"01/02/2025","date_ts":1738368000000,"profit_abs":0.0,"wins":0,"draws":0,"losses":0,"trades":0,"profit_factor":0.0},{"date":"02/02/2025","date_ts":1738454400000,"profit_abs":0.0,"wins":0,"draws":0,"losses":0,"trades":0,"profit_factor":0.0},{"date":"03/02/2025","date_ts":1738540800000,"profit_abs":0.0,"wins":0,"draws":0,"losses":0,"trades":0,"profit_factor":0.0},{"date":"04/02/2025","date_ts":1738627200000,"profit_abs":-0.2687218,"wins":0,"draws":0,"losses":1,"trades":1,"profit_factor":0.0},{"date":"05/02/2025","date_ts":1738713600000,"profit_abs":0.0,"wins":0,"draws":0,"losses":0,"trades":0,"profit_factor":0.0},{"date":"06/02/2025","date_ts":1738800000000,"profit_abs":0.0,"wins":0,"draws":0,"losses":0,"trades":0,"profit_factor":0.0},{"date":"07/02/2025","date_ts":1738886400000,"profit_abs":0.0,"wins":0,"draws":0,"losses":0,"trades":0,"profit_factor":0.0},{"date":"08/02/2025","date_ts":1738972800000,"profit_abs":0.0,"wins":0,"draws":0,"losses":0,"trades":0,"profit_factor":0.0},{"date":"09/02/2025","date_ts":1739059200000,"profit_abs":0.0,"wins":0,"draws":0,"losses":0,"trades":0,"profit_factor":0.0},{"date":"10/02/2025","date_ts":1739145600000,"profit_abs":0.0,"wins":0,"draws":0,"losses":0,"trades":0,"profit_factor":0.0},{"date":"11/02/2025","date_ts":1739232000000,"profit_abs":0.0,"wins":0,"draws":0,"losses":0,"trades":0,"profit_factor":0.0},{"date":"12/02/2025","date_ts":1739318400000,"profit_abs":0.0,"wins":0,"draws":0,"losses":0,"trades":0,"profit_factor":0.0},{"date":"13/02/2025","date_ts":1739404800000,"profit_abs":0.0,"wins":0,"draws":0,"losses":0,"trades":0,"profit_factor":0.0},{"date":"14/02/2025","date_ts":1739491200000,"profit_abs":0.0,"wins":0,"draws":0,"losses":0,"trades":0,"profit_factor":0.0},{"date":"15/02/2025","date_ts":1739577600000,"profit_abs":0.0,"wins":0,"draws":0,"losses":0,"trades":0,"profit_factor":0.0},{"date":"16/02/2025","date_ts":1739664000000,"profit_abs":0.0,"wins":0,"draws":0,"losses":0,"trades":0,"profit_factor":0.0},{"date":"17/02/2025","date_ts":1739750400000,"profit_abs":-0.2578662,"wins":0,"draws":0,"losses":1,"trades":1,"profit_factor":0.0},{"date":"18/02/2025","date_ts":1739836800000,"profit_abs":0.0,"wins":0,"draws":0,"losses":0,"trades":0,"profit_factor":0.0},{"date":"19/02/2025","date_ts":1739923200000,"profit_abs":0.0,"wins":0,"draws":0,"losses":0,"trades":0,"profit_factor":0.0},{"date":"20/02/2025","date_ts":1740009600000,"profit_abs":0.0,"wins":0,"draws":0,"losses":0,"trades":0,"profit_factor":0.0},{"date":"21/02/2025","date_ts":1740096000000,"profit_abs":0.0,"wins":0,"draws":0,"losses":0,"trades":0,"profit_factor":0.0},{"date":"22/02/2025","date_ts":1740182400000,"profit_abs":0.0,"wins":0,"draws":0,"losses":0,"trades":0,"profit_factor":0.0},{"date":"23/02/2025","date_ts":1740268800000,"profit_abs":0.0,"wins":0,"draws":0,"losses":0,"trades":0,"profit_factor":0.0},{"date":"24/02/2025","date_ts":1740355200000,"profit_abs":0.0,"wins":0,"draws":0,"losses":0,"trades":0,"profit_factor":0.0},{"date":"25/02/2025","date_ts":1740441600000,"profit_abs":0.0,"wins":0,"draws":0,"losses":0,"trades":0,"profit_factor":0.0},{"date":"26/02/2025","date_ts":1740528000000,"profit_abs":0.0,"wins":0,"draws":0,"losses":0,"trades":0,"profit_factor":0.0},{"date":"27/02/2025","date_ts":1740614400000,"profit_abs":0.0729288,"wins":1,"draws":0,"losses":0,"trades":1,"profit_factor":0.0},{"date":"28/02/2025","date_ts":1740700800000,"profit_abs":0.0,"wins":0,"draws":0,"losses":0,"trades":0,"profit_factor":0.0},{"date":"01/03/2025","date_ts":1740787200000,"profit_abs":0.0,"wins":0,"draws":0,"losses":0,"trades":0,"profit_factor":0.0},{"date":"02/03/2025","date_ts":1740873600000,"profit_abs":1.47099223,"wins":1,"draws":0,"losses":0,"trades":1,"profit_factor":0.0},{"date":"03/03/2025","date_ts":1740960000000,"profit_abs":0.0,"wins":0,"draws":0,"losses":0,"trades":0,"profit_factor":0.0},{"date":"04/03/2025","date_ts":1741046400000,"profit_abs":-0.8539754,"wins":0,"draws":0,"losses":1,"trades":1,"profit_factor":0.0},{"date":"05/03/2025","date_ts":1741132800000,"profit_abs":0.0,"wins":0,"draws":0,"losses":0,"trades":0,"profit_factor":0.0},{"date":"06/03/2025","date_ts":1741219200000,"profit_abs":0.0,"wins":0,"draws":0,"losses":0,"trades":0,"profit_factor":0.0},{"date":"07/03/2025","date_ts":1741305600000,"profit_abs":0.0,"wins":0,"draws":0,"losses":0,"trades":0,"profit_factor":0.0},{"date":"08/03/2025","date_ts":1741392000000,"profit_abs":0.0,"wins":0,"draws":0,"losses":0,"trades":0,"profit_factor":0.0},{"date":"09/03/2025","date_ts":1741478400000,"profit_abs":0.0,"wins":0,"draws":0,"losses":0,"trades":0,"profit_factor":0.0},{"date":"10/03/2025","date_ts":1741564800000,"profit_abs":0.0,"wins":0,"draws":0,"losses":0,"trades":0,"profit_factor":0.0},{"date":"11/03/2025","date_ts":1741651200000,"profit_abs":0.0,"wins":0,"draws":0,"losses":0,"trades":0,"profit_factor":0.0},{"date":"12/03/2025","date_ts":1741737600000,"profit_abs":0.0,"wins":0,"draws":0,"losses":0,"trades":0,"profit_factor":0.0},{"date":"13/03/2025","date_ts":1741824000000,"profit_abs":0.0,"wins":0,"draws":0,"losses":0,"trades":0,"profit_factor":0.0},{"date":"14/03/2025","date_ts":1741910400000,"profit_abs":0.0,"wins":0,"draws":0,"losses":0,"trades":0,"profit_factor":0.0},{"date":"15/03/2025","date_ts":1741996800000,"profit_abs":0.0,"wins":0,"draws":0,"losses":0,"trades":0,"profit_factor":0.0},{"date":"16/03/2025","date_ts":1742083200000,"profit_abs":0.0,"wins":0,"draws":0,"losses":0,"trades":0,"profit_factor":0.0},{"date":"17/03/2025","date_ts":1742169600000,"profit_abs":0.0,"wins":0,"draws":0,"losses":0,"trades":0,"profit_factor":0.0},{"date":"18/03/2025","date_ts":1742256000000,"profit_abs":0.0,"wins":0,"draws":0,"losses":0,"trades":0,"profit_factor":0.0},{"date":"19/03/2025","date_ts":1742342400000,"profit_abs":0.0,"wins":0,"draws":0,"losses":0,"trades":0,"profit_factor":0.0},{"date":"20/03/2025","date_ts":1742428800000,"profit_abs":0.0,"wins":0,"draws":0,"losses":0,"trades":0,"profit_factor":0.0},{"date":"21/03/2025","date_ts":1742515200000,"profit_abs":0.0,"wins":0,"draws":0,"losses":0,"trades":0,"profit_factor":0.0},{"date":"22/03/2025","date_ts":1742601600000,"profit_abs":0.0,"wins":0,"draws":0,"losses":0,"trades":0,"profit_factor":0.0},{"date":"23/03/2025","date_ts":1742688000000,"profit_abs":0.0,"wins":0,"draws":0,"losses":0,"trades":0,"profit_factor":0.0},{"date":"24/03/2025","date_ts":1742774400000,"profit_abs":0.0,"wins":0,"draws":0,"losses":0,"trades":0,"profit_factor":0.0},{"date":"25/03/2025","date_ts":1742860800000,"profit_abs":0.0,"wins":0,"draws":0,"losses":0,"trades":0,"profit_factor":0.0},{"date":"26/03/2025","date_ts":1742947200000,"profit_abs":0.0,"wins":0,"draws":0,"losses":0,"trades":0,"profit_factor":0.0},{"date":"27/03/2025","date_ts":1743033600000,"profit_abs":0.0,"wins":0,"draws":0,"losses":0,"trades":0,"profit_factor":0.0},{"date":"28/03/2025","date_ts":1743120000000,"profit_abs":0.0,"wins":0,"draws":0,"losses":0,"trades":0,"profit_factor":0.0},{"date":"29/03/2025","date_ts":1743206400000,"profit_abs":0.0,"wins":0,"draws":0,"losses":0,"trades":0,"profit_factor":0.0},{"date":"30/03/2025","date_ts":1743292800000,"profit_abs":0.0,"wins":0,"draws":0,"losses":0,"trades":0,"profit_factor":0.0},{"date":"31/03/2025","date_ts":1743379200000,"profit_abs":0.0,"wins":0,"draws":0,"losses":0,"trades":0,"profit_factor":0.0},{"date":"01/04/2025","date_ts":1743465600000,"profit_abs":0.0,"wins":0,"draws":0,"losses":0,"trades":0,"profit_factor":0.0},{"date":"02/04/2025","date_ts":1743552000000,"profit_abs":0.0,"wins":0,"draws":0,"losses":0,"trades":0,"profit_factor":0.0},{"date":"03/04/2025","date_ts":1743638400000,"profit_abs":0.0,"wins":0,"draws":0,"losses":0,"trades":0,"profit_factor":0.0},{"date":"04/04/2025","date_ts":1743724800000,"profit_abs":0.0,"wins":0,"draws":0,"losses":0,"trades":0,"profit_factor":0.0},{"date":"05/04/2025","date_ts":1743811200000,"profit_abs":0.0,"wins":0,"draws":0,"losses":0,"trades":0,"profit_factor":0.0},{"date":"06/04/2025","date_ts":1743897600000,"profit_abs":0.0,"wins":0,"draws":0,"losses":0,"trades":0,"profit_factor":0.0},{"date":"07/04/2025","date_ts":1743984000000,"profit_abs":0.0,"wins":0,"draws":0,"losses":0,"trades":0,"profit_factor":0.0},{"date":"08/04/2025","date_ts":1744070400000,"profit_abs":0.0,"wins":0,"draws":0,"losses":0,"trades":0,"profit_factor":0.0},{"date":"09/04/2025","date_ts":1744156800000,"profit_abs":-0.18330765,"wins":0,"draws":0,"losses":1,"trades":1,"profit_factor":0.0},{"date":"10/04/2025","date_ts":1744243200000,"profit_abs":0.0,"wins":0,"draws":0,"losses":0,"trades":0,"profit_factor":0.0},{"date":"11/04/2025","date_ts":1744329600000,"profit_abs":0.0,"wins":0,"draws":0,"losses":0,"trades":0,"profit_factor":0.0},{"date":"12/04/2025","date_ts":1744416000000,"profit_abs":0.0,"wins":0,"draws":0,"losses":0,"trades":0,"profit_factor":0.0},{"date":"13/04/2025","date_ts":1744502400000,"profit_abs":0.0,"wins":0,"draws":0,"losses":0,"trades":0,"profit_factor":0.0},{"date":"14/04/2025","date_ts":1744588800000,"profit_abs":0.0,"wins":0,"draws":0,"losses":0,"trades":0,"profit_factor":0.0},{"date":"15/04/2025","date_ts":1744675200000,"profit_abs":0.0,"wins":0,"draws":0,"losses":0,"trades":0,"profit_factor":0.0},{"date":"16/04/2025","date_ts":1744761600000,"profit_abs":-0.15855065,"wins":0,"draws":0,"losses":1,"trades":1,"profit_factor":0.0},{"date":"17/04/2025","date_ts":1744848000000,"profit_abs":0.0,"wins":0,"draws":0,"losses":0,"trades":0,"profit_factor":0.0},{"date":"18/04/2025","date_ts":1744934400000,"profit_abs":0.0,"wins":0,"draws":0,"losses":0,"trades":0,"profit_factor":0.0},{"date":"19/04/2025","date_ts":1745020800000,"profit_abs":0.0,"wins":0,"draws":0,"losses":0,"trades":0,"profit_factor":0.0},{"date":"20/04/2025","date_ts":1745107200000,"profit_abs":0.0,"wins":0,"draws":0,"losses":0,"trades":0,"profit_factor":0.0},{"date":"21/04/2025","date_ts":1745193600000,"profit_abs":0.0,"wins":0,"draws":0,"losses":0,"trades":0,"profit_factor":0.0},{"date":"22/04/2025","date_ts":1745280000000,"profit_abs":0.0,"wins":0,"draws":0,"losses":0,"trades":0,"profit_factor":0.0},{"date":"23/04/2025","date_ts":1745366400000,"profit_abs":0.0,"wins":0,"draws":0,"losses":0,"trades":0,"profit_factor":0.0},{"date":"24/04/2025","date_ts":1745452800000,"profit_abs":0.0,"wins":0,"draws":0,"losses":0,"trades":0,"profit_factor":0.0},{"date":"25/04/2025","date_ts":1745539200000,"profit_abs":0.0,"wins":0,"draws":0,"losses":0,"trades":0,"profit_factor":0.0},{"date":"26/04/2025","date_ts":1745625600000,"profit_abs":0.0,"wins":0,"draws":0,"losses":0,"trades":0,"profit_factor":0.0},{"date":"27/04/2025","date_ts":1745712000000,"profit_abs":0.0,"wins":0,"draws":0,"losses":0,"trades":0,"profit_factor":0.0},{"date":"28/04/2025","date_ts":1745798400000,"profit_abs":0.0,"wins":0,"draws":0,"losses":0,"trades":0,"profit_factor":0.0},{"date":"29/04/2025","date_ts":1745884800000,"profit_abs":0.0,"wins":0,"draws":0,"losses":0,"trades":0,"profit_factor":0.0},{"date":"30/04/2025","date_ts":1745971200000,"profit_abs":0.0,"wins":0,"draws":0,"losses":0,"trades":0,"profit_factor":0.0},{"date":"01/05/2025","date_ts":1746057600000,"profit_abs":0.0,"wins":0,"draws":0,"losses":0,"trades":0,"profit_factor":0.0},{"date":"02/05/2025","date_ts":1746144000000,"profit_abs":0.0,"wins":0,"draws":0,"losses":0,"trades":0,"profit_factor":0.0},{"date":"03/05/2025","date_ts":1746230400000,"profit_abs":0.0,"wins":0,"draws":0,"losses":0,"trades":0,"profit_factor":0.0},{"date":"04/05/2025","date_ts":1746316800000,"profit_abs":0.0,"wins":0,"draws":0,"losses":0,"trades":0,"profit_factor":0.0},{"date":"05/05/2025","date_ts":1746403200000,"profit_abs":0.0,"wins":0,"draws":0,"losses":0,"trades":0,"profit_factor":0.0},{"date":"06/05/2025","date_ts":1746489600000,"profit_abs":0.0,"wins":0,"draws":0,"losses":0,"trades":0,"profit_factor":0.0},{"date":"07/05/2025","date_ts":1746576000000,"profit_abs":0.0,"wins":0,"draws":0,"losses":0,"trades":0,"profit_factor":0.0},{"date":"08/05/2025","date_ts":1746662400000,"profit_abs":0.0,"wins":0,"draws":0,"losses":0,"trades":0,"profit_factor":0.0},{"date":"09/05/2025","date_ts":1746748800000,"profit_abs":0.0,"wins":0,"draws":0,"losses":0,"trades":0,"profit_factor":0.0},{"date":"10/05/2025","date_ts":1746835200000,"profit_abs":0.0,"wins":0,"draws":0,"losses":0,"trades":0,"profit_factor":0.0},{"date":"11/05/2025","date_ts":1746921600000,"profit_abs":0.0305769,"wins":1,"draws":0,"losses":0,"trades":1,"profit_factor":0.0},{"date":"12/05/2025","date_ts":1747008000000,"profit_abs":0.0,"wins":0,"draws":0,"losses":0,"trades":0,"profit_factor":0.0},{"date":"13/05/2025","date_ts":1747094400000,"profit_abs":0.0,"wins":0,"draws":0,"losses":0,"trades":0,"profit_factor":0.0},{"date":"14/05/2025","date_ts":1747180800000,"profit_abs":0.0,"wins":0,"draws":0,"losses":0,"trades":0,"profit_factor":0.0},{"date":"15/05/2025","date_ts":1747267200000,"profit_abs":0.0,"wins":0,"draws":0,"losses":0,"trades":0,"profit_factor":0.0},{"date":"16/05/2025","date_ts":1747353600000,"profit_abs":0.0,"wins":0,"draws":0,"losses":0,"trades":0,"profit_factor":0.0},{"date":"17/05/2025","date_ts":1747440000000,"profit_abs":0.0,"wins":0,"draws":0,"losses":0,"trades":0,"profit_factor":0.0},{"date":"18/05/2025","date_ts":1747526400000,"profit_abs":0.2053982,"wins":1,"draws":0,"losses":0,"trades":1,"profit_factor":0.0},{"date":"19/05/2025","date_ts":1747612800000,"profit_abs":0.0,"wins":0,"draws":0,"losses":0,"trades":0,"profit_factor":0.0},{"date":"20/05/2025","date_ts":1747699200000,"profit_abs":0.0,"wins":0,"draws":0,"losses":0,"trades":0,"profit_factor":0.0},{"date":"21/05/2025","date_ts":1747785600000,"profit_abs":0.0,"wins":0,"draws":0,"losses":0,"trades":0,"profit_factor":0.0},{"date":"22/05/2025","date_ts":1747872000000,"profit_abs":0.0,"wins":0,"draws":0,"losses":0,"trades":0,"profit_factor":0.0},{"date":"23/05/2025","date_ts":1747958400000,"profit_abs":0.0,"wins":0,"draws":0,"losses":0,"trades":0,"profit_factor":0.0},{"date":"24/05/2025","date_ts":1748044800000,"profit_abs":0.0,"wins":0,"draws":0,"losses":0,"trades":0,"profit_factor":0.0},{"date":"25/05/2025","date_ts":1748131200000,"profit_abs":0.0,"wins":0,"draws":0,"losses":0,"trades":0,"profit_factor":0.0},{"date":"26/05/2025","date_ts":1748217600000,"profit_abs":0.0,"wins":0,"draws":0,"losses":0,"trades":0,"profit_factor":0.0},{"date":"27/05/2025","date_ts":1748304000000,"profit_abs":0.0,"wins":0,"draws":0,"losses":0,"trades":0,"profit_factor":0.0},{"date":"28/05/2025","date_ts":1748390400000,"profit_abs":0.0,"wins":0,"draws":0,"losses":0,"trades":0,"profit_factor":0.0},{"date":"29/05/2025","date_ts":1748476800000,"profit_abs":0.0,"wins":0,"draws":0,"losses":0,"trades":0,"profit_factor":0.0},{"date":"30/05/2025","date_ts":1748563200000,"profit_abs":0.0,"wins":0,"draws":0,"losses":0,"trades":0,"profit_factor":0.0},{"date":"31/05/2025","date_ts":1748649600000,"profit_abs":0.0,"wins":0,"draws":0,"losses":0,"trades":0,"profit_factor":0.0},{"date":"01/06/2025","date_ts":1748736000000,"profit_abs":0.0,"wins":0,"draws":0,"losses":0,"trades":0,"profit_factor":0.0},{"date":"02/06/2025","date_ts":1748822400000,"profit_abs":0.0,"wins":0,"draws":0,"losses":0,"trades":0,"profit_factor":0.0},{"date":"03/06/2025","date_ts":1748908800000,"profit_abs":0.0,"wins":0,"draws":0,"losses":0,"trades":0,"profit_factor":0.0},{"date":"04/06/2025","date_ts":1748995200000,"profit_abs":0.0,"wins":0,"draws":0,"losses":0,"trades":0,"profit_factor":0.0},{"date":"05/06/2025","date_ts":1749081600000,"profit_abs":0.0,"wins":0,"draws":0,"losses":0,"trades":0,"profit_factor":0.0},{"date":"06/06/2025","date_ts":1749168000000,"profit_abs":0.0,"wins":0,"draws":0,"losses":0,"trades":0,"profit_factor":0.0},{"date":"07/06/2025","date_ts":1749254400000,"profit_abs":0.0,"wins":0,"draws":0,"losses":0,"trades":0,"profit_factor":0.0},{"date":"08/06/2025","date_ts":1749340800000,"profit_abs":0.0,"wins":0,"draws":0,"losses":0,"trades":0,"profit_factor":0.0},{"date":"09/06/2025","date_ts":1749427200000,"profit_abs":0.0,"wins":0,"draws":0,"losses":0,"trades":0,"profit_factor":0.0},{"date":"10/06/2025","date_ts":1749513600000,"profit_abs":0.0,"wins":0,"draws":0,"losses":0,"trades":0,"profit_factor":0.0},{"date":"11/06/2025","date_ts":1749600000000,"profit_abs":-0.537465,"wins":0,"draws":0,"losses":1,"trades":1,"profit_factor":0.0},{"date":"12/06/2025","date_ts":1749686400000,"profit_abs":0.0,"wins":0,"draws":0,"losses":0,"trades":0,"profit_factor":0.0},{"date":"13/06/2025","date_ts":1749772800000,"profit_abs":-0.29239695,"wins":0,"draws":0,"losses":1,"trades":1,"profit_factor":0.0},{"date":"14/06/2025","date_ts":1749859200000,"profit_abs":0.0,"wins":0,"draws":0,"losses":0,"trades":0,"profit_factor":0.0},{"date":"15/06/2025","date_ts":1749945600000,"profit_abs":0.0,"wins":0,"draws":0,"losses":0,"trades":0,"profit_factor":0.0},{"date":"16/06/2025","date_ts":1750032000000,"profit_abs":0.0,"wins":0,"draws":0,"losses":0,"trades":0,"profit_factor":0.0},{"date":"17/06/2025","date_ts":1750118400000,"profit_abs":0.0,"wins":0,"draws":0,"losses":0,"trades":0,"profit_factor":0.0},{"date":"18/06/2025","date_ts":1750204800000,"profit_abs":0.0,"wins":0,"draws":0,"losses":0,"trades":0,"profit_factor":0.0},{"date":"19/06/2025","date_ts":1750291200000,"profit_abs":0.0,"wins":0,"draws":0,"losses":0,"trades":0,"profit_factor":0.0},{"date":"20/06/2025","date_ts":1750377600000,"profit_abs":0.0,"wins":0,"draws":0,"losses":0,"trades":0,"profit_factor":0.0},{"date":"21/06/2025","date_ts":1750464000000,"profit_abs":0.0,"wins":0,"draws":0,"losses":0,"trades":0,"profit_factor":0.0},{"date":"22/06/2025","date_ts":1750550400000,"profit_abs":0.0,"wins":0,"draws":0,"losses":0,"trades":0,"profit_factor":0.0},{"date":"23/06/2025","date_ts":1750636800000,"profit_abs":0.0,"wins":0,"draws":0,"losses":0,"trades":0,"profit_factor":0.0},{"date":"24/06/2025","date_ts":1750723200000,"profit_abs":0.0,"wins":0,"draws":0,"losses":0,"trades":0,"profit_factor":0.0},{"date":"25/06/2025","date_ts":1750809600000,"profit_abs":0.0,"wins":0,"draws":0,"losses":0,"trades":0,"profit_factor":0.0},{"date":"26/06/2025","date_ts":1750896000000,"profit_abs":0.22421895,"wins":1,"draws":0,"losses":0,"trades":1,"profit_factor":0.0},{"date":"27/06/2025","date_ts":1750982400000,"profit_abs":0.0,"wins":0,"draws":0,"losses":0,"trades":0,"profit_factor":0.0},{"date":"28/06/2025","date_ts":1751068800000,"profit_abs":0.0,"wins":0,"draws":0,"losses":0,"trades":0,"profit_factor":0.0},{"date":"29/06/2025","date_ts":1751155200000,"profit_abs":0.0,"wins":0,"draws":0,"losses":0,"trades":0,"profit_factor":0.0},{"date":"30/06/2025","date_ts":1751241600000,"profit_abs":0.0,"wins":0,"draws":0,"losses":0,"trades":0,"profit_factor":0.0},{"date":"01/07/2025","date_ts":1751328000000,"profit_abs":0.0,"wins":0,"draws":0,"losses":0,"trades":0,"profit_factor":0.0},{"date":"02/07/2025","date_ts":1751414400000,"profit_abs":0.0,"wins":0,"draws":0,"losses":0,"trades":0,"profit_factor":0.0},{"date":"03/07/2025","date_ts":1751500800000,"profit_abs":0.0,"wins":0,"draws":0,"losses":0,"trades":0,"profit_factor":0.0},{"date":"04/07/2025","date_ts":1751587200000,"profit_abs":-0.086164,"wins":0,"draws":0,"losses":1,"trades":1,"profit_factor":0.0},{"date":"05/07/2025","date_ts":1751673600000,"profit_abs":0.0,"wins":0,"draws":0,"losses":0,"trades":0,"profit_factor":0.0},{"date":"06/07/2025","date_ts":1751760000000,"profit_abs":0.0,"wins":0,"draws":0,"losses":0,"trades":0,"profit_factor":0.0},{"date":"07/07/2025","date_ts":1751846400000,"profit_abs":0.0,"wins":0,"draws":0,"losses":0,"trades":0,"profit_factor":0.0},{"date":"08/07/2025","date_ts":1751932800000,"profit_abs":0.0,"wins":0,"draws":0,"losses":0,"trades":0,"profit_factor":0.0},{"date":"09/07/2025","date_ts":1752019200000,"profit_abs":0.0,"wins":0,"draws":0,"losses":0,"trades":0,"profit_factor":0.0},{"date":"10/07/2025","date_ts":1752105600000,"profit_abs":0.0,"wins":0,"draws":0,"losses":0,"trades":0,"profit_factor":0.0},{"date":"11/07/2025","date_ts":1752192000000,"profit_abs":0.0,"wins":0,"draws":0,"losses":0,"trades":0,"profit_factor":0.0},{"date":"12/07/2025","date_ts":1752278400000,"profit_abs":0.0,"wins":0,"draws":0,"losses":0,"trades":0,"profit_factor":0.0},{"date":"13/07/2025","date_ts":1752364800000,"profit_abs":-0.16606945,"wins":0,"draws":0,"losses":1,"trades":1,"profit_factor":0.0},{"date":"14/07/2025","date_ts":1752451200000,"profit_abs":0.0,"wins":0,"draws":0,"losses":0,"trades":0,"profit_factor":0.0},{"date":"15/07/2025","date_ts":1752537600000,"profit_abs":0.0,"wins":0,"draws":0,"losses":0,"trades":0,"profit_factor":0.0},{"date":"16/07/2025","date_ts":1752624000000,"profit_abs":0.0,"wins":0,"draws":0,"losses":0,"trades":0,"profit_factor":0.0},{"date":"17/07/2025","date_ts":1752710400000,"profit_abs":0.0,"wins":0,"draws":0,"losses":0,"trades":0,"profit_factor":0.0},{"date":"18/07/2025","date_ts":1752796800000,"profit_abs":0.0,"wins":0,"draws":0,"losses":0,"trades":0,"profit_factor":0.0},{"date":"19/07/2025","date_ts":1752883200000,"profit_abs":0.0,"wins":0,"draws":0,"losses":0,"trades":0,"profit_factor":0.0},{"date":"20/07/2025","date_ts":1752969600000,"profit_abs":0.0,"wins":0,"draws":0,"losses":0,"trades":0,"profit_factor":0.0},{"date":"21/07/2025","date_ts":1753056000000,"profit_abs":0.0,"wins":0,"draws":0,"losses":0,"trades":0,"profit_factor":0.0},{"date":"22/07/2025","date_ts":1753142400000,"profit_abs":0.0,"wins":0,"draws":0,"losses":0,"trades":0,"profit_factor":0.0},{"date":"23/07/2025","date_ts":1753228800000,"profit_abs":0.0,"wins":0,"draws":0,"losses":0,"trades":0,"profit_factor":0.0},{"date":"24/07/2025","date_ts":1753315200000,"profit_abs":0.0,"wins":0,"draws":0,"losses":0,"trades":0,"profit_factor":0.0},{"date":"25/07/2025","date_ts":1753401600000,"profit_abs":0.0,"wins":0,"draws":0,"losses":0,"trades":0,"profit_factor":0.0},{"date":"26/07/2025","date_ts":1753488000000,"profit_abs":0.0,"wins":0,"draws":0,"losses":0,"trades":0,"profit_factor":0.0},{"date":"27/07/2025","date_ts":1753574400000,"profit_abs":0.0,"wins":0,"draws":0,"losses":0,"trades":0,"profit_factor":0.0},{"date":"28/07/2025","date_ts":1753660800000,"profit_abs":0.0,"wins":0,"draws":0,"losses":0,"trades":0,"profit_factor":0.0},{"date":"29/07/2025","date_ts":1753747200000,"profit_abs":0.0,"wins":0,"draws":0,"losses":0,"trades":0,"profit_factor":0.0},{"date":"30/07/2025","date_ts":1753833600000,"profit_abs":0.0,"wins":0,"draws":0,"losses":0,"trades":0,"profit_factor":0.0},{"date":"31/07/2025","date_ts":1753920000000,"profit_abs":0.0,"wins":0,"draws":0,"losses":0,"trades":0,"profit_factor":0.0},{"date":"01/08/2025","date_ts":1754006400000,"profit_abs":0.0,"wins":0,"draws":0,"losses":0,"trades":0,"profit_factor":0.0},{"date":"02/08/2025","date_ts":1754092800000,"profit_abs":0.0,"wins":0,"draws":0,"losses":0,"trades":0,"profit_factor":0.0},{"date":"03/08/2025","date_ts":1754179200000,"profit_abs":0.0,"wins":0,"draws":0,"losses":0,"trades":0,"profit_factor":0.0},{"date":"04/08/2025","date_ts":1754265600000,"profit_abs":0.0,"wins":0,"draws":0,"losses":0,"trades":0,"profit_factor":0.0},{"date":"05/08/2025","date_ts":1754352000000,"profit_abs":0.0,"wins":0,"draws":0,"losses":0,"trades":0,"profit_factor":0.0},{"date":"06/08/2025","date_ts":1754438400000,"profit_abs":0.0,"wins":0,"draws":0,"losses":0,"trades":0,"profit_factor":0.0},{"date":"07/08/2025","date_ts":1754524800000,"profit_abs":0.0,"wins":0,"draws":0,"losses":0,"trades":0,"profit_factor":0.0},{"date":"08/08/2025","date_ts":1754611200000,"profit_abs":-0.4691848,"wins":0,"draws":0,"losses":1,"trades":1,"profit_factor":0.0},{"date":"09/08/2025","date_ts":1754697600000,"profit_abs":0.0,"wins":0,"draws":0,"losses":0,"trades":0,"profit_factor":0.0},{"date":"10/08/2025","date_ts":1754784000000,"profit_abs":0.0,"wins":0,"draws":0,"losses":0,"trades":0,"profit_factor":0.0},{"date":"11/08/2025","date_ts":1754870400000,"profit_abs":-0.24138275,"wins":0,"draws":0,"losses":1,"trades":1,"profit_factor":0.0},{"date":"12/08/2025","date_ts":1754956800000,"profit_abs":0.0,"wins":0,"draws":0,"losses":0,"trades":0,"profit_factor":0.0},{"date":"13/08/2025","date_ts":1755043200000,"profit_abs":0.0,"wins":0,"draws":0,"losses":0,"trades":0,"profit_factor":0.0},{"date":"14/08/2025","date_ts":1755129600000,"profit_abs":0.0,"wins":0,"draws":0,"losses":0,"trades":0,"profit_factor":0.0},{"date":"15/08/2025","date_ts":1755216000000,"profit_abs":0.0,"wins":0,"draws":0,"losses":0,"trades":0,"profit_factor":0.0},{"date":"16/08/2025","date_ts":1755302400000,"profit_abs":0.0,"wins":0,"draws":0,"losses":0,"trades":0,"profit_factor":0.0},{"date":"17/08/2025","date_ts":1755388800000,"profit_abs":0.0,"wins":0,"draws":0,"losses":0,"trades":0,"profit_factor":0.0},{"date":"18/08/2025","date_ts":1755475200000,"profit_abs":0.0,"wins":0,"draws":0,"losses":0,"trades":0,"profit_factor":0.0},{"date":"19/08/2025","date_ts":1755561600000,"profit_abs":0.0,"wins":0,"draws":0,"losses":0,"trades":0,"profit_factor":0.0},{"date":"20/08/2025","date_ts":1755648000000,"profit_abs":0.0,"wins":0,"draws":0,"losses":0,"trades":0,"profit_factor":0.0},{"date":"21/08/2025","date_ts":1755734400000,"profit_abs":0.0,"wins":0,"draws":0,"losses":0,"trades":0,"profit_factor":0.0},{"date":"22/08/2025","date_ts":1755820800000,"profit_abs":0.0,"wins":0,"draws":0,"losses":0,"trades":0,"profit_factor":0.0},{"date":"23/08/2025","date_ts":1755907200000,"profit_abs":0.0,"wins":0,"draws":0,"losses":0,"trades":0,"profit_factor":0.0},{"date":"24/08/2025","date_ts":1755993600000,"profit_abs":-0.1851072,"wins":0,"draws":0,"losses":1,"trades":1,"profit_factor":0.0},{"date":"25/08/2025","date_ts":1756080000000,"profit_abs":0.0,"wins":0,"draws":0,"losses":0,"trades":0,"profit_factor":0.0},{"date":"26/08/2025","date_ts":1756166400000,"profit_abs":0.0,"wins":0,"draws":0,"losses":0,"trades":0,"profit_factor":0.0},{"date":"27/08/2025","date_ts":1756252800000,"profit_abs":0.0,"wins":0,"draws":0,"losses":0,"trades":0,"profit_factor":0.0},{"date":"28/08/2025","date_ts":1756339200000,"profit_abs":0.0,"wins":0,"draws":0,"losses":0,"trades":0,"profit_factor":0.0},{"date":"29/08/2025","date_ts":1756425600000,"profit_abs":0.0,"wins":0,"draws":0,"losses":0,"trades":0,"profit_factor":0.0},{"date":"30/08/2025","date_ts":1756512000000,"profit_abs":0.0,"wins":0,"draws":0,"losses":0,"trades":0,"profit_factor":0.0},{"date":"31/08/2025","date_ts":1756598400000,"profit_abs":0.0,"wins":0,"draws":0,"losses":0,"trades":0,"profit_factor":0.0},{"date":"01/09/2025","date_ts":1756684800000,"profit_abs":0.0,"wins":0,"draws":0,"losses":0,"trades":0,"profit_factor":0.0},{"date":"02/09/2025","date_ts":1756771200000,"profit_abs":0.0,"wins":0,"draws":0,"losses":0,"trades":0,"profit_factor":0.0},{"date":"03/09/2025","date_ts":1756857600000,"profit_abs":0.0,"wins":0,"draws":0,"losses":0,"trades":0,"profit_factor":0.0},{"date":"04/09/2025","date_ts":1756944000000,"profit_abs":0.0,"wins":0,"draws":0,"losses":0,"trades":0,"profit_factor":0.0},{"date":"05/09/2025","date_ts":1757030400000,"profit_abs":0.0,"wins":0,"draws":0,"losses":0,"trades":0,"profit_factor":0.0},{"date":"06/09/2025","date_ts":1757116800000,"profit_abs":0.0,"wins":0,"draws":0,"losses":0,"trades":0,"profit_factor":0.0},{"date":"07/09/2025","date_ts":1757203200000,"profit_abs":0.0,"wins":0,"draws":0,"losses":0,"trades":0,"profit_factor":0.0},{"date":"08/09/2025","date_ts":1757289600000,"profit_abs":0.0,"wins":0,"draws":0,"losses":0,"trades":0,"profit_factor":0.0},{"date":"09/09/2025","date_ts":1757376000000,"profit_abs":0.0,"wins":0,"draws":0,"losses":0,"trades":0,"profit_factor":0.0},{"date":"10/09/2025","date_ts":1757462400000,"profit_abs":0.0,"wins":0,"draws":0,"losses":0,"trades":0,"profit_factor":0.0},{"date":"11/09/2025","date_ts":1757548800000,"profit_abs":0.0,"wins":0,"draws":0,"losses":0,"trades":0,"profit_factor":0.0},{"date":"12/09/2025","date_ts":1757635200000,"profit_abs":0.0,"wins":0,"draws":0,"losses":0,"trades":0,"profit_factor":0.0},{"date":"13/09/2025","date_ts":1757721600000,"profit_abs":0.0,"wins":0,"draws":0,"losses":0,"trades":0,"profit_factor":0.0},{"date":"14/09/2025","date_ts":1757808000000,"profit_abs":0.0,"wins":0,"draws":0,"losses":0,"trades":0,"profit_factor":0.0},{"date":"15/09/2025","date_ts":1757894400000,"profit_abs":0.0,"wins":0,"draws":0,"losses":0,"trades":0,"profit_factor":0.0},{"date":"16/09/2025","date_ts":1757980800000,"profit_abs":0.0,"wins":0,"draws":0,"losses":0,"trades":0,"profit_factor":0.0},{"date":"17/09/2025","date_ts":1758067200000,"profit_abs":-0.7085127,"wins":0,"draws":0,"losses":1,"trades":1,"profit_factor":0.0},{"date":"18/09/2025","date_ts":1758153600000,"profit_abs":0.0,"wins":0,"draws":0,"losses":0,"trades":0,"profit_factor":0.0},{"date":"19/09/2025","date_ts":1758240000000,"profit_abs":0.0,"wins":0,"draws":0,"losses":0,"trades":0,"profit_factor":0.0},{"date":"20/09/2025","date_ts":1758326400000,"profit_abs":0.0,"wins":0,"draws":0,"losses":0,"trades":0,"profit_factor":0.0},{"date":"21/09/2025","date_ts":1758412800000,"profit_abs":0.0,"wins":0,"draws":0,"losses":0,"trades":0,"profit_factor":0.0},{"date":"22/09/2025","date_ts":1758499200000,"profit_abs":0.0,"wins":0,"draws":0,"losses":0,"trades":0,"profit_factor":0.0},{"date":"23/09/2025","date_ts":1758585600000,"profit_abs":0.0,"wins":0,"draws":0,"losses":0,"trades":0,"profit_factor":0.0},{"date":"24/09/2025","date_ts":1758672000000,"profit_abs":0.0,"wins":0,"draws":0,"losses":0,"trades":0,"profit_factor":0.0},{"date":"25/09/2025","date_ts":1758758400000,"profit_abs":0.0,"wins":0,"draws":0,"losses":0,"trades":0,"profit_factor":0.0},{"date":"26/09/2025","date_ts":1758844800000,"profit_abs":0.0,"wins":0,"draws":0,"losses":0,"trades":0,"profit_factor":0.0},{"date":"27/09/2025","date_ts":1758931200000,"profit_abs":0.0,"wins":0,"draws":0,"losses":0,"trades":0,"profit_factor":0.0},{"date":"28/09/2025","date_ts":1759017600000,"profit_abs":0.0,"wins":0,"draws":0,"losses":0,"trades":0,"profit_factor":0.0},{"date":"29/09/2025","date_ts":1759104000000,"profit_abs":0.0,"wins":0,"draws":0,"losses":0,"trades":0,"profit_factor":0.0},{"date":"30/09/2025","date_ts":1759190400000,"profit_abs":0.0,"wins":0,"draws":0,"losses":0,"trades":0,"profit_factor":0.0},{"date":"01/10/2025","date_ts":1759276800000,"profit_abs":0.0,"wins":0,"draws":0,"losses":0,"trades":0,"profit_factor":0.0},{"date":"02/10/2025","date_ts":1759363200000,"profit_abs":0.0,"wins":0,"draws":0,"losses":0,"trades":0,"profit_factor":0.0},{"date":"03/10/2025","date_ts":1759449600000,"profit_abs":0.0,"wins":0,"draws":0,"losses":0,"trades":0,"profit_factor":0.0},{"date":"04/10/2025","date_ts":1759536000000,"profit_abs":0.0,"wins":0,"draws":0,"losses":0,"trades":0,"profit_factor":0.0},{"date":"05/10/2025","date_ts":1759622400000,"profit_abs":0.0,"wins":0,"draws":0,"losses":0,"trades":0,"profit_factor":0.0},{"date":"06/10/2025","date_ts":1759708800000,"profit_abs":-0.291207,"wins":0,"draws":0,"losses":1,"trades":1,"profit_factor":0.0},{"date":"07/10/2025","date_ts":1759795200000,"profit_abs":0.0,"wins":0,"draws":0,"losses":0,"trades":0,"profit_factor":0.0},{"date":"08/10/2025","date_ts":1759881600000,"profit_abs":0.0,"wins":0,"draws":0,"losses":0,"trades":0,"profit_factor":0.0},{"date":"09/10/2025","date_ts":1759968000000,"profit_abs":0.0,"wins":0,"draws":0,"losses":0,"trades":0,"profit_factor":0.0},{"date":"10/10/2025","date_ts":1760054400000,"profit_abs":0.0,"wins":0,"draws":0,"losses":0,"trades":0,"profit_factor":0.0},{"date":"11/10/2025","date_ts":1760140800000,"profit_abs":0.0,"wins":0,"draws":0,"losses":0,"trades":0,"profit_factor":0.0},{"date":"12/10/2025","date_ts":1760227200000,"profit_abs":1.24382265,"wins":1,"draws":0,"losses":0,"trades":1,"profit_factor":0.0},{"date":"13/10/2025","date_ts":1760313600000,"profit_abs":-0.5467101,"wins":0,"draws":0,"losses":2,"trades":2,"profit_factor":0.0}],"week":[{"date":"06/01/2025","date_ts":1736121600000,"profit_abs":0.1784928,"wins":1,"draws":0,"losses":0,"trades":1,"profit_factor":0.0},{"date":"13/01/2025","date_ts":1736726400000,"profit_abs":-0.7708664,"wins":0,"draws":0,"losses":1,"trades":1,"profit_factor":0.0},{"date":"20/01/2025","date_ts":1737331200000,"profit_abs":0.0,"wins":0,"draws":0,"losses":0,"trades":0,"profit_factor":0.0},{"date":"27/01/2025","date_ts":1737936000000,"profit_abs":0.84230049,"wins":1,"draws":0,"losses":0,"trades":1,"profit_factor":0.0},{"date":"03/02/2025","date_ts":1738540800000,"profit_abs":0.0,"wins":0,"draws":0,"losses":0,"trades":0,"profit_factor":0.0},{"date":"10/02/2025","date_ts":1739145600000,"profit_abs":-0.2687218,"wins":0,"draws":0,"losses":1,"trades":1,"profit_factor":0.0},{"date":"17/02/2025","date_ts":1739750400000,"profit_abs":-0.2578662,"wins":0,"draws":0,"losses":1,"trades":1,"profit_factor":0.0},{"date":"24/02/2025","date_ts":1740355200000,"profit_abs":0.0,"wins":0,"draws":0,"losses":0,"trades":0,"profit_factor":0.0},{"date":"03/03/2025","date_ts":1740960000000,"profit_abs":1.54392103,"wins":2,"draws":0,"losses":0,"trades":2,"profit_factor":0.0},{"date":"10/03/2025","date_ts":1741564800000,"profit_abs":-0.8539754,"wins":0,"draws":0,"losses":1,"trades":1,"profit_factor":0.0},{"date":"17/03/2025","date_ts":1742169600000,"profit_abs":0.0,"wins":0,"draws":0,"losses":0,"trades":0,"profit_factor":0.0},{"date":"24/03/2025","date_ts":1742774400000,"profit_abs":0.0,"wins":0,"draws":0,"losses":0,"trades":0,"profit_factor":0.0},{"date":"31/03/2025","date_ts":1743379200000,"profit_abs":0.0,"wins":0,"draws":0,"losses":0,"trades":0,"profit_factor":0.0},{"date":"07/04/2025","date_ts":1743984000000,"profit_abs":0.0,"wins":0,"draws":0,"losses":0,"trades":0,"profit_factor":0.0},{"date":"14/04/2025","date_ts":1744588800000,"profit_abs":-0.18330765,"wins":0,"draws":0,"losses":1,"trades":1,"profit_factor":0.0},{"date":"21/04/2025","date_ts":1745193600000,"profit_abs":-0.15855065,"wins":0,"draws":0,"losses":1,"trades":1,"profit_factor":0.0},{"date":"28/04/2025","date_ts":1745798400000,"profit_abs":0.0,"wins":0,"draws":0,"losses":0,"trades":0,"profit_factor":0.0},{"date":"05/05/2025","date_ts":1746403200000,"profit_abs":0.0,"wins":0,"draws":0,"losses":0,"trades":0,"profit_factor":0.0},{"date":"12/05/2025","date_ts":1747008000000,"profit_abs":0.0305769,"wins":1,"draws":0,"losses":0,"trades":1,"profit_factor":0.0},{"date":"19/05/2025","date_ts":1747612800000,"profit_abs":0.2053982,"wins":1,"draws":0,"losses":0,"trades":1,"profit_factor":0.0},{"date":"26/05/2025","date_ts":1748217600000,"profit_abs":0.0,"wins":0,"draws":0,"losses":0,"trades":0,"profit_factor":0.0},{"date":"02/06/2025","date_ts":1748822400000,"profit_abs":0.0,"wins":0,"draws":0,"losses":0,"trades":0,"profit_factor":0.0},{"date":"09/06/2025","date_ts":1749427200000,"profit_abs":0.0,"wins":0,"draws":0,"losses":0,"trades":0,"profit_factor":0.0},{"date":"16/06/2025","date_ts":1750032000000,"profit_abs":-0.82986195,"wins":0,"draws":0,"losses":2,"trades":2,"profit_factor":0.0},{"date":"23/06/2025","date_ts":1750636800000,"profit_abs":0.0,"wins":0,"draws":0,"losses":0,"trades":0,"profit_factor":0.0},{"date":"30/06/2025","date_ts":1751241600000,"profit_abs":0.22421895,"wins":1,"draws":0,"losses":0,"trades":1,"profit_factor":0.0},{"date":"07/07/2025","date_ts":1751846400000,"profit_abs":-0.086164,"wins":0,"draws":0,"losses":1,"trades":1,"profit_factor":0.0},{"date":"14/07/2025","date_ts":1752451200000,"profit_abs":-0.16606945,"wins":0,"draws":0,"losses":1,"trades":1,"profit_factor":0.0},{"date":"21/07/2025","date_ts":1753056000000,"profit_abs":0.0,"wins":0,"draws":0,"losses":0,"trades":0,"profit_factor":0.0},{"date":"28/07/2025","date_ts":1753660800000,"profit_abs":0.0,"wins":0,"draws":0,"losses":0,"trades":0,"profit_factor":0.0},{"date":"04/08/2025","date_ts":1754265600000,"profit_abs":0.0,"wins":0,"draws":0,"losses":0,"trades":0,"profit_factor":0.0},{"date":"11/08/2025","date_ts":1754870400000,"profit_abs":-0.71056755,"wins":0,"draws":0,"losses":2,"trades":2,"profit_factor":0.0},{"date":"18/08/2025","date_ts":1755475200000,"profit_abs":0.0,"wins":0,"draws":0,"losses":0,"trades":0,"profit_factor":0.0},{"date":"25/08/2025","date_ts":1756080000000,"profit_abs":-0.1851072,"wins":0,"draws":0,"losses":1,"trades":1,"profit_factor":0.0},{"date":"01/09/2025","date_ts":1756684800000,"profit_abs":0.0,"wins":0,"draws":0,"losses":0,"trades":0,"profit_factor":0.0},{"date":"08/09/2025","date_ts":1757289600000,"profit_abs":0.0,"wins":0,"draws":0,"losses":0,"trades":0,"profit_factor":0.0},{"date":"15/09/2025","date_ts":1757894400000,"profit_abs":0.0,"wins":0,"draws":0,"losses":0,"trades":0,"profit_factor":0.0},{"date":"22/09/2025","date_ts":1758499200000,"profit_abs":-0.7085127,"wins":0,"draws":0,"losses":1,"trades":1,"profit_factor":0.0},{"date":"29/09/2025","date_ts":1759104000000,"profit_abs":0.0,"wins":0,"draws":0,"losses":0,"trades":0,"profit_factor":0.0},{"date":"06/10/2025","date_ts":1759708800000,"profit_abs":-0.291207,"wins":0,"draws":0,"losses":1,"trades":1,"profit_factor":0.0},{"date":"13/10/2025","date_ts":1760313600000,"profit_abs":0.69711255,"wins":1,"draws":0,"losses":2,"trades":3,"profit_factor":2.27510458}],"month":[{"date":"31/01/2025","date_ts":1738281600000,"profit_abs":0.24992689,"wins":2,"draws":0,"losses":1,"trades":3,"profit_factor":1.32421557},{"date":"28/02/2025","date_ts":1740700800000,"profit_abs":-0.4536592,"wins":1,"draws":0,"losses":2,"trades":3,"profit_factor":0.13849309},{"date":"31/03/2025","date_ts":1743379200000,"profit_abs":0.61701683,"wins":1,"draws":0,"losses":1,"trades":2,"profit_factor":1.72252296},{"date":"30/04/2025","date_ts":1745971200000,"profit_abs":-0.3418583,"wins":0,"draws":0,"losses":2,"trades":2,"profit_factor":0.0},{"date":"31/05/2025","date_ts":1748649600000,"profit_abs":0.2359751,"wins":2,"draws":0,"losses":0,"trades":2,"profit_factor":0.0},{"date":"30/06/2025","date_ts":1751241600000,"profit_abs":-0.605643,"wins":1,"draws":0,"losses":2,"trades":3,"profit_factor":0.27018825},{"date":"31/07/2025","date_ts":1753920000000,"profit_abs":-0.25223345,"wins":0,"draws":0,"losses":2,"trades":2,"profit_factor":0.0},{"date":"31/08/2025","date_ts":1756598400000,"profit_abs":-0.89567475,"wins":0,"draws":0,"losses":3,"trades":3,"profit_factor":0.0},{"date":"30/09/2025","date_ts":1759190400000,"profit_abs":-0.7085127,"wins":0,"draws":0,"losses":1,"trades":1,"profit_factor":0.0},{"date":"31/10/2025","date_ts":1761868800000,"profit_abs":0.40590555,"wins":1,"draws":0,"losses":3,"trades":4,"profit_factor":1.48442209}],"year":[{"date":"31/12/2025","date_ts":1767139200000,"profit_abs":-1.74875703,"wins":8,"draws":0,"losses":17,"trades":25,"profit_factor":0.70938754}],"weekday":[{"date":"Monday","date_ts":0,"profit_abs":-1.33716605,"wins":0,"draws":0,"losses":5,"trades":5,"profit_factor":0.0},{"date":"Tuesday","date_ts":1,"profit_abs":-1.1226972,"wins":0,"draws":0,"losses":2,"trades":2,"profit_factor":0.0},{"date":"Wednesday","date_ts":2,"profit_abs":-1.51640191,"wins":1,"draws":0,"losses":5,"trades":6,"profit_factor":0.35710333},{"date":"Thursday","date_ts":3,"profit_abs":0.47564055,"wins":3,"draws":0,"losses":0,"trades":3,"profit_factor":0.0},{"date":"Friday","date_ts":4,"profit_abs":-0.84774575,"wins":0,"draws":0,"losses":3,"trades":3,"profit_factor":0.0},{"date":"Sunday","date_ts":6,"profit_abs":2.59961333,"wins":4,"draws":0,"losses":2,"trades":6,"profit_factor":8.40258024}]},"backtest_best_day":0.01702145487671184,"backtest_worst_day":-0.010093964019606796,"backtest_best_day_abs":1.47099223,"backtest_worst_day_abs":-0.8539754,"winning_days":8,"draw_days":261,"losing_days":16,"daily_profit":[["2025-01-02",0.1784928],["2025-01-03",0.0],["2025-01-04",0.0],["2025-01-05",0.0],["2025-01-06",0.0],["2025-01-07",0.0],["2025-01-08",-0.7708664],["2025-01-09",0.0],["2025-01-10",0.0],["2025-01-11",0.0],["2025-01-12",0.0],["2025-01-13",0.0],["2025-01-14",0.0],["2025-01-15",0.0],["2025-01-16",0.0],["2025-01-17",0.0],["2025-01-18",0.0],["2025-01-19",0.0],["2025-01-20",0.0],["2025-01-21",0.0],["2025-01-22",0.84230049],["2025-01-23",0.0],["2025-01-24",0.0],["2025-01-25",0.0],["2025-01-26",0.0],["2025-01-27",0.0],["2025-01-28",0.0],["2025-01-29",0.0],["2025-01-30",0.0],["2025-01-31",0.0],["2025-02-01",0.0],["2025-02-02",0.0],["2025-02-03",0.0],["2025-02-04",-0.2687218],["2025-02-05",0.0],["2025-02-06",0.0],["2025-02-07",0.0],["2025-02-08",0.0],["2025-02-09",0.0],["2025-02-10",0.0],["2025-02-11",0.0],["2025-02-12",0.0],["2025-02-13",0.0],["2025-02-14",0.0],["2025-02-15",0.0],["2025-02-16",0.0],["2025-02-17",-0.2578662],["2025-02-18",0.0],["2025-02-19",0.0],["2025-02-20",0.0],["2025-02-21",0.0],["2025-02-22",0.0],["2025-02-23",0.0],["2025-02-24",0.0],["2025-02-25",0.0],["2025-02-26",0.0],["2025-02-27",0.0729288],["2025-02-28",0.0],["2025-03-01",0.0],["2025-03-02",1.47099223],["2025-03-03",0.0],["2025-03-04",-0.8539754],["2025-03-05",0.0],["2025-03-06",0.0],["2025-03-07",0.0],["2025-03-08",0.0],["2025-03-09",0.0],["2025-03-10",0.0],["2025-03-11",0.0],["2025-03-12",0.0],["2025-03-13",0.0],["2025-03-14",0.0],["2025-03-15",0.0],["2025-03-16",0.0],["2025-03-17",0.0],["2025-03-18",0.0],["2025-03-19",0.0],["2025-03-20",0.0],["2025-03-21",0.0],["2025-03-22",0.0],["2025-03-23",0.0],["2025-03-24",0.0],["2025-03-25",0.0],["2025-03-26",0.0],["2025-03-27",0.0],["2025-03-28",0.0],["2025-03-29",0.0],["2025-03-30",0.0],["2025-03-31",0.0],["2025-04-01",0.0],["2025-04-02",0.0],["2025-04-03",0.0],["2025-04-04",0.0],["2025-04-05",0.0],["2025-04-06",0.0],["2025-04-07",0.0],["2025-04-08",0.0],["2025-04-09",-0.18330765],["2025-04-10",0.0],["2025-04-11",0.0],["2025-04-12",0.0],["2025-04-13",0.0],["2025-04-14",0.0],["2025-04-15",0.0],["2025-04-16",-0.15855065],["2025-04-17",0.0],["2025-04-18",0.0],["2025-04-19",0.0],["2025-04-20",0.0],["2025-04-21",0.0],["2025-04-22",0.0],["2025-04-23",0.0],["2025-04-24",0.0],["2025-04-25",0.0],["2025-04-26",0.0],["2025-04-27",0.0],["2025-04-28",0.0],["2025-04-29",0.0],["2025-04-30",0.0],["2025-05-01",0.0],["2025-05-02",0.0],["2025-05-03",0.0],["2025-05-04",0.0],["2025-05-05",0.0],["2025-05-06",0.0],["2025-05-07",0.0],["2025-05-08",0.0],["2025-05-09",0.0],["2025-05-10",0.0],["2025-05-11",0.0305769],["2025-05-12",0.0],["2025-05-13",0.0],["2025-05-14",0.0],["2025-05-15",0.0],["2025-05-16",0.0],["2025-05-17",0.0],["2025-05-18",0.2053982],["2025-05-19",0.0],["2025-05-20",0.0],["2025-05-21",0.0],["2025-05-22",0.0],["2025-05-23",0.0],["2025-05-24",0.0],["2025-05-25",0.0],["2025-05-26",0.0],["2025-05-27",0.0],["2025-05-28",0.0],["2025-05-29",0.0],["2025-05-30",0.0],["2025-05-31",0.0],["2025-06-01",0.0],["2025-06-02",0.0],["2025-06-03",0.0],["2025-06-04",0.0],["2025-06-05",0.0],["2025-06-06",0.0],["2025-06-07",0.0],["2025-06-08",0.0],["2025-06-09",0.0],["2025-06-10",0.0],["2025-06-11",-0.537465],["2025-06-12",0.0],["2025-06-13",-0.29239695],["2025-06-14",0.0],["2025-06-15",0.0],["2025-06-16",0.0],["2025-06-17",0.0],["2025-06-18",0.0],["2025-06-19",0.0],["2025-06-20",0.0],["2025-06-21",0.0],["2025-06-22",0.0],["2025-06-23",0.0],["2025-06-24",0.0],["2025-06-25",0.0],["2025-06-26",0.22421895],["2025-06-27",0.0],["2025-06-28",0.0],["2025-06-29",0.0],["2025-06-30",0.0],["2025-07-01",0.0],["2025-07-02",0.0],["2025-07-03",0.0],["2025-07-04",-0.086164],["2025-07-05",0.0],["2025-07-06",0.0],["2025-07-07",0.0],["2025-07-08",0.0],["2025-07-09",0.0],["2025-07-10",0.0],["2025-07-11",0.0],["2025-07-12",0.0],["2025-07-13",-0.16606945],["2025-07-14",0.0],["2025-07-15",0.0],["2025-07-16",0.0],["2025-07-17",0.0],["2025-07-18",0.0],["2025-07-19",0.0],["2025-07-20",0.0],["2025-07-21",0.0],["2025-07-22",0.0],["2025-07-23",0.0],["2025-07-24",0.0],["2025-07-25",0.0],["2025-07-26",0.0],["2025-07-27",0.0],["2025-07-28",0.0],["2025-07-29",0.0],["2025-07-30",0.0],["2025-07-31",0.0],["2025-08-01",0.0],["2025-08-02",0.0],["2025-08-03",0.0],["2025-08-04",0.0],["2025-08-05",0.0],["2025-08-06",0.0],["2025-08-07",0.0],["2025-08-08",-0.4691848],["2025-08-09",0.0],["2025-08-10",0.0],["2025-08-11",-0.24138275],["2025-08-12",0.0],["2025-08-13",0.0],["2025-08-14",0.0],["2025-08-15",0.0],["2025-08-16",0.0],["2025-08-17",0.0],["2025-08-18",0.0],["2025-08-19",0.0],["2025-08-20",0.0],["2025-08-21",0.0],["2025-08-22",0.0],["2025-08-23",0.0],["2025-08-24",-0.1851072],["2025-08-25",0.0],["2025-08-26",0.0],["2025-08-27",0.0],["2025-08-28",0.0],["2025-08-29",0.0],["2025-08-30",0.0],["2025-08-31",0.0],["2025-09-01",0.0],["2025-09-02",0.0],["2025-09-03",0.0],["2025-09-04",0.0],["2025-09-05",0.0],["2025-09-06",0.0],["2025-09-07",0.0],["2025-09-08",0.0],["2025-09-09",0.0],["2025-09-10",0.0],["2025-09-11",0.0],["2025-09-12",0.0],["2025-09-13",0.0],["2025-09-14",0.0],["2025-09-15",0.0],["2025-09-16",0.0],["2025-09-17",-0.7085127],["2025-09-18",0.0],["2025-09-19",0.0],["2025-09-20",0.0],["2025-09-21",0.0],["2025-09-22",0.0],["2025-09-23",0.0],["2025-09-24",0.0],["2025-09-25",0.0],["2025-09-26",0.0],["2025-09-27",0.0],["2025-09-28",0.0],["2025-09-29",0.0],["2025-09-30",0.0],["2025-10-01",0.0],["2025-10-02",0.0],["2025-10-03",0.0],["2025-10-04",0.0],["2025-10-05",0.0],["2025-10-06",-0.291207],["2025-10-07",0.0],["2025-10-08",0.0],["2025-10-09",0.0],["2025-10-10",0.0],["2025-10-11",0.0],["2025-10-12",1.24382265],["2025-10-13",-0.5467101]],"wins":8,"losses":17,"draws":0,"winrate":0.32,"holding_avg":"0:16:00","holding_avg_s":960.0,"winner_holding_min":"0d 00:05","winner_holding_min_s":300.0,"winner_holding_max":"0d 01:05","winner_holding_max_s":3900.0,"winner_holding_avg":"0d 00:20","winner_holding_avg_s":1200.0,"loser_holding_min":"0d 00:05","loser_holding_min_s":300.0,"loser_holding_max":"0d 01:00","loser_holding_max_s":3600.0,"loser_holding_avg":"0d 00:14","loser_holding_avg_s":840.0,"max_consecutive_wins":2,"max_consecutive_losses":7,"max_drawdown_account":0.003708429955351492,"max_relative_drawdown":0.003708429955351492,"max_drawdown_abs":3.7131295,"drawdown_start":"2025-03-02 15:35:00","drawdown_start_ts":1740929700000.0,"drawdown_end":"2025-10-06 09:35:00","drawdown_end_ts":1759743300000.0,"drawdown_duration":"217 days 18:00:00","drawdown_duration_s":18813600.0,"max_drawdown_low":-2.44586958,"max_drawdown_high":1.26725992,"csum_min":997.55413042,"csum_max":1001.26725992}},"strategy_comparison":[{"key":"AggressiveScalpStrategy","trades":25,"profit_mean":-0.000652237002858129,"profit_mean_pct":-0.07,"profit_total_abs":-1.7487570299999995,"profit_total":-0.0017487570299999995,"profit_total_pct":-0.17,"duration_avg":"0:16:00","wins":8,"draws":0,"losses":17,"winrate":0.32,"cagr":-0.0021854682423180227,"expectancy":-0.06995028120000002,"expectancy_ratio":-0.19761647559898343,"sortino":-0.48936421181139844,"sharpe":-0.20906479240964276,"calmar":-3.085339602339388,"sqn":-0.6262,"profit_factor":0.7093875358838478,"max_drawdown_account":0.003708429955351492,"max_drawdown_abs":"3.713"}]}